relative_path,category,bytes,sha256
01_model/base_v1.py,01_model,30348,AB78E6C64AFB6FD487E40A48FBBCD1B09A84EE3FBC9085530F8833DE3543D7EC
01_model/model_v2.py,01_model,29937,83BCD501B5A22C59832CC5441FFDF1054361E46C75E1BEE39F70E8E8CA0FC8DF
02_experiment_code/run_v2_experiment.py,02_experiment_code,10477,6BCACC8128B7CA5DF4E0DD140FCD2F4507B0F1AF34D089425CBA2AB9A7CACA56
03_data/case_700024_parameters.json,03_data,2337,FD26F44D04A75CE1A2CB6454D3F1AF5F96EDDBDBF06F02A2A37B9212BD9E1B2A
03_data/parameter_crosswalk_v1_v2.csv,03_data,3298,87AD4FAF166B504E5F1C4430746E78D0D482908E95520340927D55C69043B402
03_data/README.md,03_data,2122,57F9913AAD6576887DD3D41B4118260AED0E876D40A609C692D0CA446FB1BC64
03_data/source_metadata.json,03_data,1769,F58559FABB3722C90247A7C97FB153E5EBB7390C6C49336E459CF3FEE6F9CEC2
03_data/uk_petition_response_delays_222.csv,03_data,5704,F88BE53E79989B755106C406C5311E41559930AEB58BBFC8A2A56BCB319692BC
04_tests/test_model_v2.py,04_tests,14861,058B99CABF374707A80590B7A20E23A84F480A41FCA16371346CEF4B9FB024AC
05_documents/DATA_DICTIONARY_V2.md,05_documents,24361,41C1A713B2A9C06EEB09FD174B5A336E5EF8D510BAEA36DB0BD42B8D3249DD23
05_documents/MODEL_CARD_V2.md,05_documents,15269,39236B67299F426D4349F735E104D3759F8968FB713B95CF0D5F673A85A8164D
05_outputs/README.md,05_outputs,1010,1C5990986D5A4C13FCF9FCD52D29F4083034DAEFE8714F2A9BEDCD166724193D
05_outputs/smoke/v2_event_log.csv,05_outputs,12386,4D2D00994B4479E674B90F9514E18E4F738219E7D407A0E98369AE97A39E95FA
05_outputs/smoke/v2_run_manifest.json,05_outputs,1186,439B7EB3298C4AC534133869547065708DC9E8593E129500D527B8299DF7043C
05_outputs/smoke/v2_run_summaries.csv,05_outputs,11992,5D96307644FD74BFF6E24D6F5048B487879CDA994D2153C10B754AFBF7B3171A
06_reproducibility/build_v2_manifest.py,06_reproducibility,1659,D753580C834A7F1BF56EB2662284FFD47A42DDC60D8729DDD65A20C86E1782A9
06_reproducibility/release_qa_v2.json,06_reproducibility,1644,89B49103A41A80BE0DD1F910B9B08DF2DC5AC050C2516298A2B563FBC29BA91A
06_reproducibility/validate_v2.py,06_reproducibility,11952,C29911385AB1A4754FA58B773D149285054C95AF9D587FAC63074FC279994803
CHANGELOG_FROM_V1.md,root,8432,6F36D2198EE9C3AC56E49F7B53BA3E2C96DE3925C879C7A02EE9E1E95FD59E19
README.md,root,11671,8B186A3E26ED0AE9D77CE6EDB4E1FC2474BFBC61E9EB65BD37A90D4F9E4451E2
VERSION.json,root,389,FF51F2933496A0DC185C80A05348D68C15463BC45FD1F3EB06577B2A7DF252A9
