bin,hours_since_first_observed,mean_share_of_24h_feedback,ci_low,ci_high,empirical_cumulative_share,lambda_095_share_normalized_to_24h,lambda_095_cumulative_share,n_articles
1,0.3333333333333333,0.3584905942744883,0.3546839510723795,0.3622972374765971,0.3584905942744883,0.0512764913652131,0.0512764913652131,27244
2,0.6666666666666666,0.028062164490273,0.0270839498309386,0.0290403791496073,0.3865527587647613,0.04871266679695244,0.09998915816216555,27244
3,1.0,0.0236673886043311,0.022849964789663,0.0244848124189992,0.4102201473690924,0.04627703345710482,0.14626619161927037,27244
4,1.3333333333333333,0.0198114233738603,0.0191036277078581,0.0205192190398624,0.43003157074295273,0.04396318178424958,0.19022937340351995,27244
5,1.6666666666666667,0.0183234721749931,0.0176365797155429,0.0190103646344434,0.4483550429179458,0.0417650226950371,0.23199439609855704,27244
6,2.0,0.0164923931298768,0.0158659793876246,0.0171188068721289,0.46484743604782264,0.03967677156028524,0.2716711676588423,27244
7,2.333333333333333,0.0150619761849564,0.0144606756729331,0.0156632766969798,0.47990941223277905,0.03769293298227097,0.3093641006411133,27244
8,2.6666666666666665,0.0147612894429792,0.0141469675227206,0.0153756113632378,0.4946707016757583,0.03580828633315742,0.3451723869742707,27244
9,3.0,0.0135902001836596,0.0130165062311248,0.0141638941361944,0.5082609018594179,0.03401787201649955,0.37919025899077025,27244
10,3.333333333333333,0.0129388561359556,0.0124083559261885,0.0134693563457227,0.5211997579953734,0.03231697841567457,0.4115072374064448,27244
11,3.6666666666666665,0.0119902357954549,0.0114826558508677,0.012497815740042,0.5331899937908283,0.030701129494890848,0.44220836690133564,27244
12,4.0,0.0116058178633242,0.0110877872804101,0.0121238484462384,0.5447958116541525,0.0291660730201463,0.4713744399214819,27244
13,4.333333333333333,0.0113838426421496,0.0108540743456401,0.0119136109386591,0.5561796542963021,0.02770776936913898,0.4990822092906209,27244
14,4.666666666666667,0.0110555328927734,0.010508200762999,0.0116028650225478,0.5672351871890755,0.026322380900682032,0.5254045901913029,27244
15,5.0,0.0107697242363259,0.0102274667009617,0.01131198177169,0.5780049114254014,0.02500626185564793,0.5504108520469508,27244
16,5.333333333333333,0.0103163082231435,0.0098057989295461,0.010826817516741,0.588321219648545,0.02375594876286553,0.5741668008098164,27244
17,5.666666666666667,0.0102642379250641,0.0097664131016035,0.0107620627485246,0.5985854575736091,0.022568151324722254,0.5967349521345386,27244
18,6.0,0.0105313387856255,0.0099700229571577,0.0110926546140933,0.6091167963592347,0.02143974375848614,0.6181746958930248,27244
19,6.333333333333333,0.0098417246138901,0.0092953618746816,0.0103880873530987,0.6189585209731248,0.020367756570561835,0.6385424524635865,27244
20,6.666666666666667,0.009902278342704,0.009359384805163,0.010445171880245,0.6288607993158287,0.01934936874203374,0.6578918212056203,27244
21,7.0,0.0106829497090414,0.0101171246043477,0.0112487748137351,0.6395437490248701,0.01838190030493205,0.6762737215105523,27244
22,7.333333333333333,0.0098201199746312,0.0092741775530952,0.0103660623961671,0.6493638689995013,0.01746280528968545,0.6937365268002378,27244
23,7.666666666666667,0.0106120493112588,0.01000857840499,0.0112155202175275,0.6599759183107601,0.016589665025201174,0.710326191825439,27244
24,8.0,0.0099245674322785,0.0093720400167606,0.0104770948477965,0.6699004857430386,0.015760181773941118,0.7260863735993801,27244
25,8.333333333333334,0.0099286270607055,0.0093571577864528,0.0105000963349581,0.6798291128037441,0.01497217268524406,0.7410585462846242,27244
26,8.666666666666666,0.0099044800856457,0.0093371246509303,0.0104718355203611,0.6897335928893898,0.014223564050981857,0.7552821103356061,27244
27,9.0,0.009702321131762,0.0091619936487355,0.0102426486147886,0.6994359140211518,0.013512385848432762,0.7687944961840388,27244
28,9.333333333333334,0.0097638661075403,0.0092024720003839,0.0103252602146967,0.7091997801286921,0.012836766556011124,0.7816312627400499,27244
29,9.666666666666666,0.010118013162792,0.0095143354478539,0.01072169087773,0.7193177932914842,0.012194928228210566,0.7938261909682605,27244
30,10.0,0.0099447827383537,0.0094001348286459,0.0104894306480616,0.7292625760298379,0.011585181816800037,0.8054113727850605,27244
31,10.333333333333334,0.008259434657248,0.007768649412223,0.0087502199022731,0.7375220106870859,0.011005922725960036,0.8164172955110205,27244
32,10.666666666666666,0.0080261284734339,0.007554993296495,0.0084972636503729,0.7455481391605198,0.010455626589662034,0.8268729221006825,27244
33,11.0,0.0079489046007994,0.0074917225429391,0.0084060866586596,0.7534970437613192,0.009932845260178931,0.8368057673608614,27244
34,11.333333333333334,0.0080868293048669,0.0076058396257359,0.0085678189839979,0.7615838730661861,0.009436202997169985,0.8462419703580314,27244
35,11.666666666666666,0.0081631702198845,0.0076877939897056,0.0086385464500635,0.7697470432860707,0.008964392847311485,0.8552063632053428,27244
36,12.0,0.0076478060176572,0.0071737093324563,0.0081219027028581,0.7773948493037279,0.00851617320494591,0.8637225364102887,27244
37,12.333333333333334,0.0075665386481481,0.0071100043779555,0.0080230729183408,0.784961387951876,0.008090364544698614,0.8718129009549873,27244
38,12.666666666666666,0.007220922311368,0.0067937933009905,0.0076480513217456,0.7921823102632439,0.0076858463174636835,0.879498747272451,27244
39,13.0,0.007400506840692,0.0069912108420501,0.007809802839334,0.799582817103936,0.007301554001590499,0.8868003012740415,27244
40,13.333333333333334,0.007193191037624,0.0067678620466949,0.007618520028553,0.8067760081415599,0.006936476301510973,0.8937367775755525,27244
41,13.666666666666666,0.0075664025651993,0.0071256126772698,0.0080071924531288,0.8143424107067592,0.006589652486435424,0.9003264300619879,27244
42,14.0,0.0079077823268162,0.007431579539967,0.0083839851136654,0.8222501930335754,0.006260169862113653,0.9065865999241015,27244
43,14.333333333333334,0.0076905615663176,0.0072357337963311,0.0081453893363041,0.829940754599893,0.00594716136900797,0.9125337612931095,27244
44,14.666666666666666,0.0073118002604906,0.0068696215785016,0.0077539789424796,0.8372525548603836,0.005649803300557572,0.918183564593667,27244
45,15.0,0.0070024128043442,0.0065717711169443,0.0074330544917441,0.8442549676647279,0.005367313135529693,0.9235508777291968,27244
46,15.333333333333334,0.0076146608334097,0.0071541415592313,0.0080751801075881,0.8518696284981375,0.005098947478753207,0.9286498252079499,27244
47,15.666666666666666,0.006904113565761,0.0064619420443958,0.0073462850871262,0.8587737420638986,0.004844000104815547,0.9334938253127655,27244
48,16.0,0.0068964868931582,0.0064787973802577,0.0073141764060587,0.8656702289570568,0.00460180009957477,0.9380956254123403,27244
49,16.333333333333332,0.0067704005006593,0.0063381819818468,0.0072026190194718,0.872440629457716,0.00437171009459603,0.9424673355069363,27244
50,16.666666666666668,0.0065783114363601,0.0061321376078053,0.007024485264915,0.8790189408940762,0.004153124589866229,0.9466204600968026,27244
51,17.0,0.0054981643364894,0.0051380736875068,0.005858254985472,0.8845171052305656,0.003945468360372917,0.9505659284571755,27244
52,17.333333333333332,0.0063102440197891,0.0058876668625215,0.0067328211770566,0.8908273492503547,0.0037481949423542713,0.9543141233995297,27244
53,17.666666666666668,0.0062056941745647,0.0057651041599376,0.0066462841891918,0.8970330434249194,0.0035607851952365577,0.9578749085947662,27244
54,18.0,0.0055233781861623,0.0051502555750331,0.0058965007972915,0.9025564216110817,0.0033827459354747297,0.9612576545302409,27244
55,18.33333333333333,0.0049775172155982,0.0046278962123051,0.0053271382188913,0.90753393882668,0.003213608638700993,0.9644712631689419,27244
56,18.666666666666668,0.0052251168546702,0.0048431398951913,0.005607093814149,0.9127590556813502,0.0030529282067659432,0.9675241913757079,27244
57,19.0,0.0049420429018742,0.0045766949266188,0.0053073908771297,0.9177010985832244,0.0029002817964276454,0.9704244731721355,27244
58,19.33333333333333,0.0049459117081931,0.0045557689279803,0.005336054488406,0.9226470102914175,0.002755267706606263,0.9731797408787418,27244
59,19.666666666666668,0.0047907804296387,0.0044556447009262,0.0051259161583511,0.9274377907210561,0.00261750432127595,0.9757972452000178,27244
60,20.0,0.0046859918953411,0.0043129992723297,0.0050589845183525,0.9321237826163973,0.0024866291052121525,0.9782838743052299,27244
61,20.33333333333333,0.0052586607030582,0.0048499677054835,0.0056673537006329,0.9373824433194555,0.0023622976499515446,0.9806461719551814,27244
62,20.666666666666668,0.0045204229959902,0.0041900187369908,0.0048508272549896,0.9419028663154457,0.0022441827674539675,0.9828903547226354,27244
63,21.0,0.0055501597268432,0.0051284680551331,0.0059718513985532,0.947453026042289,0.002131973629081269,0.9850223283517167,27244
64,21.33333333333333,0.0048955531160897,0.0045141904320281,0.0052769158001513,0.9523485791583787,0.0020253749476272054,0.9870477032993439,27244
65,21.666666666666668,0.0049947630309285,0.0046025784304459,0.005386947631411,0.9573433421893072,0.0019241062002458447,0.9889718094995897,27244
66,22.0,0.004756491657646,0.0043983918822812,0.0051145914330108,0.9620998338469532,0.0018279008902335526,0.9907997103898233,27244
67,22.33333333333333,0.0052531017653865,0.0048496038861822,0.0056565996445908,0.9673529356123397,0.0017365058457218749,0.9925362162355451,27244
68,22.666666666666668,0.0056486420415923,0.005221958778109,0.0060753253050756,0.973001577653932,0.0016496805534357809,0.9941858967889808,27244
69,23.0,0.0056319396607798,0.005188781946863,0.0060750973746965,0.9786335173147118,0.0015671965257639919,0.9957530933147448,27244
70,23.33333333333333,0.0068354464064668,0.0063641504859078,0.0073067423270258,0.9854689637211786,0.0014888366994757923,0.9972419300142206,27244
71,23.666666666666668,0.0062177518900571,0.0057623407680215,0.0066731630120927,0.9916867156112358,0.0014143948645020026,0.9986563248787226,27244
72,24.0,0.0083132843887604,0.0077891970600712,0.0088373717174496,0.9999999999999962,0.0013436751212769025,0.9999999999999994,27244
