month,issue,ipsos_code,mention_percent,n,source_url,source_sha256,google_query,digital_value,digital_status,semantic_limit
2018-01,economy,Eco,17,1010,https://www.ipsos.com/en-uk/issues-index-2018-onwards,8ebf748c0595e4791af6fbc6ce79dd21a24d08c593c4580c9d7fee81dd50b4ca,economy,,not_acquired_http_429,General economic problems is broader than the English term economy.
2018-01,health,NHS,55,1010,https://www.ipsos.com/en-uk/issues-index-2018-onwards,8ebf748c0595e4791af6fbc6ce79dd21a24d08c593c4580c9d7fee81dd50b4ca,NHS,,not_acquired_http_429,NHS/hospitals/healthcare includes services beyond literal NHS searches; practical service lookup may dominate search.
2018-01,immigration,Imm,20,1010,https://www.ipsos.com/en-uk/issues-index-2018-onwards,8ebf748c0595e4791af6fbc6ce79dd21a24d08c593c4580c9d7fee81dd50b4ca,immigration,,not_acquired_http_429,Survey category includes immigration/immigrants; asylum or service searches require separate mapping review.
2018-01,crime,Cri,14,1010,https://www.ipsos.com/en-uk/issues-index-2018-onwards,8ebf748c0595e4791af6fbc6ce79dd21a24d08c593c4580c9d7fee81dd50b4ca,crime,,not_acquired_http_429,Crime/law and order is broader than crime; entertainment searches can contaminate the term.
2018-02,economy,Eco,19,1006,https://www.ipsos.com/en-uk/issues-index-2018-onwards,8ebf748c0595e4791af6fbc6ce79dd21a24d08c593c4580c9d7fee81dd50b4ca,economy,,not_acquired_http_429,General economic problems is broader than the English term economy.
2018-02,health,NHS,54,1006,https://www.ipsos.com/en-uk/issues-index-2018-onwards,8ebf748c0595e4791af6fbc6ce79dd21a24d08c593c4580c9d7fee81dd50b4ca,NHS,,not_acquired_http_429,NHS/hospitals/healthcare includes services beyond literal NHS searches; practical service lookup may dominate search.
2018-02,immigration,Imm,22,1006,https://www.ipsos.com/en-uk/issues-index-2018-onwards,8ebf748c0595e4791af6fbc6ce79dd21a24d08c593c4580c9d7fee81dd50b4ca,immigration,,not_acquired_http_429,Survey category includes immigration/immigrants; asylum or service searches require separate mapping review.
2018-02,crime,Cri,14,1006,https://www.ipsos.com/en-uk/issues-index-2018-onwards,8ebf748c0595e4791af6fbc6ce79dd21a24d08c593c4580c9d7fee81dd50b4ca,crime,,not_acquired_http_429,Crime/law and order is broader than crime; entertainment searches can contaminate the term.
2018-03,economy,Eco,22,986,https://www.ipsos.com/en-uk/issues-index-2018-onwards,8ebf748c0595e4791af6fbc6ce79dd21a24d08c593c4580c9d7fee81dd50b4ca,economy,,not_acquired_http_429,General economic problems is broader than the English term economy.
2018-03,health,NHS,46,986,https://www.ipsos.com/en-uk/issues-index-2018-onwards,8ebf748c0595e4791af6fbc6ce79dd21a24d08c593c4580c9d7fee81dd50b4ca,NHS,,not_acquired_http_429,NHS/hospitals/healthcare includes services beyond literal NHS searches; practical service lookup may dominate search.
2018-03,immigration,Imm,20,986,https://www.ipsos.com/en-uk/issues-index-2018-onwards,8ebf748c0595e4791af6fbc6ce79dd21a24d08c593c4580c9d7fee81dd50b4ca,immigration,,not_acquired_http_429,Survey category includes immigration/immigrants; asylum or service searches require separate mapping review.
2018-03,crime,Cri,15,986,https://www.ipsos.com/en-uk/issues-index-2018-onwards,8ebf748c0595e4791af6fbc6ce79dd21a24d08c593c4580c9d7fee81dd50b4ca,crime,,not_acquired_http_429,Crime/law and order is broader than crime; entertainment searches can contaminate the term.
2018-04,economy,Eco,17,1001,https://www.ipsos.com/en-uk/issues-index-2018-onwards,8ebf748c0595e4791af6fbc6ce79dd21a24d08c593c4580c9d7fee81dd50b4ca,economy,,not_acquired_http_429,General economic problems is broader than the English term economy.
2018-04,health,NHS,46,1001,https://www.ipsos.com/en-uk/issues-index-2018-onwards,8ebf748c0595e4791af6fbc6ce79dd21a24d08c593c4580c9d7fee81dd50b4ca,NHS,,not_acquired_http_429,NHS/hospitals/healthcare includes services beyond literal NHS searches; practical service lookup may dominate search.
2018-04,immigration,Imm,19,1001,https://www.ipsos.com/en-uk/issues-index-2018-onwards,8ebf748c0595e4791af6fbc6ce79dd21a24d08c593c4580c9d7fee81dd50b4ca,immigration,,not_acquired_http_429,Survey category includes immigration/immigrants; asylum or service searches require separate mapping review.
2018-04,crime,Cri,23,1001,https://www.ipsos.com/en-uk/issues-index-2018-onwards,8ebf748c0595e4791af6fbc6ce79dd21a24d08c593c4580c9d7fee81dd50b4ca,crime,,not_acquired_http_429,Crime/law and order is broader than crime; entertainment searches can contaminate the term.
2018-05,economy,Eco,19,1015,https://www.ipsos.com/en-uk/issues-index-2018-onwards,8ebf748c0595e4791af6fbc6ce79dd21a24d08c593c4580c9d7fee81dd50b4ca,economy,,not_acquired_http_429,General economic problems is broader than the English term economy.
2018-05,health,NHS,49,1015,https://www.ipsos.com/en-uk/issues-index-2018-onwards,8ebf748c0595e4791af6fbc6ce79dd21a24d08c593c4580c9d7fee81dd50b4ca,NHS,,not_acquired_http_429,NHS/hospitals/healthcare includes services beyond literal NHS searches; practical service lookup may dominate search.
2018-05,immigration,Imm,21,1015,https://www.ipsos.com/en-uk/issues-index-2018-onwards,8ebf748c0595e4791af6fbc6ce79dd21a24d08c593c4580c9d7fee81dd50b4ca,immigration,,not_acquired_http_429,Survey category includes immigration/immigrants; asylum or service searches require separate mapping review.
2018-05,crime,Cri,23,1015,https://www.ipsos.com/en-uk/issues-index-2018-onwards,8ebf748c0595e4791af6fbc6ce79dd21a24d08c593c4580c9d7fee81dd50b4ca,crime,,not_acquired_http_429,Crime/law and order is broader than crime; entertainment searches can contaminate the term.
2018-06,economy,Eco,17,974,https://www.ipsos.com/en-uk/issues-index-2018-onwards,8ebf748c0595e4791af6fbc6ce79dd21a24d08c593c4580c9d7fee81dd50b4ca,economy,,not_acquired_http_429,General economic problems is broader than the English term economy.
2018-06,health,NHS,44,974,https://www.ipsos.com/en-uk/issues-index-2018-onwards,8ebf748c0595e4791af6fbc6ce79dd21a24d08c593c4580c9d7fee81dd50b4ca,NHS,,not_acquired_http_429,NHS/hospitals/healthcare includes services beyond literal NHS searches; practical service lookup may dominate search.
2018-06,immigration,Imm,20,974,https://www.ipsos.com/en-uk/issues-index-2018-onwards,8ebf748c0595e4791af6fbc6ce79dd21a24d08c593c4580c9d7fee81dd50b4ca,immigration,,not_acquired_http_429,Survey category includes immigration/immigrants; asylum or service searches require separate mapping review.
2018-06,crime,Cri,20,974,https://www.ipsos.com/en-uk/issues-index-2018-onwards,8ebf748c0595e4791af6fbc6ce79dd21a24d08c593c4580c9d7fee81dd50b4ca,crime,,not_acquired_http_429,Crime/law and order is broader than crime; entertainment searches can contaminate the term.
