家族,α,臂,指标,metric,n_total,n_valid,母世界等权均值,范围,仅合成夹具
E2,0.25,I00,执行次数,execution_count,184,184,96.5054347826087,描述性，不新增检验,False
E2,0.25,I00,执行覆盖率,execution_coverage,184,184,0.9650543478260869,描述性，不新增检验,False
E2,0.25,I00,曝光差距,exposure_gap,184,184,0.0034770043085557015,描述性，不新增检验,False
E2,0.25,I00,最终偏好变化,final_preference_shift,184,184,0.06940664137001448,描述性，不新增检验,False
E2,0.25,I00,最终平均信任,final_trust_mean,184,184,0.6439099030640677,描述性，不新增检验,False
E2,0.25,I00,回应发生率,has_response,184,184,1.0,描述性，不新增检验,False
E2,0.25,I00,最大待执行数,max_pending,184,184,3.0,描述性，不新增检验,False
E2,0.25,I00,期末待执行数,pending_count,184,184,2.885869565217391,描述性，不新增检验,False
E2,0.25,I00,有效感知覆盖率,perception_data_coverage,184,184,1.0,描述性，不新增检验,False
E2,0.25,I00,源信号覆盖率,platform_signal_coverage,184,184,1.0,描述性，不新增检验,False
E2,0.25,I00,固定L完成率,response_completion_L,184,184,1.0,描述性，不新增检验,False
E2,0.25,I00,新排期数,scheduled_count,184,184,96.47826086956522,描述性，不新增检验,False
E2,0.25,I00,执行目标错配,targeting_error_execution,184,184,0.7492213187487612,描述性，不新增检验,False
E2,0.25,I00,已执行动作等待时间,waiting_time,184,184,3.0,描述性，不新增检验,False
E2,0.25,I01,执行次数,execution_count,184,184,99.55434782608695,描述性，不新增检验,False
E2,0.25,I01,执行覆盖率,execution_coverage,184,184,0.9955434782608695,描述性，不新增检验,False
E2,0.25,I01,曝光差距,exposure_gap,184,184,0.003455992096805893,描述性，不新增检验,False
E2,0.25,I01,最终偏好变化,final_preference_shift,184,184,0.0694574914833382,描述性，不新增检验,False
E2,0.25,I01,最终平均信任,final_trust_mean,184,184,0.6454700310884874,描述性，不新增检验,False
E2,0.25,I01,回应发生率,has_response,184,184,1.0,描述性，不新增检验,False
E2,0.25,I01,最大待执行数,max_pending,184,184,3.0,描述性，不新增检验,False
E2,0.25,I01,期末待执行数,pending_count,184,184,2.994565217391304,描述性，不新增检验,False
E2,0.25,I01,有效感知覆盖率,perception_data_coverage,184,184,1.0,描述性，不新增检验,False
E2,0.25,I01,源信号覆盖率,platform_signal_coverage,184,184,1.0,描述性，不新增检验,False
E2,0.25,I01,固定L完成率,response_completion_L,184,184,1.0,描述性，不新增检验,False
E2,0.25,I01,新排期数,scheduled_count,184,184,99.54891304347827,描述性，不新增检验,False
E2,0.25,I01,执行目标错配,targeting_error_execution,184,184,0.7497762955001874,描述性，不新增检验,False
E2,0.25,I01,已执行动作等待时间,waiting_time,184,184,3.0,描述性，不新增检验,False
E2,0.25,I10,执行次数,execution_count,184,184,95.54347826086956,描述性，不新增检验,False
E2,0.25,I10,执行覆盖率,execution_coverage,184,184,0.9554347826086956,描述性，不新增检验,False
E2,0.25,I10,曝光差距,exposure_gap,184,184,0.003480657908172344,描述性，不新增检验,False
E2,0.25,I10,最终偏好变化,final_preference_shift,184,184,0.06949661161594975,描述性，不新增检验,False
E2,0.25,I10,最终平均信任,final_trust_mean,184,184,0.6442574972044067,描述性，不新增检验,False
E2,0.25,I10,回应发生率,has_response,184,184,1.0,描述性，不新增检验,False
E2,0.25,I10,最大待执行数,max_pending,184,184,3.0,描述性，不新增检验,False
E2,0.25,I10,期末待执行数,pending_count,184,184,2.864130434782609,描述性，不新增检验,False
E2,0.25,I10,有效感知覆盖率,perception_data_coverage,184,184,1.0,描述性，不新增检验,False
E2,0.25,I10,源信号覆盖率,platform_signal_coverage,184,184,1.0,描述性，不新增检验,False
E2,0.25,I10,固定L完成率,response_completion_L,184,184,1.0,描述性，不新增检验,False
E2,0.25,I10,新排期数,scheduled_count,184,184,95.54891304347827,描述性，不新增检验,False
E2,0.25,I10,执行目标错配,targeting_error_execution,184,184,0.7480577047425284,描述性，不新增检验,False
E2,0.25,I10,已执行动作等待时间,waiting_time,184,184,3.0,描述性，不新增检验,False
E2,0.25,I11,执行次数,execution_count,184,184,98.54347826086956,描述性，不新增检验,False
E2,0.25,I11,执行覆盖率,execution_coverage,184,184,0.9854347826086957,描述性，不新增检验,False
E2,0.25,I11,曝光差距,exposure_gap,184,184,0.003420449195094405,描述性，不新增检验,False
E2,0.25,I11,最终偏好变化,final_preference_shift,184,184,0.0695186770582272,描述性，不新增检验,False
E2,0.25,I11,最终平均信任,final_trust_mean,184,184,0.645483311930662,描述性，不新增检验,False
E2,0.25,I11,回应发生率,has_response,184,184,1.0,描述性，不新增检验,False
E2,0.25,I11,最大待执行数,max_pending,184,184,3.0,描述性，不新增检验,False
E2,0.25,I11,期末待执行数,pending_count,184,184,2.9510869565217392,描述性，不新增检验,False
E2,0.25,I11,有效感知覆盖率,perception_data_coverage,184,184,1.0,描述性，不新增检验,False
E2,0.25,I11,源信号覆盖率,platform_signal_coverage,184,184,1.0,描述性，不新增检验,False
E2,0.25,I11,固定L完成率,response_completion_L,184,184,1.0,描述性，不新增检验,False
E2,0.25,I11,新排期数,scheduled_count,184,184,98.52173913043478,描述性，不新增检验,False
E2,0.25,I11,执行目标错配,targeting_error_execution,184,184,0.7492025366402995,描述性，不新增检验,False
E2,0.25,I11,已执行动作等待时间,waiting_time,184,184,3.0,描述性，不新增检验,False
E2,0.75,I00,执行次数,execution_count,1000,1000,74.863,描述性，不新增检验,False
E2,0.75,I00,执行覆盖率,execution_coverage,1000,1000,0.74863,描述性，不新增检验,False
E2,0.75,I00,曝光差距,exposure_gap,1000,1000,0.27589215250339566,描述性，不新增检验,False
E2,0.75,I00,最终偏好变化,final_preference_shift,1000,1000,0.7212396901995317,描述性，不新增检验,False
E2,0.75,I00,最终平均信任,final_trust_mean,1000,1000,0.6143486467754178,描述性，不新增检验,False
E2,0.75,I00,回应发生率,has_response,1000,1000,1.0,描述性，不新增检验,False
E2,0.75,I00,最大待执行数,max_pending,1000,1000,3.0,描述性，不新增检验,False
E2,0.75,I00,期末待执行数,pending_count,1000,1000,2.253,描述性，不新增检验,False
E2,0.75,I00,有效感知覆盖率,perception_data_coverage,1000,1000,1.0,描述性，不新增检验,False
E2,0.75,I00,源信号覆盖率,platform_signal_coverage,1000,1000,1.0,描述性，不新增检验,False
E2,0.75,I00,固定L完成率,response_completion_L,1000,1000,1.0,描述性，不新增检验,False
E2,0.75,I00,新排期数,scheduled_count,1000,1000,74.772,描述性，不新增检验,False
E2,0.75,I00,执行目标错配,targeting_error_execution,1000,1000,0.676817900909273,描述性，不新增检验,False
E2,0.75,I00,已执行动作等待时间,waiting_time,1000,1000,3.0,描述性，不新增检验,False
E2,0.75,I01,执行次数,execution_count,1000,1000,98.203,描述性，不新增检验,False
E2,0.75,I01,执行覆盖率,execution_coverage,1000,1000,0.98203,描述性，不新增检验,False
E2,0.75,I01,曝光差距,exposure_gap,1000,1000,0.26152002003804903,描述性，不新增检验,False
E2,0.75,I01,最终偏好变化,final_preference_shift,1000,1000,0.7191428112505796,描述性，不新增检验,False
E2,0.75,I01,最终平均信任,final_trust_mean,1000,1000,0.615101828614026,描述性，不新增检验,False
E2,0.75,I01,回应发生率,has_response,1000,1000,1.0,描述性，不新增检验,False
E2,0.75,I01,最大待执行数,max_pending,1000,1000,3.0,描述性，不新增检验,False
E2,0.75,I01,期末待执行数,pending_count,1000,1000,2.999,描述性，不新增检验,False
E2,0.75,I01,有效感知覆盖率,perception_data_coverage,1000,1000,1.0,描述性，不新增检验,False
E2,0.75,I01,源信号覆盖率,platform_signal_coverage,1000,1000,1.0,描述性，不新增检验,False
E2,0.75,I01,固定L完成率,response_completion_L,1000,1000,1.0,描述性，不新增检验,False
E2,0.75,I01,新排期数,scheduled_count,1000,1000,98.21,描述性，不新增检验,False
E2,0.75,I01,执行目标错配,targeting_error_execution,1000,1000,0.7493704583403252,描述性，不新增检验,False
E2,0.75,I01,已执行动作等待时间,waiting_time,1000,1000,3.0,描述性，不新增检验,False
E2,0.75,I10,执行次数,execution_count,1000,1000,33.508,描述性，不新增检验,False
E2,0.75,I10,执行覆盖率,execution_coverage,1000,1000,0.33508,描述性，不新增检验,False
E2,0.75,I10,曝光差距,exposure_gap,1000,1000,0.2698663059988172,描述性，不新增检验,False
E2,0.75,I10,最终偏好变化,final_preference_shift,1000,1000,0.7152473041145678,描述性，不新增检验,False
E2,0.75,I10,最终平均信任,final_trust_mean,1000,1000,0.6146113276639479,描述性，不新增检验,False
E2,0.75,I10,回应发生率,has_response,1000,1000,1.0,描述性，不新增检验,False
E2,0.75,I10,最大待执行数,max_pending,1000,1000,3.0,描述性，不新增检验,False
E2,0.75,I10,期末待执行数,pending_count,1000,1000,0.928,描述性，不新增检验,False
E2,0.75,I10,有效感知覆盖率,perception_data_coverage,1000,1000,1.0,描述性，不新增检验,False
E2,0.75,I10,源信号覆盖率,platform_signal_coverage,1000,1000,1.0,描述性，不新增检验,False
E2,0.75,I10,固定L完成率,response_completion_L,1000,1000,1.0,描述性，不新增检验,False
E2,0.75,I10,新排期数,scheduled_count,1000,1000,33.382,描述性，不新增检验,False
E2,0.75,I10,执行目标错配,targeting_error_execution,1000,1000,0.18081868428007106,描述性，不新增检验,False
E2,0.75,I10,已执行动作等待时间,waiting_time,1000,1000,3.0,描述性，不新增检验,False
E2,0.75,I11,执行次数,execution_count,1000,1000,30.052,描述性，不新增检验,False
E2,0.75,I11,执行覆盖率,execution_coverage,1000,1000,0.30052,描述性，不新增检验,False
E2,0.75,I11,曝光差距,exposure_gap,1000,1000,0.26694982021568087,描述性，不新增检验,False
E2,0.75,I11,最终偏好变化,final_preference_shift,1000,1000,0.7200214918025665,描述性，不新增检验,False
E2,0.75,I11,最终平均信任,final_trust_mean,1000,1000,0.6145943699322794,描述性，不新增检验,False
E2,0.75,I11,回应发生率,has_response,1000,1000,1.0,描述性，不新增检验,False
E2,0.75,I11,最大待执行数,max_pending,1000,1000,3.0,描述性，不新增检验,False
E2,0.75,I11,期末待执行数,pending_count,1000,1000,0.801,描述性，不新增检验,False
E2,0.75,I11,有效感知覆盖率,perception_data_coverage,1000,1000,1.0,描述性，不新增检验,False
E2,0.75,I11,源信号覆盖率,platform_signal_coverage,1000,1000,1.0,描述性，不新增检验,False
E2,0.75,I11,固定L完成率,response_completion_L,1000,1000,1.0,描述性，不新增检验,False
E2,0.75,I11,新排期数,scheduled_count,1000,1000,29.965,描述性，不新增检验,False
E2,0.75,I11,执行目标错配,targeting_error_execution,1000,1000,0.1115957062550983,描述性，不新增检验,False
E2,0.75,I11,已执行动作等待时间,waiting_time,1000,1000,3.0,描述性，不新增检验,False
E3_closed,0.25,baseline,执行次数,execution_count,184,184,96.5054347826087,描述性，不新增检验,False
E3_closed,0.25,baseline,执行覆盖率,execution_coverage,184,184,0.9650543478260869,描述性，不新增检验,False
E3_closed,0.25,baseline,曝光差距,exposure_gap,184,184,0.0034770043085557015,描述性，不新增检验,False
E3_closed,0.25,baseline,最终偏好变化,final_preference_shift,184,184,0.06940664137001448,描述性，不新增检验,False
E3_closed,0.25,baseline,最终平均信任,final_trust_mean,184,184,0.6439099030640677,描述性，不新增检验,False
E3_closed,0.25,baseline,回应发生率,has_response,184,184,1.0,描述性，不新增检验,False
E3_closed,0.25,baseline,最大待执行数,max_pending,184,184,3.0,描述性，不新增检验,False
E3_closed,0.25,baseline,期末待执行数,pending_count,184,184,2.885869565217391,描述性，不新增检验,False
E3_closed,0.25,baseline,有效感知覆盖率,perception_data_coverage,184,184,1.0,描述性，不新增检验,False
E3_closed,0.25,baseline,源信号覆盖率,platform_signal_coverage,184,184,1.0,描述性，不新增检验,False
E3_closed,0.25,baseline,固定L完成率,response_completion_L,184,184,1.0,描述性，不新增检验,False
E3_closed,0.25,baseline,新排期数,scheduled_count,184,184,96.47826086956522,描述性，不新增检验,False
E3_closed,0.25,baseline,执行目标错配,targeting_error_execution,184,184,0.7492213187487612,描述性，不新增检验,False
E3_closed,0.25,baseline,已执行动作等待时间,waiting_time,184,184,3.0,描述性，不新增检验,False
E3_closed,0.25,capacity2,执行次数,execution_count,184,184,97.14673913043478,描述性，不新增检验,False
E3_closed,0.25,capacity2,执行覆盖率,execution_coverage,184,184,0.5997826086956521,描述性，不新增检验,False
E3_closed,0.25,capacity2,曝光差距,exposure_gap,184,184,0.003558808944218485,描述性，不新增检验,False
E3_closed,0.25,capacity2,最终偏好变化,final_preference_shift,184,184,0.0695430582924687,描述性，不新增检验,False
E3_closed,0.25,capacity2,最终平均信任,final_trust_mean,184,184,0.6437410486533715,描述性，不新增检验,False
E3_closed,0.25,capacity2,回应发生率,has_response,184,184,1.0,描述性，不新增检验,False
E3_closed,0.25,capacity2,最大待执行数,max_pending,184,184,4.0,描述性，不新增检验,False
E3_closed,0.25,capacity2,期末待执行数,pending_count,184,184,3.5869565217391304,描述性，不新增检验,False
E3_closed,0.25,capacity2,有效感知覆盖率,perception_data_coverage,184,184,1.0,描述性，不新增检验,False
E3_closed,0.25,capacity2,源信号覆盖率,platform_signal_coverage,184,184,1.0,描述性，不新增检验,False
E3_closed,0.25,capacity2,固定L完成率,response_completion_L,184,184,1.0,描述性，不新增检验,False
E3_closed,0.25,capacity2,新排期数,scheduled_count,184,184,97.02173913043478,描述性，不新增检验,False
E3_closed,0.25,capacity2,执行目标错配,targeting_error_execution,184,184,0.579762692601695,描述性，不新增检验,False
E3_closed,0.25,capacity2,已执行动作等待时间,waiting_time,184,184,3.0,描述性，不新增检验,False
E3_closed,0.25,delay0,执行次数,execution_count,184,184,100.0,描述性，不新增检验,False
E3_closed,0.25,delay0,执行覆盖率,execution_coverage,184,184,1.0,描述性，不新增检验,False
E3_closed,0.25,delay0,曝光差距,exposure_gap,184,184,0.004019412993029981,描述性，不新增检验,False
E3_closed,0.25,delay0,最终偏好变化,final_preference_shift,184,184,0.07009987237266309,描述性，不新增检验,False
E3_closed,0.25,delay0,最终平均信任,final_trust_mean,184,184,0.6434578447349155,描述性，不新增检验,False
E3_closed,0.25,delay0,回应发生率,has_response,184,184,1.0,描述性，不新增检验,False
E3_closed,0.25,delay0,最大待执行数,max_pending,184,184,0.0,描述性，不新增检验,False
E3_closed,0.25,delay0,期末待执行数,pending_count,184,184,0.0,描述性，不新增检验,False
E3_closed,0.25,delay0,有效感知覆盖率,perception_data_coverage,184,184,1.0,描述性，不新增检验,False
E3_closed,0.25,delay0,源信号覆盖率,platform_signal_coverage,184,184,1.0,描述性，不新增检验,False
E3_closed,0.25,delay0,固定L完成率,response_completion_L,184,184,1.0,描述性，不新增检验,False
E3_closed,0.25,delay0,新排期数,scheduled_count,184,184,100.0,描述性，不新增检验,False
E3_closed,0.25,delay0,执行目标错配,targeting_error_execution,184,184,0.7278407378335061,描述性，不新增检验,False
E3_closed,0.25,delay0,已执行动作等待时间,waiting_time,184,184,0.0,描述性，不新增检验,False
E3_closed,0.25,delay1,执行次数,execution_count,184,184,99.92391304347827,描述性，不新增检验,False
E3_closed,0.25,delay1,执行覆盖率,execution_coverage,184,184,0.9992391304347826,描述性，不新增检验,False
E3_closed,0.25,delay1,曝光差距,exposure_gap,184,184,0.0036096938804849273,描述性，不新增检验,False
E3_closed,0.25,delay1,最终偏好变化,final_preference_shift,184,184,0.06991536814134239,描述性，不新增检验,False
E3_closed,0.25,delay1,最终平均信任,final_trust_mean,184,184,0.643741410052044,描述性，不新增检验,False
E3_closed,0.25,delay1,回应发生率,has_response,184,184,1.0,描述性，不新增检验,False
E3_closed,0.25,delay1,最大待执行数,max_pending,184,184,1.0,描述性，不新增检验,False
E3_closed,0.25,delay1,期末待执行数,pending_count,184,184,1.0,描述性，不新增检验,False
E3_closed,0.25,delay1,有效感知覆盖率,perception_data_coverage,184,184,1.0,描述性，不新增检验,False
E3_closed,0.25,delay1,源信号覆盖率,platform_signal_coverage,184,184,1.0,描述性，不新增检验,False
E3_closed,0.25,delay1,固定L完成率,response_completion_L,184,184,1.0,描述性，不新增检验,False
E3_closed,0.25,delay1,新排期数,scheduled_count,184,184,99.92391304347827,描述性，不新增检验,False
E3_closed,0.25,delay1,执行目标错配,targeting_error_execution,184,184,0.7435097976253137,描述性，不新增检验,False
E3_closed,0.25,delay1,已执行动作等待时间,waiting_time,184,184,1.0,描述性，不新增检验,False
E3_closed,0.25,delay10,执行次数,execution_count,184,184,35.82065217391305,描述性，不新增检验,False
E3_closed,0.25,delay10,执行覆盖率,execution_coverage,184,184,0.3582065217391304,描述性，不新增检验,False
E3_closed,0.25,delay10,曝光差距,exposure_gap,184,184,0.004916868226225816,描述性，不新增检验,False
E3_closed,0.25,delay10,最终偏好变化,final_preference_shift,184,184,0.06908187408534443,描述性，不新增检验,False
E3_closed,0.25,delay10,最终平均信任,final_trust_mean,184,184,0.6360641780119929,描述性，不新增检验,False
E3_closed,0.25,delay10,回应发生率,has_response,184,184,1.0,描述性，不新增检验,False
E3_closed,0.25,delay10,最大待执行数,max_pending,184,184,4.0,描述性，不新增检验,False
E3_closed,0.25,delay10,期末待执行数,pending_count,184,184,3.880434782608696,描述性，不新增检验,False
E3_closed,0.25,delay10,有效感知覆盖率,perception_data_coverage,184,184,1.0,描述性，不新增检验,False
E3_closed,0.25,delay10,源信号覆盖率,platform_signal_coverage,184,184,1.0,描述性，不新增检验,False
E3_closed,0.25,delay10,固定L完成率,response_completion_L,184,184,1.0,描述性，不新增检验,False
E3_closed,0.25,delay10,新排期数,scheduled_count,184,184,35.81521739130435,描述性，不新增检验,False
E3_closed,0.25,delay10,执行目标错配,targeting_error_execution,184,184,0.7498182745725996,描述性，不新增检验,False
E3_closed,0.25,delay10,已执行动作等待时间,waiting_time,184,184,10.0,描述性，不新增检验,False
E3_closed,0.25,observation2,执行次数,execution_count,184,184,96.72826086956522,描述性，不新增检验,False
E3_closed,0.25,observation2,执行覆盖率,execution_coverage,184,184,0.9672826086956522,描述性，不新增检验,False
E3_closed,0.25,observation2,曝光差距,exposure_gap,184,184,0.0034407512887893077,描述性，不新增检验,False
E3_closed,0.25,observation2,最终偏好变化,final_preference_shift,184,184,0.06938811713287946,描述性，不新增检验,False
E3_closed,0.25,observation2,最终平均信任,final_trust_mean,184,184,0.6443559918923941,描述性，不新增检验,False
E3_closed,0.25,observation2,回应发生率,has_response,184,184,1.0,描述性，不新增检验,False
E3_closed,0.25,observation2,最大待执行数,max_pending,184,184,3.0,描述性，不新增检验,False
E3_closed,0.25,observation2,期末待执行数,pending_count,184,184,2.864130434782609,描述性，不新增检验,False
E3_closed,0.25,observation2,有效感知覆盖率,perception_data_coverage,184,184,1.0,描述性，不新增检验,False
E3_closed,0.25,observation2,源信号覆盖率,platform_signal_coverage,184,184,1.0,描述性，不新增检验,False
E3_closed,0.25,observation2,固定L完成率,response_completion_L,184,184,1.0,描述性，不新增检验,False
E3_closed,0.25,observation2,新排期数,scheduled_count,184,184,96.65217391304348,描述性，不新增检验,False
E3_closed,0.25,observation2,执行目标错配,targeting_error_execution,184,184,0.7493895784669572,描述性，不新增检验,False
E3_closed,0.25,observation2,已执行动作等待时间,waiting_time,184,184,3.0,描述性，不新增检验,False
E3_closed,0.75,baseline,执行次数,execution_count,1000,1000,74.863,描述性，不新增检验,False
E3_closed,0.75,baseline,执行覆盖率,execution_coverage,1000,1000,0.74863,描述性，不新增检验,False
E3_closed,0.75,baseline,曝光差距,exposure_gap,1000,1000,0.27589215250339566,描述性，不新增检验,False
E3_closed,0.75,baseline,最终偏好变化,final_preference_shift,1000,1000,0.7212396901995317,描述性，不新增检验,False
E3_closed,0.75,baseline,最终平均信任,final_trust_mean,1000,1000,0.6143486467754178,描述性，不新增检验,False
E3_closed,0.75,baseline,回应发生率,has_response,1000,1000,1.0,描述性，不新增检验,False
E3_closed,0.75,baseline,最大待执行数,max_pending,1000,1000,3.0,描述性，不新增检验,False
E3_closed,0.75,baseline,期末待执行数,pending_count,1000,1000,2.253,描述性，不新增检验,False
E3_closed,0.75,baseline,有效感知覆盖率,perception_data_coverage,1000,1000,1.0,描述性，不新增检验,False
E3_closed,0.75,baseline,源信号覆盖率,platform_signal_coverage,1000,1000,1.0,描述性，不新增检验,False
E3_closed,0.75,baseline,固定L完成率,response_completion_L,1000,1000,1.0,描述性，不新增检验,False
E3_closed,0.75,baseline,新排期数,scheduled_count,1000,1000,74.772,描述性，不新增检验,False
E3_closed,0.75,baseline,执行目标错配,targeting_error_execution,1000,1000,0.676817900909273,描述性，不新增检验,False
E3_closed,0.75,baseline,已执行动作等待时间,waiting_time,1000,1000,3.0,描述性，不新增检验,False
E3_closed,0.75,capacity2,执行次数,execution_count,1000,1000,77.375,描述性，不新增检验,False
E3_closed,0.75,capacity2,执行覆盖率,execution_coverage,1000,1000,0.59291,描述性，不新增检验,False
E3_closed,0.75,capacity2,曝光差距,exposure_gap,1000,1000,0.28730998597036844,描述性，不新增检验,False
E3_closed,0.75,capacity2,最终偏好变化,final_preference_shift,1000,1000,0.7166584368348571,描述性，不新增检验,False
E3_closed,0.75,capacity2,最终平均信任,final_trust_mean,1000,1000,0.6169758949757963,描述性，不新增检验,False
E3_closed,0.75,capacity2,回应发生率,has_response,1000,1000,1.0,描述性，不新增检验,False
E3_closed,0.75,capacity2,最大待执行数,max_pending,1000,1000,3.998,描述性，不新增检验,False
E3_closed,0.75,capacity2,期末待执行数,pending_count,1000,1000,2.583,描述性，不新增检验,False
E3_closed,0.75,capacity2,有效感知覆盖率,perception_data_coverage,1000,1000,1.0,描述性，不新增检验,False
E3_closed,0.75,capacity2,源信号覆盖率,platform_signal_coverage,1000,1000,1.0,描述性，不新增检验,False
E3_closed,0.75,capacity2,固定L完成率,response_completion_L,1000,1000,1.0,描述性，不新增检验,False
E3_closed,0.75,capacity2,新排期数,scheduled_count,1000,1000,77.149,描述性，不新增检验,False
E3_closed,0.75,capacity2,执行目标错配,targeting_error_execution,1000,1000,0.6675352048424992,描述性，不新增检验,False
E3_closed,0.75,capacity2,已执行动作等待时间,waiting_time,1000,1000,3.0,描述性，不新增检验,False
E3_closed,0.75,delay0,执行次数,execution_count,1000,1000,100.0,描述性，不新增检验,False
E3_closed,0.75,delay0,执行覆盖率,execution_coverage,1000,1000,1.0,描述性，不新增检验,False
E3_closed,0.75,delay0,曝光差距,exposure_gap,1000,1000,0.18796280937345575,描述性，不新增检验,False
E3_closed,0.75,delay0,最终偏好变化,final_preference_shift,1000,1000,0.7201795854906755,描述性，不新增检验,False
E3_closed,0.75,delay0,最终平均信任,final_trust_mean,1000,1000,0.6160898486910497,描述性，不新增检验,False
E3_closed,0.75,delay0,回应发生率,has_response,1000,1000,1.0,描述性，不新增检验,False
E3_closed,0.75,delay0,最大待执行数,max_pending,1000,1000,0.0,描述性，不新增检验,False
E3_closed,0.75,delay0,期末待执行数,pending_count,1000,1000,0.0,描述性，不新增检验,False
E3_closed,0.75,delay0,有效感知覆盖率,perception_data_coverage,1000,1000,1.0,描述性，不新增检验,False
E3_closed,0.75,delay0,源信号覆盖率,platform_signal_coverage,1000,1000,1.0,描述性，不新增检验,False
E3_closed,0.75,delay0,固定L完成率,response_completion_L,1000,1000,1.0,描述性，不新增检验,False
E3_closed,0.75,delay0,新排期数,scheduled_count,1000,1000,100.0,描述性，不新增检验,False
E3_closed,0.75,delay0,执行目标错配,targeting_error_execution,1000,1000,0.2743726788044992,描述性，不新增检验,False
E3_closed,0.75,delay0,已执行动作等待时间,waiting_time,1000,1000,0.0,描述性，不新增检验,False
E3_closed,0.75,delay1,执行次数,execution_count,1000,1000,99.637,描述性，不新增检验,False
E3_closed,0.75,delay1,执行覆盖率,execution_coverage,1000,1000,0.99637,描述性，不新增检验,False
E3_closed,0.75,delay1,曝光差距,exposure_gap,1000,1000,0.23014523586011582,描述性，不新增检验,False
E3_closed,0.75,delay1,最终偏好变化,final_preference_shift,1000,1000,0.7175665374202542,描述性，不新增检验,False
E3_closed,0.75,delay1,最终平均信任,final_trust_mean,1000,1000,0.6140623729112947,描述性，不新增检验,False
E3_closed,0.75,delay1,回应发生率,has_response,1000,1000,1.0,描述性，不新增检验,False
E3_closed,0.75,delay1,最大待执行数,max_pending,1000,1000,1.0,描述性，不新增检验,False
E3_closed,0.75,delay1,期末待执行数,pending_count,1000,1000,0.998,描述性，不新增检验,False
E3_closed,0.75,delay1,有效感知覆盖率,perception_data_coverage,1000,1000,1.0,描述性，不新增检验,False
E3_closed,0.75,delay1,源信号覆盖率,platform_signal_coverage,1000,1000,1.0,描述性，不新增检验,False
E3_closed,0.75,delay1,固定L完成率,response_completion_L,1000,1000,1.0,描述性，不新增检验,False
E3_closed,0.75,delay1,新排期数,scheduled_count,1000,1000,99.638,描述性，不新增检验,False
E3_closed,0.75,delay1,执行目标错配,targeting_error_execution,1000,1000,0.589140546685954,描述性，不新增检验,False
E3_closed,0.75,delay1,已执行动作等待时间,waiting_time,1000,1000,1.0,描述性，不新增检验,False
E3_closed,0.75,delay10,执行次数,execution_count,1000,1000,30.239,描述性，不新增检验,False
E3_closed,0.75,delay10,执行覆盖率,execution_coverage,1000,1000,0.30239,描述性，不新增检验,False
E3_closed,0.75,delay10,曝光差距,exposure_gap,1000,1000,0.3392538657257002,描述性，不新增检验,False
E3_closed,0.75,delay10,最终偏好变化,final_preference_shift,1000,1000,0.7068487184905256,描述性，不新增检验,False
E3_closed,0.75,delay10,最终平均信任,final_trust_mean,1000,1000,0.6112356408313954,描述性，不新增检验,False
E3_closed,0.75,delay10,回应发生率,has_response,1000,1000,1.0,描述性，不新增检验,False
E3_closed,0.75,delay10,最大待执行数,max_pending,1000,1000,4.0,描述性，不新增检验,False
E3_closed,0.75,delay10,期末待执行数,pending_count,1000,1000,3.186,描述性，不新增检验,False
E3_closed,0.75,delay10,有效感知覆盖率,perception_data_coverage,1000,1000,1.0,描述性，不新增检验,False
E3_closed,0.75,delay10,源信号覆盖率,platform_signal_coverage,1000,1000,1.0,描述性，不新增检验,False
E3_closed,0.75,delay10,固定L完成率,response_completion_L,1000,1000,1.0,描述性，不新增检验,False
E3_closed,0.75,delay10,新排期数,scheduled_count,1000,1000,30.065,描述性，不新增检验,False
E3_closed,0.75,delay10,执行目标错配,targeting_error_execution,1000,1000,0.703375545161707,描述性，不新增检验,False
E3_closed,0.75,delay10,已执行动作等待时间,waiting_time,1000,1000,10.0,描述性，不新增检验,False
E3_closed,0.75,observation2,执行次数,execution_count,1000,1000,76.045,描述性，不新增检验,False
E3_closed,0.75,observation2,执行覆盖率,execution_coverage,1000,1000,0.76045,描述性，不新增检验,False
E3_closed,0.75,observation2,曝光差距,exposure_gap,1000,1000,0.27510697273171175,描述性，不新增检验,False
E3_closed,0.75,observation2,最终偏好变化,final_preference_shift,1000,1000,0.7190979069592199,描述性，不新增检验,False
E3_closed,0.75,observation2,最终平均信任,final_trust_mean,1000,1000,0.615029195675786,描述性，不新增检验,False
E3_closed,0.75,observation2,回应发生率,has_response,1000,1000,1.0,描述性，不新增检验,False
E3_closed,0.75,observation2,最大待执行数,max_pending,1000,1000,3.0,描述性，不新增检验,False
E3_closed,0.75,observation2,期末待执行数,pending_count,1000,1000,2.224,描述性，不新增检验,False
E3_closed,0.75,observation2,有效感知覆盖率,perception_data_coverage,1000,1000,1.0,描述性，不新增检验,False
E3_closed,0.75,observation2,源信号覆盖率,platform_signal_coverage,1000,1000,1.0,描述性，不新增检验,False
E3_closed,0.75,observation2,固定L完成率,response_completion_L,1000,1000,1.0,描述性，不新增检验,False
E3_closed,0.75,observation2,新排期数,scheduled_count,1000,1000,75.907,描述性，不新增检验,False
E3_closed,0.75,observation2,执行目标错配,targeting_error_execution,1000,1000,0.6797909048207598,描述性，不新增检验,False
E3_closed,0.75,observation2,已执行动作等待时间,waiting_time,1000,1000,3.0,描述性，不新增检验,False
E3_replay,0.25,delay0,执行次数,execution_count,184,184,96.47826086956522,描述性，不新增检验,False
E3_replay,0.25,delay0,执行覆盖率,execution_coverage,184,184,0.9647826086956521,描述性，不新增检验,False
E3_replay,0.25,delay0,曝光差距,exposure_gap,184,184,0.0037088637030385217,描述性，不新增检验,False
E3_replay,0.25,delay0,最终偏好变化,final_preference_shift,184,184,0.06955802619984647,描述性，不新增检验,False
E3_replay,0.25,delay0,最终平均信任,final_trust_mean,184,184,0.6442588195060034,描述性，不新增检验,False
E3_replay,0.25,delay0,回应发生率,has_response,184,184,1.0,描述性，不新增检验,False
E3_replay,0.25,delay0,最大待执行数,max_pending,184,184,0.0,描述性，不新增检验,False
E3_replay,0.25,delay0,期末待执行数,pending_count,184,184,0.0,描述性，不新增检验,False
E3_replay,0.25,delay0,有效感知覆盖率,perception_data_coverage,184,184,1.0,描述性，不新增检验,False
E3_replay,0.25,delay0,源信号覆盖率,platform_signal_coverage,184,184,1.0,描述性，不新增检验,False
E3_replay,0.25,delay0,固定L完成率,response_completion_L,184,184,1.0,描述性，不新增检验,False
E3_replay,0.25,delay0,新排期数,scheduled_count,184,184,96.47826086956522,描述性，不新增检验,False
E3_replay,0.25,delay0,执行目标错配,targeting_error_execution,184,184,0.7492655442225904,描述性，不新增检验,False
E3_replay,0.25,delay0,已执行动作等待时间,waiting_time,184,184,0.0,描述性，不新增检验,False
E3_replay,0.25,delay1,执行次数,execution_count,184,184,96.5,描述性，不新增检验,False
E3_replay,0.25,delay1,执行覆盖率,execution_coverage,184,184,0.965,描述性，不新增检验,False
E3_replay,0.25,delay1,曝光差距,exposure_gap,184,184,0.0036189718350393128,描述性，不新增检验,False
E3_replay,0.25,delay1,最终偏好变化,final_preference_shift,184,184,0.06957829244804965,描述性，不新增检验,False
E3_replay,0.25,delay1,最终平均信任,final_trust_mean,184,184,0.6437777853650204,描述性，不新增检验,False
E3_replay,0.25,delay1,回应发生率,has_response,184,184,1.0,描述性，不新增检验,False
E3_replay,0.25,delay1,最大待执行数,max_pending,184,184,1.0,描述性，不新增检验,False
E3_replay,0.25,delay1,期末待执行数,pending_count,184,184,0.967391304347826,描述性，不新增检验,False
E3_replay,0.25,delay1,有效感知覆盖率,perception_data_coverage,184,184,1.0,描述性，不新增检验,False
E3_replay,0.25,delay1,源信号覆盖率,platform_signal_coverage,184,184,1.0,描述性，不新增检验,False
E3_replay,0.25,delay1,固定L完成率,response_completion_L,184,184,1.0,描述性，不新增检验,False
E3_replay,0.25,delay1,新排期数,scheduled_count,184,184,96.47826086956522,描述性，不新增检验,False
E3_replay,0.25,delay1,执行目标错配,targeting_error_execution,184,184,0.7492617303091751,描述性，不新增检验,False
E3_replay,0.25,delay1,已执行动作等待时间,waiting_time,184,184,1.0,描述性，不新增检验,False
E3_replay,0.25,delay10,执行次数,execution_count,184,184,96.53260869565217,描述性，不新增检验,False
E3_replay,0.25,delay10,执行覆盖率,execution_coverage,184,184,0.9653260869565218,描述性，不新增检验,False
E3_replay,0.25,delay10,曝光差距,exposure_gap,184,184,0.003391158543004063,描述性，不新增检验,False
E3_replay,0.25,delay10,最终偏好变化,final_preference_shift,184,184,0.06919286024817406,描述性，不新增检验,False
E3_replay,0.25,delay10,最终平均信任,final_trust_mean,184,184,0.6449530123136306,描述性，不新增检验,False
E3_replay,0.25,delay10,回应发生率,has_response,184,184,1.0,描述性，不新增检验,False
E3_replay,0.25,delay10,最大待执行数,max_pending,184,184,10.0,描述性，不新增检验,False
E3_replay,0.25,delay10,期末待执行数,pending_count,184,184,9.679347826086957,描述性，不新增检验,False
E3_replay,0.25,delay10,有效感知覆盖率,perception_data_coverage,184,184,1.0,描述性，不新增检验,False
E3_replay,0.25,delay10,源信号覆盖率,platform_signal_coverage,184,184,1.0,描述性，不新增检验,False
E3_replay,0.25,delay10,固定L完成率,response_completion_L,184,184,1.0,描述性，不新增检验,False
E3_replay,0.25,delay10,新排期数,scheduled_count,184,184,96.47826086956522,描述性，不新增检验,False
E3_replay,0.25,delay10,执行目标错配,targeting_error_execution,184,184,0.7492274755484887,描述性，不新增检验,False
E3_replay,0.25,delay10,已执行动作等待时间,waiting_time,184,184,10.0,描述性，不新增检验,False
E3_replay,0.25,delay3,执行次数,execution_count,184,184,96.5054347826087,描述性，不新增检验,False
E3_replay,0.25,delay3,执行覆盖率,execution_coverage,184,184,0.9650543478260869,描述性，不新增检验,False
E3_replay,0.25,delay3,曝光差距,exposure_gap,184,184,0.0035083699717501074,描述性，不新增检验,False
E3_replay,0.25,delay3,最终偏好变化,final_preference_shift,184,184,0.06933283028299148,描述性，不新增检验,False
E3_replay,0.25,delay3,最终平均信任,final_trust_mean,184,184,0.6439545303698095,描述性，不新增检验,False
E3_replay,0.25,delay3,回应发生率,has_response,184,184,1.0,描述性，不新增检验,False
E3_replay,0.25,delay3,最大待执行数,max_pending,184,184,3.0,描述性，不新增检验,False
E3_replay,0.25,delay3,期末待执行数,pending_count,184,184,2.885869565217391,描述性，不新增检验,False
E3_replay,0.25,delay3,有效感知覆盖率,perception_data_coverage,184,184,1.0,描述性，不新增检验,False
E3_replay,0.25,delay3,源信号覆盖率,platform_signal_coverage,184,184,1.0,描述性，不新增检验,False
E3_replay,0.25,delay3,固定L完成率,response_completion_L,184,184,1.0,描述性，不新增检验,False
E3_replay,0.25,delay3,新排期数,scheduled_count,184,184,96.47826086956522,描述性，不新增检验,False
E3_replay,0.25,delay3,执行目标错配,targeting_error_execution,184,184,0.7492224570885009,描述性，不新增检验,False
E3_replay,0.25,delay3,已执行动作等待时间,waiting_time,184,184,3.0,描述性，不新增检验,False
E3_replay,0.75,delay0,执行次数,execution_count,1000,1000,74.772,描述性，不新增检验,False
E3_replay,0.75,delay0,执行覆盖率,execution_coverage,1000,1000,0.74772,描述性，不新增检验,False
E3_replay,0.75,delay0,曝光差距,exposure_gap,1000,1000,0.28262265857255103,描述性，不新增检验,False
E3_replay,0.75,delay0,最终偏好变化,final_preference_shift,1000,1000,0.7121121758722673,描述性，不新增检验,False
E3_replay,0.75,delay0,最终平均信任,final_trust_mean,1000,1000,0.6136694165507705,描述性，不新增检验,False
E3_replay,0.75,delay0,回应发生率,has_response,1000,1000,1.0,描述性，不新增检验,False
E3_replay,0.75,delay0,最大待执行数,max_pending,1000,1000,0.0,描述性，不新增检验,False
E3_replay,0.75,delay0,期末待执行数,pending_count,1000,1000,0.0,描述性，不新增检验,False
E3_replay,0.75,delay0,有效感知覆盖率,perception_data_coverage,1000,1000,1.0,描述性，不新增检验,False
E3_replay,0.75,delay0,源信号覆盖率,platform_signal_coverage,1000,1000,1.0,描述性，不新增检验,False
E3_replay,0.75,delay0,固定L完成率,response_completion_L,1000,1000,1.0,描述性，不新增检验,False
E3_replay,0.75,delay0,新排期数,scheduled_count,1000,1000,74.772,描述性，不新增检验,False
E3_replay,0.75,delay0,执行目标错配,targeting_error_execution,1000,1000,0.6940017044005103,描述性，不新增检验,False
E3_replay,0.75,delay0,已执行动作等待时间,waiting_time,1000,1000,0.0,描述性，不新增检验,False
E3_replay,0.75,delay1,执行次数,execution_count,1000,1000,74.839,描述性，不新增检验,False
E3_replay,0.75,delay1,执行覆盖率,execution_coverage,1000,1000,0.74839,描述性，不新增检验,False
E3_replay,0.75,delay1,曝光差距,exposure_gap,1000,1000,0.27508842464713673,描述性，不新增检验,False
E3_replay,0.75,delay1,最终偏好变化,final_preference_shift,1000,1000,0.7132867999232112,描述性，不新增检验,False
E3_replay,0.75,delay1,最终平均信任,final_trust_mean,1000,1000,0.6130433613806531,描述性，不新增检验,False
E3_replay,0.75,delay1,回应发生率,has_response,1000,1000,1.0,描述性，不新增检验,False
E3_replay,0.75,delay1,最大待执行数,max_pending,1000,1000,1.0,描述性，不新增检验,False
E3_replay,0.75,delay1,期末待执行数,pending_count,1000,1000,0.776,描述性，不新增检验,False
E3_replay,0.75,delay1,有效感知覆盖率,perception_data_coverage,1000,1000,1.0,描述性，不新增检验,False
E3_replay,0.75,delay1,源信号覆盖率,platform_signal_coverage,1000,1000,1.0,描述性，不新增检验,False
E3_replay,0.75,delay1,固定L完成率,response_completion_L,1000,1000,1.0,描述性，不新增检验,False
E3_replay,0.75,delay1,新排期数,scheduled_count,1000,1000,74.772,描述性，不新增检验,False
E3_replay,0.75,delay1,执行目标错配,targeting_error_execution,1000,1000,0.6935956576738174,描述性，不新增检验,False
E3_replay,0.75,delay1,已执行动作等待时间,waiting_time,1000,1000,1.0,描述性，不新增检验,False
E3_replay,0.75,delay10,执行次数,execution_count,1000,1000,75.113,描述性，不新增检验,False
E3_replay,0.75,delay10,执行覆盖率,execution_coverage,1000,1000,0.75113,描述性，不新增检验,False
E3_replay,0.75,delay10,曝光差距,exposure_gap,1000,1000,0.27977804339689594,描述性，不新增检验,False
E3_replay,0.75,delay10,最终偏好变化,final_preference_shift,1000,1000,0.7169222382319572,描述性，不新增检验,False
E3_replay,0.75,delay10,最终平均信任,final_trust_mean,1000,1000,0.6139302686051273,描述性，不新增检验,False
E3_replay,0.75,delay10,回应发生率,has_response,1000,1000,1.0,描述性，不新增检验,False
E3_replay,0.75,delay10,最大待执行数,max_pending,1000,1000,9.884,描述性，不新增检验,False
E3_replay,0.75,delay10,期末待执行数,pending_count,1000,1000,7.575,描述性，不新增检验,False
E3_replay,0.75,delay10,有效感知覆盖率,perception_data_coverage,1000,1000,1.0,描述性，不新增检验,False
E3_replay,0.75,delay10,源信号覆盖率,platform_signal_coverage,1000,1000,1.0,描述性，不新增检验,False
E3_replay,0.75,delay10,固定L完成率,response_completion_L,1000,1000,1.0,描述性，不新增检验,False
E3_replay,0.75,delay10,新排期数,scheduled_count,1000,1000,74.772,描述性，不新增检验,False
E3_replay,0.75,delay10,执行目标错配,targeting_error_execution,1000,1000,0.692404961623968,描述性，不新增检验,False
E3_replay,0.75,delay10,已执行动作等待时间,waiting_time,1000,1000,10.0,描述性，不新增检验,False
E3_replay,0.75,delay3,执行次数,execution_count,1000,1000,74.863,描述性，不新增检验,False
E3_replay,0.75,delay3,执行覆盖率,execution_coverage,1000,1000,0.74863,描述性，不新增检验,False
E3_replay,0.75,delay3,曝光差距,exposure_gap,1000,1000,0.2681230218589054,描述性，不新增检验,False
E3_replay,0.75,delay3,最终偏好变化,final_preference_shift,1000,1000,0.7181867390496205,描述性，不新增检验,False
E3_replay,0.75,delay3,最终平均信任,final_trust_mean,1000,1000,0.6133656918661845,描述性，不新增检验,False
E3_replay,0.75,delay3,回应发生率,has_response,1000,1000,1.0,描述性，不新增检验,False
E3_replay,0.75,delay3,最大待执行数,max_pending,1000,1000,3.0,描述性，不新增检验,False
E3_replay,0.75,delay3,期末待执行数,pending_count,1000,1000,2.253,描述性，不新增检验,False
E3_replay,0.75,delay3,有效感知覆盖率,perception_data_coverage,1000,1000,1.0,描述性，不新增检验,False
E3_replay,0.75,delay3,源信号覆盖率,platform_signal_coverage,1000,1000,1.0,描述性，不新增检验,False
E3_replay,0.75,delay3,固定L完成率,response_completion_L,1000,1000,1.0,描述性，不新增检验,False
E3_replay,0.75,delay3,新排期数,scheduled_count,1000,1000,74.772,描述性，不新增检验,False
E3_replay,0.75,delay3,执行目标错配,targeting_error_execution,1000,1000,0.6838753850689956,描述性，不新增检验,False
E3_replay,0.75,delay3,已执行动作等待时间,waiting_time,1000,1000,3.0,描述性，不新增检验,False
E4,0.25,B0,执行次数,execution_count,184,184,96.5054347826087,描述性，不新增检验,False
E4,0.25,B0,执行覆盖率,execution_coverage,184,184,0.9650543478260869,描述性，不新增检验,False
E4,0.25,B0,曝光差距,exposure_gap,184,184,0.0034770043085557015,描述性，不新增检验,False
E4,0.25,B0,最终偏好变化,final_preference_shift,184,184,0.06940664137001448,描述性，不新增检验,False
E4,0.25,B0,最终平均信任,final_trust_mean,184,184,0.6439099030640677,描述性，不新增检验,False
E4,0.25,B0,回应发生率,has_response,184,184,1.0,描述性，不新增检验,False
E4,0.25,B0,最大待执行数,max_pending,184,184,3.0,描述性，不新增检验,False
E4,0.25,B0,期末待执行数,pending_count,184,184,2.885869565217391,描述性，不新增检验,False
E4,0.25,B0,有效感知覆盖率,perception_data_coverage,184,184,1.0,描述性，不新增检验,False
E4,0.25,B0,源信号覆盖率,platform_signal_coverage,184,184,1.0,描述性，不新增检验,False
E4,0.25,B0,固定L完成率,response_completion_L,184,184,1.0,描述性，不新增检验,False
E4,0.25,B0,新排期数,scheduled_count,184,184,96.47826086956522,描述性，不新增检验,False
E4,0.25,B0,执行目标错配,targeting_error_execution,184,184,0.7492213187487612,描述性，不新增检验,False
E4,0.25,B0,已执行动作等待时间,waiting_time,184,184,3.0,描述性，不新增检验,False
E4,0.25,B1,执行次数,execution_count,184,184,95.57065217391305,描述性，不新增检验,False
E4,0.25,B1,执行覆盖率,execution_coverage,184,184,0.9557065217391304,描述性，不新增检验,False
E4,0.25,B1,曝光差距,exposure_gap,184,184,0.0035491320243697787,描述性，不新增检验,False
E4,0.25,B1,最终偏好变化,final_preference_shift,184,184,0.0694062778579964,描述性，不新增检验,False
E4,0.25,B1,最终平均信任,final_trust_mean,184,184,0.64376711855386,描述性，不新增检验,False
E4,0.25,B1,回应发生率,has_response,184,184,1.0,描述性，不新增检验,False
E4,0.25,B1,最大待执行数,max_pending,184,184,3.0,描述性，不新增检验,False
E4,0.25,B1,期末待执行数,pending_count,184,184,2.880434782608696,描述性，不新增检验,False
E4,0.25,B1,有效感知覆盖率,perception_data_coverage,184,184,1.0,描述性，不新增检验,False
E4,0.25,B1,源信号覆盖率,platform_signal_coverage,184,184,1.0,描述性，不新增检验,False
E4,0.25,B1,固定L完成率,response_completion_L,184,184,1.0,描述性，不新增检验,False
E4,0.25,B1,新排期数,scheduled_count,184,184,95.61413043478261,描述性，不新增检验,False
E4,0.25,B1,执行目标错配,targeting_error_execution,184,184,0.7480234925517996,描述性，不新增检验,False
E4,0.25,B1,已执行动作等待时间,waiting_time,184,184,3.0,描述性，不新增检验,False
E4,0.25,B2,执行次数,execution_count,184,184,99.90760869565217,描述性，不新增检验,False
E4,0.25,B2,执行覆盖率,execution_coverage,184,184,0.9990760869565217,描述性，不新增检验,False
E4,0.25,B2,曝光差距,exposure_gap,184,184,0.003607237860471544,描述性，不新增检验,False
E4,0.25,B2,最终偏好变化,final_preference_shift,184,184,0.0694783034799872,描述性，不新增检验,False
E4,0.25,B2,最终平均信任,final_trust_mean,184,184,0.6439224497520569,描述性，不新增检验,False
E4,0.25,B2,回应发生率,has_response,184,184,1.0,描述性，不新增检验,False
E4,0.25,B2,最大待执行数,max_pending,184,184,3.0,描述性，不新增检验,False
E4,0.25,B2,期末待执行数,pending_count,184,184,1.0,描述性，不新增检验,False
E4,0.25,B2,有效感知覆盖率,perception_data_coverage,184,184,1.0,描述性，不新增检验,False
E4,0.25,B2,源信号覆盖率,platform_signal_coverage,184,184,1.0,描述性，不新增检验,False
E4,0.25,B2,固定L完成率,response_completion_L,184,184,1.0,描述性，不新增检验,False
E4,0.25,B2,新排期数,scheduled_count,184,184,99.90760869565217,描述性，不新增检验,False
E4,0.25,B2,执行目标错配,targeting_error_execution,184,184,0.7439965945260485,描述性，不新增检验,False
E4,0.25,B2,已执行动作等待时间,waiting_time,184,184,1.0,描述性，不新增检验,False
E4,0.25,B3,执行次数,execution_count,184,184,96.9836956521739,描述性，不新增检验,False
E4,0.25,B3,执行覆盖率,execution_coverage,184,184,0.8122826086956522,描述性，不新增检验,False
E4,0.25,B3,曝光差距,exposure_gap,184,184,0.003469955572450048,描述性，不新增检验,False
E4,0.25,B3,最终偏好变化,final_preference_shift,184,184,0.06940658716079531,描述性，不新增检验,False
E4,0.25,B3,最终平均信任,final_trust_mean,184,184,0.6440375078299523,描述性，不新增检验,False
E4,0.25,B3,回应发生率,has_response,184,184,1.0,描述性，不新增检验,False
E4,0.25,B3,最大待执行数,max_pending,184,184,3.7119565217391304,描述性，不新增检验,False
E4,0.25,B3,期末待执行数,pending_count,184,184,2.9565217391304346,描述性，不新增检验,False
E4,0.25,B3,有效感知覆盖率,perception_data_coverage,184,184,1.0,描述性，不新增检验,False
E4,0.25,B3,源信号覆盖率,platform_signal_coverage,184,184,1.0,描述性，不新增检验,False
E4,0.25,B3,固定L完成率,response_completion_L,184,184,1.0,描述性，不新增检验,False
E4,0.25,B3,新排期数,scheduled_count,184,184,97.01086956521739,描述性，不新增检验,False
E4,0.25,B3,执行目标错配,targeting_error_execution,184,184,0.6909278166997115,描述性，不新增检验,False
E4,0.25,B3,已执行动作等待时间,waiting_time,184,184,3.0,描述性，不新增检验,False
E4,0.25,B4,执行次数,execution_count,184,184,71.06521739130434,描述性，不新增检验,False
E4,0.25,B4,执行覆盖率,execution_coverage,184,184,0.7106521739130435,描述性，不新增检验,False
E4,0.25,B4,曝光差距,exposure_gap,184,184,7.272189779330207e-05,描述性，不新增检验,False
E4,0.25,B4,最终偏好变化,final_preference_shift,184,184,0.06940684387171096,描述性，不新增检验,False
E4,0.25,B4,最终平均信任,final_trust_mean,184,184,0.6385690489256917,描述性，不新增检验,False
E4,0.25,B4,回应发生率,has_response,184,184,1.0,描述性，不新增检验,False
E4,0.25,B4,最大待执行数,max_pending,184,184,3.0,描述性，不新增检验,False
E4,0.25,B4,期末待执行数,pending_count,184,184,1.8641304347826086,描述性，不新增检验,False
E4,0.25,B4,有效感知覆盖率,perception_data_coverage,184,184,1.0,描述性，不新增检验,False
E4,0.25,B4,源信号覆盖率,platform_signal_coverage,184,184,1.0,描述性，不新增检验,False
E4,0.25,B4,固定L完成率,response_completion_L,184,184,1.0,描述性，不新增检验,False
E4,0.25,B4,新排期数,scheduled_count,184,184,70.4945652173913,描述性，不新增检验,False
E4,0.25,B4,执行目标错配,targeting_error_execution,184,184,0.7420785596949325,描述性，不新增检验,False
E4,0.25,B4,已执行动作等待时间,waiting_time,184,184,3.0,描述性，不新增检验,False
E4,0.75,B0,执行次数,execution_count,1000,1000,74.863,描述性，不新增检验,False
E4,0.75,B0,执行覆盖率,execution_coverage,1000,1000,0.74863,描述性，不新增检验,False
E4,0.75,B0,曝光差距,exposure_gap,1000,1000,0.27589215250339566,描述性，不新增检验,False
E4,0.75,B0,最终偏好变化,final_preference_shift,1000,1000,0.7212396901995317,描述性，不新增检验,False
E4,0.75,B0,最终平均信任,final_trust_mean,1000,1000,0.6143486467754178,描述性，不新增检验,False
E4,0.75,B0,回应发生率,has_response,1000,1000,1.0,描述性，不新增检验,False
E4,0.75,B0,最大待执行数,max_pending,1000,1000,3.0,描述性，不新增检验,False
E4,0.75,B0,期末待执行数,pending_count,1000,1000,2.253,描述性，不新增检验,False
E4,0.75,B0,有效感知覆盖率,perception_data_coverage,1000,1000,1.0,描述性，不新增检验,False
E4,0.75,B0,源信号覆盖率,platform_signal_coverage,1000,1000,1.0,描述性，不新增检验,False
E4,0.75,B0,固定L完成率,response_completion_L,1000,1000,1.0,描述性，不新增检验,False
E4,0.75,B0,新排期数,scheduled_count,1000,1000,74.772,描述性，不新增检验,False
E4,0.75,B0,执行目标错配,targeting_error_execution,1000,1000,0.676817900909273,描述性，不新增检验,False
E4,0.75,B0,已执行动作等待时间,waiting_time,1000,1000,3.0,描述性，不新增检验,False
E4,0.75,B1,执行次数,execution_count,1000,1000,33.239,描述性，不新增检验,False
E4,0.75,B1,执行覆盖率,execution_coverage,1000,1000,0.33239,描述性，不新增检验,False
E4,0.75,B1,曝光差距,exposure_gap,1000,1000,0.2763977410142218,描述性，不新增检验,False
E4,0.75,B1,最终偏好变化,final_preference_shift,1000,1000,0.7204524060600018,描述性，不新增检验,False
E4,0.75,B1,最终平均信任,final_trust_mean,1000,1000,0.6139860354763534,描述性，不新增检验,False
E4,0.75,B1,回应发生率,has_response,1000,1000,1.0,描述性，不新增检验,False
E4,0.75,B1,最大待执行数,max_pending,1000,1000,3.0,描述性，不新增检验,False
E4,0.75,B1,期末待执行数,pending_count,1000,1000,0.923,描述性，不新增检验,False
E4,0.75,B1,有效感知覆盖率,perception_data_coverage,1000,1000,1.0,描述性，不新增检验,False
E4,0.75,B1,源信号覆盖率,platform_signal_coverage,1000,1000,1.0,描述性，不新增检验,False
E4,0.75,B1,固定L完成率,response_completion_L,1000,1000,1.0,描述性，不新增检验,False
E4,0.75,B1,新排期数,scheduled_count,1000,1000,33.165,描述性，不新增检验,False
E4,0.75,B1,执行目标错配,targeting_error_execution,1000,1000,0.17940414757694456,描述性，不新增检验,False
E4,0.75,B1,已执行动作等待时间,waiting_time,1000,1000,3.0,描述性，不新增检验,False
E4,0.75,B2,执行次数,execution_count,1000,1000,99.62,描述性，不新增检验,False
E4,0.75,B2,执行覆盖率,execution_coverage,1000,1000,0.9962,描述性，不新增检验,False
E4,0.75,B2,曝光差距,exposure_gap,1000,1000,0.23654001394963364,描述性，不新增检验,False
E4,0.75,B2,最终偏好变化,final_preference_shift,1000,1000,0.7233428043073453,描述性，不新增检验,False
E4,0.75,B2,最终平均信任,final_trust_mean,1000,1000,0.6178497066032085,描述性，不新增检验,False
E4,0.75,B2,回应发生率,has_response,1000,1000,1.0,描述性，不新增检验,False
E4,0.75,B2,最大待执行数,max_pending,1000,1000,3.0,描述性，不新增检验,False
E4,0.75,B2,期末待执行数,pending_count,1000,1000,0.999,描述性，不新增检验,False
E4,0.75,B2,有效感知覆盖率,perception_data_coverage,1000,1000,1.0,描述性，不新增检验,False
E4,0.75,B2,源信号覆盖率,platform_signal_coverage,1000,1000,1.0,描述性，不新增检验,False
E4,0.75,B2,固定L完成率,response_completion_L,1000,1000,1.0,描述性，不新增检验,False
E4,0.75,B2,新排期数,scheduled_count,1000,1000,99.621,描述性，不新增检验,False
E4,0.75,B2,执行目标错配,targeting_error_execution,1000,1000,0.5900261654542459,描述性，不新增检验,False
E4,0.75,B2,已执行动作等待时间,waiting_time,1000,1000,1.0,描述性，不新增检验,False
E4,0.75,B3,执行次数,execution_count,1000,1000,77.137,描述性，不新增检验,False
E4,0.75,B3,执行覆盖率,execution_coverage,1000,1000,0.60193,描述性，不新增检验,False
E4,0.75,B3,曝光差距,exposure_gap,1000,1000,0.27368963456642825,描述性，不新增检验,False
E4,0.75,B3,最终偏好变化,final_preference_shift,1000,1000,0.7201756084709708,描述性，不新增检验,False
E4,0.75,B3,最终平均信任,final_trust_mean,1000,1000,0.6147547154303181,描述性，不新增检验,False
E4,0.75,B3,回应发生率,has_response,1000,1000,1.0,描述性，不新增检验,False
E4,0.75,B3,最大待执行数,max_pending,1000,1000,3.92,描述性，不新增检验,False
E4,0.75,B3,期末待执行数,pending_count,1000,1000,2.477,描述性，不新增检验,False
E4,0.75,B3,有效感知覆盖率,perception_data_coverage,1000,1000,1.0,描述性，不新增检验,False
E4,0.75,B3,源信号覆盖率,platform_signal_coverage,1000,1000,1.0,描述性，不新增检验,False
E4,0.75,B3,固定L完成率,response_completion_L,1000,1000,1.0,描述性，不新增检验,False
E4,0.75,B3,新排期数,scheduled_count,1000,1000,77.134,描述性，不新增检验,False
E4,0.75,B3,执行目标错配,targeting_error_execution,1000,1000,0.6658265134177881,描述性，不新增检验,False
E4,0.75,B3,已执行动作等待时间,waiting_time,1000,1000,3.0,描述性，不新增检验,False
E4,0.75,B4,执行次数,execution_count,1000,1000,71.383,描述性，不新增检验,False
E4,0.75,B4,执行覆盖率,execution_coverage,1000,1000,0.71383,描述性，不新增检验,False
E4,0.75,B4,曝光差距,exposure_gap,1000,1000,0.005919051932358588,描述性，不新增检验,False
E4,0.75,B4,最终偏好变化,final_preference_shift,1000,1000,0.7022822399439783,描述性，不新增检验,False
E4,0.75,B4,最终平均信任,final_trust_mean,1000,1000,0.6011386905244156,描述性，不新增检验,False
E4,0.75,B4,回应发生率,has_response,1000,1000,1.0,描述性，不新增检验,False
E4,0.75,B4,最大待执行数,max_pending,1000,1000,3.0,描述性，不新增检验,False
E4,0.75,B4,期末待执行数,pending_count,1000,1000,2.098,描述性，不新增检验,False
E4,0.75,B4,有效感知覆盖率,perception_data_coverage,1000,1000,1.0,描述性，不新增检验,False
E4,0.75,B4,源信号覆盖率,platform_signal_coverage,1000,1000,1.0,描述性，不新增检验,False
E4,0.75,B4,固定L完成率,response_completion_L,1000,1000,1.0,描述性，不新增检验,False
E4,0.75,B4,新排期数,scheduled_count,1000,1000,71.379,描述性，不新增检验,False
E4,0.75,B4,执行目标错配,targeting_error_execution,1000,1000,0.652566661584842,描述性，不新增检验,False
E4,0.75,B4,已执行动作等待时间,waiting_time,1000,1000,3.0,描述性，不新增检验,False
