seed,alpha,arm,mean_error,sd_over_time,full_mean_error,initial_reference_error,top_accuracy,attention_error,uniform_prior_error,preference_change,late_window_shift
101,0.0,platform,0.00042630666963271326,0.0002865329521579868,0.020293768557496785,0.1338173423587536,1.0,0.00042630666963271326,0.34135704861481164,0.13339103568912086,-0.00046344015124651506
101,0.0,survey,0.1465456939905682,0.0631489885333409,0.12590251506073222,0.196768148773742,1.0,0.00042630666963271326,0.34135704861481164,0.13339103568912086,0.006620495802435233
101,0.0,fused,0.07325307136100834,0.03170901208659797,0.06481946097320328,0.14559977049587264,1.0,0.00042630666963271326,0.34135704861481164,0.13339103568912086,0.00333658774060884
101,0.0,oracle,0.0,0.0,0.0,0.13339103568912086,1.0,0.00042630666963271326,0.34135704861481164,0.13339103568912086,0.0
102,0.0,platform,0.000253184187098577,0.0001701723612055484,0.012681204963432561,0.08115715405364544,1.0,0.000253184187098577,0.19141348247956808,0.08090396986654688,-0.0002752378189702526
102,0.0,survey,0.18303662772133839,0.08091939877771412,0.1653846062278714,0.20399834230408334,0.75,0.000253184187098577,0.19141348247956808,0.08090396986654688,0.06264366976791846
102,0.0,fused,0.09149196909193878,0.040507639783932285,0.08224716485755272,0.12250528951957589,0.75,0.000253184187098577,0.19141348247956808,0.08090396986654688,0.031417640198673366
102,0.0,oracle,0.0,0.0,0.0,0.08090396986654688,1.0,0.000253184187098577,0.19141348247956808,0.08090396986654688,0.0
103,0.0,platform,0.0002517047740405925,0.00016917800521452833,0.012021684443612419,0.07900993890182507,1.0,0.0002517047740405925,0.25808162855929273,0.0787582341277845,-0.00027362954150198947
103,0.0,survey,0.16001268697811133,0.06165606326938,0.1484073385490647,0.17544984453282078,0.5,0.0002517047740405925,0.25808162855929273,0.0787582341277845,-0.020305786981326485
103,0.0,fused,0.07996324275206916,0.03083119369225549,0.07538922485246904,0.10531533624600006,0.5,0.0002517047740405925,0.25808162855929273,0.0787582341277845,-0.010086765328296679
103,0.0,oracle,0.0,0.0,0.0,0.0787582341277845,1.0,0.0002517047740405925,0.25808162855929273,0.0787582341277845,0.0
104,0.0,platform,0.00013115883589319421,8.815561924578132e-05,0.006228590991274508,0.041170659753495806,1.0,0.00013115883589319421,0.17493563353495478,0.0410395009176026,-0.00014258343834034763
104,0.0,survey,0.16118604305287634,0.058651795918484226,0.15403229656098405,0.16379172448026208,0.5,0.00013115883589319421,0.17493563353495478,0.0410395009176026,-0.0517501140940235
104,0.0,fused,0.08060056049265037,0.029305711711812853,0.07767722760774123,0.08725323458407691,0.875,0.00013115883589319421,0.17493563353495478,0.0410395009176026,-0.02588218348644182
104,0.0,oracle,0.0,0.0,0.0,0.0410395009176026,1.0,0.00013115883589319421,0.17493563353495478,0.0410395009176026,0.0
105,0.0,platform,0.0001561550364483282,0.00010495628329347856,0.008332432153899871,0.04901694827211809,1.0,0.0001561550364483282,0.19984384496355168,0.048860793235669754,-0.00016975693524067006
105,0.0,survey,0.18910801001371155,0.0851998893432717,0.15822734203961406,0.18888937924180876,0.75,0.0001561550364483282,0.19984384496355168,0.048860793235669754,-0.07437097565411244
105,0.0,fused,0.0945640874147344,0.04255366861016778,0.08075912080466294,0.09434545664283159,0.75,0.0001561550364483282,0.19984384496355168,0.048860793235669754,-0.037201510428354415
105,0.0,oracle,0.0,0.0,0.0,0.048860793235669754,1.0,0.0001561550364483282,0.19984384496355168,0.048860793235669754,0.0
106,0.0,platform,0.00013913122422174801,9.351409033305115e-05,0.006607191074022617,0.043673186442325436,1.0,0.00013913122422174801,0.19164303556149634,0.0435340552181037,-0.00015125026228651455
106,0.0,survey,0.20274064524545424,0.10110472676358505,0.17055397623791835,0.18773779533719678,0.125,0.00013913122422174801,0.19164303556149634,0.0435340552181037,-0.11817837893861968
106,0.0,fused,0.1013284343666215,0.05057638052488108,0.08462862419279409,0.09640798285263377,0.5,0.00013913122422174801,0.19164303556149634,0.0435340552181037,-0.05904138012959469
106,0.0,oracle,0.0,0.0,0.0,0.0435340552181037,1.0,0.00013913122422174801,0.19164303556149634,0.0435340552181037,0.0
107,0.0,platform,0.00030066497203956697,0.00020208555996370433,0.014659566849289273,0.09437850816025296,1.0,0.00030066497203956697,0.3496993350279604,0.0940778431882134,-0.00032685442204456684
107,0.0,survey,0.1911915766901584,0.03915724053270392,0.15951506793367312,0.2021704675405704,0.625,0.00030066497203956697,0.3496993350279604,0.0940778431882134,0.017195755737096363
107,0.0,fused,0.09564438803449578,0.01945142534653553,0.0815669435369387,0.12388052256815137,0.625,0.00030066497203956697,0.3496993350279604,0.0940778431882134,0.008531569923132795
107,0.0,oracle,0.0,0.0,0.0,0.0940778431882134,1.0,0.00030066497203956697,0.3496993350279604,0.0940778431882134,0.0
108,0.0,platform,0.0004422127784922651,0.00029722390459561933,0.02100020566350969,0.13881025794388788,1.0,0.0004422127784922651,0.357891120554841,0.13836804516539558,-0.00048073176317926396
108,0.0,survey,0.12690420236165473,0.062308886102911014,0.14841903851739902,0.20352329374518482,1.0,0.0004422127784922651,0.357891120554841,0.13836804516539558,0.05001277345241523
108,0.0,fused,0.06341689554488825,0.031146186004640915,0.07675429573164026,0.16106879174392896,1.0,0.0004422127784922651,0.357891120554841,0.13836804516539558,0.025211789635442475
108,0.0,oracle,0.0,0.0,0.0,0.13836804516539558,1.0,0.0004422127784922651,0.357891120554841,0.13836804516539558,0.0
101,0.25,platform,0.01839042824233329,0.02858876302096137,0.03609736649438717,0.16808817569208692,1.0,0.019248182313526437,0.3911276677544116,0.18315918027276373,0.034749040957745975
101,0.25,survey,0.15370529606869507,0.09644613919209141,0.12808681630145685,0.2644507904396292,1.0,0.019248182313526437,0.3911276677544116,0.18315918027276373,-0.02863824669392251
101,0.25,fused,0.080432413905746,0.04501014408393097,0.0668116741503166,0.21397208904839302,1.0,0.019248182313526437,0.3911276677544116,0.18315918027276373,-0.0073413735629608845
101,0.25,oracle,0.0,0.0,0.0,0.18315918027276373,1.0,0.019248182313526437,0.3911276677544116,0.18315918027276373,0.0
102,0.25,platform,0.008082240919060561,0.011989251857605071,0.02700333590523991,0.08838632072031212,1.0,0.009327032581256117,0.1908673734203993,0.08030407980125157,0.013524035416765357
102,0.25,survey,0.19001751224391353,0.0807748923249873,0.16314369462804124,0.21294977993655434,0.75,0.009327032581256117,0.1908673734203993,0.08030407980125157,0.035754385220324925
102,0.25,fused,0.09831718121563879,0.04035755417501932,0.08429400757394608,0.1308564566725397,0.875,0.009327032581256117,0.1908673734203993,0.08030407980125157,0.025015486790987432
102,0.25,oracle,0.0,0.0,0.0,0.08030407980125157,1.0,0.009327032581256117,0.1908673734203993,0.08030407980125157,0.0
103,0.25,platform,0.0023157622444095246,0.0023553081692795443,0.02281462665066019,0.0976557722351584,1.0,0.0034357365727787094,0.274707181336954,0.09538378690544572,0.0037275625031415187
103,0.25,survey,0.16409516771772764,0.0512560954999211,0.14913790911203842,0.18054806744993737,0.5,0.0034357365727787094,0.274707181336954,0.09538378690544572,-0.007752067231670962
103,0.25,fused,0.08204717216345334,0.02557443769488114,0.07484689409189117,0.12101851437552717,0.5,0.0034357365727787094,0.274707181336954,0.09538378690544572,-0.0036838719345542864
103,0.25,oracle,0.0,0.0,0.0,0.09538378690544572,1.0,0.0034357365727787094,0.274707181336954,0.09538378690544572,0.0
104,0.25,platform,0.008191990169267287,0.01343279004000316,0.016810342526660534,0.08271996015661351,1.0,0.010070258000089349,0.191526726128665,0.07649832295847978,0.01557113363680595
104,0.25,survey,0.19322372691263973,0.08458735545791937,0.16018602566037712,0.2279772765398301,0.75,0.010070258000089349,0.191526726128665,0.07649832295847978,-0.07423120699595981
104,0.25,fused,0.0960734193643035,0.04414778106872759,0.08182061270933362,0.13568228014523281,0.75,0.010070258000089349,0.191526726128665,0.07649832295847978,-0.03827409861262514
104,0.25,oracle,0.0,0.0,0.0,0.07649832295847978,1.0,0.010070258000089349,0.191526726128665,0.07649832295847978,0.0
105,0.25,platform,0.008856189683415602,0.014368627866985334,0.020213852132129072,0.10541278160545142,1.0,0.010331515783283127,0.2579802125075513,0.1069971607796694,0.016622258267522047
105,0.25,survey,0.18380448918211742,0.08969531788121778,0.15534594608622446,0.21238911305243952,0.875,0.010331515783283127,0.2579802125075513,0.1069971607796694,-0.08872851524255587
105,0.25,fused,0.09150392597185626,0.04486331526377157,0.07962185534729427,0.13395268151082734,1.0,0.010331515783283127,0.2579802125075513,0.1069971607796694,-0.04522677308622032
105,0.25,oracle,0.0,0.0,0.0,0.1069971607796694,1.0,0.010331515783283127,0.2579802125075513,0.1069971607796694,0.0
106,0.25,platform,0.004094083529571785,0.005422479773344061,0.012623001494449981,0.06889409016350498,1.0,0.01558738879119007,0.22485580628906515,0.07088817028226943,0.007552743863500787
106,0.25,survey,0.1984272684636322,0.11996241882869613,0.16641239349780895,0.20061160040322507,0.375,0.01558738879119007,0.22485580628906515,0.07088817028226943,-0.1803058420163607
106,0.25,fused,0.10001376534083033,0.06013958399066064,0.08346933651050215,0.11412516674682116,0.5,0.01558738879119007,0.22485580628906515,0.07088817028226943,-0.08849398173927916
106,0.25,oracle,0.0,0.0,0.0,0.07088817028226943,1.0,0.01558738879119007,0.22485580628906515,0.07088817028226943,0.0
107,0.25,platform,0.004371249249507731,0.006198749308053602,0.02175945433158574,0.11747225816025293,1.0,0.004574421796148924,0.37460077261478064,0.11897928077503357,0.007510041605299517
107,0.25,survey,0.1817903433640242,0.04082113053866993,0.14876342939428042,0.20209870407104602,0.625,0.004574421796148924,0.37460077261478064,0.11897928077503357,0.04425641700073696
107,0.25,fused,0.09056497428140209,0.020536814307384726,0.07714355504554272,0.1307945587806812,0.625,0.004574421796148924,0.37460077261478064,0.11897928077503357,0.02119650839168423
107,0.25,oracle,0.0,0.0,0.0,0.11897928077503357,1.0,0.004574421796148924,0.37460077261478064,0.11897928077503357,0.0
108,0.25,platform,0.004051795516122778,0.004945439436644583,0.03872986976718371,0.19468525794388788,1.0,0.008289974508924764,0.4158608411314253,0.19633776574197986,0.005608399725101378
108,0.25,survey,0.1225903024989993,0.06622738975173016,0.13361467653981343,0.23441912574107318,1.0,0.008289974508924764,0.4158608411314253,0.19633776574197986,-0.0038611518615099955
108,0.25,fused,0.060540898958592736,0.03291464178628423,0.07506201999337202,0.20276320867570288,1.0,0.008289974508924764,0.4158608411314253,0.19633776574197986,-0.0033134668914948304
108,0.25,oracle,0.0,0.0,0.0,0.19633776574197986,1.0,0.008289974508924764,0.4158608411314253,0.19633776574197986,0.0
101,0.5,platform,0.01682666077019885,0.019392290941374554,0.05435442260777005,0.3361506756920869,1.0,0.0340084036009575,0.54892132185108,0.3410719975431669,0.030323328734401595
101,0.5,survey,0.06648807963434214,0.03900274018359326,0.06613517086716339,0.3948948557473132,1.0,0.0340084036009575,0.54892132185108,0.3410719975431669,-0.01642391989209021
101,0.5,fused,0.03648451286296979,0.018455457532083407,0.04225386908502473,0.3655227657197001,1.0,0.0340084036009575,0.54892132185108,0.3410719975431669,-0.0031599609166369225
101,0.5,oracle,0.0,0.0,0.0,0.3410719975431669,1.0,0.0340084036009575,0.54892132185108,0.3410719975431669,0.0
102,0.5,platform,0.08492488456858824,0.0258726865996065,0.07287541981688592,0.24392740314233227,1.0,0.0776436759128302,0.3160529567597168,0.18981685305368376,-0.03176908011415577
102,0.5,survey,0.16914785677440014,0.10464382697136915,0.15021902751959526,0.27553559123271715,0.875,0.0776436759128302,0.3160529567597168,0.18981685305368376,0.06854514272120843
102,0.5,fused,0.09821439952403659,0.053758463476056034,0.0835803839050976,0.23823534609864466,1.0,0.0776436759128302,0.3160529567597168,0.18981685305368376,0.00988288507674323
102,0.5,oracle,0.0,0.0,0.0,0.18981685305368376,1.0,0.0776436759128302,0.3160529567597168,0.18981685305368376,0.0
103,0.5,platform,0.14784048767112518,0.05360811178931108,0.11940872404509298,0.21025602221140743,1.0,0.14295181667172022,0.37500684462494904,0.1956834501934408,-0.08667497482479206
103,0.5,survey,0.12525060253130638,0.05720511347750295,0.13000954466208742,0.22720654346130628,0.875,0.14295181667172022,0.37500684462494904,0.1956834501934408,0.06368432570242424
103,0.5,fused,0.1005920677393514,0.04109557098793019,0.0924680792755814,0.17558099595189947,1.0,0.14295181667172022,0.37500684462494904,0.1956834501934408,-0.010873028537274815
103,0.5,oracle,0.0,0.0,0.0,0.1956834501934408,1.0,0.14295181667172022,0.37500684462494904,0.1956834501934408,0.0
104,0.5,platform,0.13060427810283595,0.028031350367011255,0.09233373711281086,0.11413272733838609,1.0,0.13315412026879894,0.26618657785557526,0.11568469325629845,-0.04416516662470461
104,0.5,survey,0.2169070285327595,0.08151532535822041,0.1661074417486531,0.29149873922273717,0.75,0.13315412026879894,0.26618657785557526,0.11568469325629845,-0.03438498645915869
104,0.5,fused,0.13025948861604597,0.039668315599194044,0.10362464616147005,0.16860767874242763,0.875,0.13315412026879894,0.26618657785557526,0.11568469325629845,-0.027236256534010767
104,0.5,oracle,0.0,0.0,0.0,0.11568469325629845,1.0,0.13315412026879894,0.26618657785557526,0.11568469325629845,0.0
105,0.5,platform,0.06053085143832397,0.02079206600892315,0.08880978617543515,0.3443029557242666,1.0,0.07867937587373305,0.4073524812677472,0.2854286866573569,-0.0257852647983879
105,0.5,survey,0.1765146390286311,0.06320090100649037,0.12595190423930858,0.3921898153015987,1.0,0.07867937587373305,0.4073524812677472,0.2854286866573569,-0.07009284020917356
105,0.5,fused,0.10348971386463228,0.04533620521770224,0.07559466377303507,0.3633584862627487,1.0,0.07867937587373305,0.4073524812677472,0.2854286866573569,-0.06466937149638564
105,0.5,oracle,0.0,0.0,0.0,0.2854286866573569,1.0,0.07867937587373305,0.4073524812677472,0.2854286866573569,0.0
106,0.5,platform,0.11203639739643004,0.013901642538303127,0.07979317915121587,0.19584244487740027,0.75,0.12615390317840267,0.31612258788803194,0.17054864595859676,-0.013171116345732078
106,0.5,survey,0.17772051573328146,0.10781130642363047,0.1365199623044875,0.2080352133546474,0.5,0.12615390317840267,0.31612258788803194,0.17054864595859676,-0.14309282016051225
106,0.5,fused,0.09769560934910597,0.06972158209203166,0.07609150950786676,0.1771150452723517,0.5,0.12615390317840267,0.31612258788803194,0.17054864595859676,-0.03932998425407992
106,0.5,oracle,0.0,0.0,0.0,0.17054864595859676,1.0,0.12615390317840267,0.31612258788803194,0.17054864595859676,0.0
107,0.5,platform,0.040892243026959096,0.03631339151456975,0.047444123593758936,0.20478475816025293,0.5,0.057808909693625773,0.4486127356331761,0.192991243793429,0.05666852183002329
107,0.5,survey,0.16293521045992154,0.047419392693199974,0.13669231983098631,0.2357159903419777,0.5,0.057808909693625773,0.4486127356331761,0.192991243793429,0.031292479823700786
107,0.5,fused,0.08741290098995332,0.029277544754412504,0.07594680438867125,0.19988465126878915,0.5,0.057808909693625773,0.4486127356331761,0.192991243793429,0.02644290365246134
107,0.5,oracle,0.0,0.0,0.0,0.192991243793429,1.0,0.057808909693625773,0.4486127356331761,0.192991243793429,0.0
108,0.5,platform,0.03815517287632404,0.006255634257447555,0.07184520335965429,0.36426859127722117,1.0,0.04725616012462071,0.5486630904140731,0.3291400150246277,-0.007820228927526825
108,0.5,survey,0.09966108099690056,0.03254762337953016,0.110362185823585,0.34140579476646743,1.0,0.04725616012462071,0.5486630904140731,0.3291400150246277,-0.037167158444652126
108,0.5,fused,0.052725459042710456,0.020983331828497275,0.0689573754976,0.3528371930218443,1.0,0.04725616012462071,0.5486630904140731,0.3291400150246277,-0.02402752866411967
108,0.5,oracle,0.0,0.0,0.0,0.3291400150246277,1.0,0.04725616012462071,0.5486630904140731,0.3291400150246277,0.0
101,0.75,platform,0.46375719061839754,0.08553545195324169,0.3015452077603051,0.23691872324272292,0.875,0.49883911826905986,0.747955050376987,0.5401057260690741,0.13007277233638204
101,0.75,survey,0.00030419776773415693,0.00022786366936994556,0.018822614274993175,0.5399293691552186,1.0,0.49883911826905986,0.747955050376987,0.5401057260690741,-0.00022699095478470583
101,0.75,fused,0.2319217184756266,0.04273174073805681,0.15266818478362065,0.3085400224236528,1.0,0.49883911826905986,0.747955050376987,0.5401057260690741,0.06490433826800301
101,0.75,oracle,0.0,0.0,0.0,0.5401057260690741,1.0,0.49883911826905986,0.747955050376987,0.5401057260690741,0.0
102,0.75,platform,0.4036006287679905,0.10297268514667067,0.2646749855632485,0.33040925164856916,0.875,0.4386900851911094,0.6902022996028823,0.6834009571383952,0.16461111813365498
102,0.75,survey,0.010392102135402351,0.00748053602845851,0.0733957662931615,0.674471379711681,1.0,0.4386900851911094,0.6902022996028823,0.6834009571383952,-0.008121919533075533
102,0.75,fused,0.20619464332648837,0.05088524685092866,0.1407246904219237,0.477585018623597,1.0,0.4386900851911094,0.6902022996028823,0.6834009571383952,0.07920708227402848
102,0.75,oracle,0.0,0.0,0.0,0.6834009571383952,1.0,0.4386900851911094,0.6902022996028823,0.6834009571383952,0.0
103,0.75,platform,0.2592904126047507,0.08613804339140428,0.19893466321928915,0.4935342910334638,1.0,0.2943982940378377,0.7474784794582658,0.679007817265443,0.12000159166370289
103,0.75,survey,0.0004165688765134843,0.00034166221633068146,0.018528184746622253,0.6787154947791245,1.0,0.2943982940378377,0.7474784794582658,0.679007817265443,-0.00032248263543274453
103,0.75,fused,0.12970546869331345,0.04304831682568889,0.10160827572920281,0.5501224162931508,1.0,0.2943982940378377,0.7474784794582658,0.679007817265443,0.059919522880492834
103,0.75,oracle,0.0,0.0,0.0,0.679007817265443,1.0,0.2943982940378377,0.7474784794582658,0.679007817265443,0.0
104,0.75,platform,0.5313852676983412,0.04416415641845981,0.27624762156208366,0.32933231070637015,0.875,0.5381441951527606,0.6717706072200049,0.7993083886085393,0.07084830514363583
104,0.75,survey,0.018494967526055672,0.018061503935887166,0.06991876083183549,0.7918072793623887,1.0,0.5381441951527606,0.6717706072200049,0.7993083886085393,-0.026520376348931125
104,0.75,fused,0.2695643459043652,0.01914721431326792,0.15746984524896407,0.5334225303754616,1.0,0.5381441951527606,0.6717706072200049,0.7993083886085393,0.027989842028343315
104,0.75,oracle,0.0,0.0,0.0,0.7993083886085393,1.0,0.5381441951527606,0.6717706072200049,0.7993083886085393,0.0
105,0.75,platform,0.698086035414788,0.16674918791384613,0.4199719647059876,0.26420343895668996,0.3125,0.7679114103217927,0.714712909949811,0.6096408656740774,0.24395224944202754
105,0.75,survey,0.0044835441870377715,0.0025554908827270305,0.021601265168777868,0.6111843246857236,1.0,0.7679114103217927,0.714712909949811,0.6096408656740774,-0.0006914337746773969
105,0.75,fused,0.3481299913498641,0.0836492646056077,0.21397366869869208,0.28279776142214896,1.0,0.7679114103217927,0.714712909949811,0.6096408656740774,0.12319701976161629
105,0.75,oracle,0.0,0.0,0.0,0.6096408656740774,1.0,0.7679114103217927,0.714712909949811,0.6096408656740774,0.0
106,0.75,platform,0.28239894146320976,0.12751753275213468,0.22759009612481684,0.3773498499859119,0.9125,0.3155038677455595,0.6311484854303518,0.626774948708208,-0.16961254162753933
106,0.75,survey,0.0402616223645899,0.04918148373318867,0.05924301869121543,0.6312008632470801,0.9625,0.3155038677455595,0.6311484854303518,0.626774948708208,0.06022199097635599
106,0.75,fused,0.1398007762036916,0.06303081243143381,0.11742838729875259,0.504275356616496,0.9625,0.3155038677455595,0.6311484854303518,0.626774948708208,-0.08457537997397103
106,0.75,oracle,0.0,0.0,0.0,0.626774948708208,1.0,0.3155038677455595,0.6311484854303518,0.626774948708208,0.0
107,0.75,platform,0.19841517207533413,0.0009580827503326235,0.17052980236941098,0.430004707871917,1.0,0.19850515803680313,0.747593463411292,0.6275981712832089,0.0014255247195187615
107,0.75,survey,0.0004970525092645896,0.00041584743001372694,0.019563540634514754,0.6272033910384147,1.0,0.19850515803680313,0.747593463411292,0.6275981712832089,-0.00041569205840712235
107,0.75,fused,0.09936026241483846,0.00038704105918124364,0.08791652283661501,0.5286040494551658,1.0,0.19850515803680313,0.747593463411292,0.6275981712832089,0.0005968292362874827
107,0.75,oracle,0.0,0.0,0.0,0.6275981712832089,1.0,0.19850515803680313,0.747593463411292,0.6275981712832089,0.0
108,0.75,platform,0.38704875140983885,0.11096340121773032,0.25028350062886817,0.43604330402060487,0.9375,0.422283950735206,0.6716863604817481,0.7357603922628219,0.1848672781961685
108,0.75,survey,0.008097883110390372,0.010682165477817362,0.03416905317387435,0.7279080400616873,1.0,0.422283950735206,0.6716863604817481,0.7357603922628219,-0.014350194561139196
108,0.75,fused,0.1974108733104814,0.052367549582195555,0.12487810332558384,0.5633346666234641,1.0,0.422283950735206,0.6716863604817481,0.7357603922628219,0.08534979719099672
108,0.75,oracle,0.0,0.0,0.0,0.7357603922628219,1.0,0.422283950735206,0.6716863604817481,0.7357603922628219,0.0
101,1.0,platform,0.3433255592503105,0.05987450819888822,0.26426155812105623,0.28691508013234557,0.9125,0.4084941967275578,0.6182269573244473,0.4074603149036985,-0.05920210937575804
101,1.0,survey,0.03858371679743834,0.04866439558606793,0.055035373493679,0.4124671221260746,0.9625,0.4084941967275578,0.6182269573244473,0.4074603149036985,0.06088422768646919
101,1.0,fused,0.16775473988514705,0.034554449933607734,0.13770552115985202,0.27585482273008477,0.9125,0.4084941967275578,0.6182269573244473,0.4074603149036985,-0.04173481424472417
101,1.0,oracle,0.0,0.0,0.0,0.4074603149036985,1.0,0.4084941967275578,0.6182269573244473,0.4074603149036985,0.0
102,1.0,platform,0.3164672689336746,0.1221197311061749,0.2936642027968136,0.316588089639844,0.0625,0.30120546565728223,0.1262778365408586,0.00024165056181880973,-0.18760120453401594
102,1.0,survey,0.09230646627942043,0.03834473667357564,0.08380781435828802,0.0922658278941717,0.625,0.30120546565728223,0.1262778365408586,0.00024165056181880973,-0.009593231460834628
102,1.0,fused,0.1565899882287398,0.05214851499449909,0.1494329808772779,0.1567108089349091,0.375,0.30120546565728223,0.1262778365408586,0.00024165056181880973,-0.08196708668335222
102,1.0,oracle,0.0,0.0,0.0,0.00024165056181880973,1.0,0.30120546565728223,0.1262778365408586,0.00024165056181880973,0.0
103,1.0,platform,0.3831717948179539,0.007032266990546931,0.31807593669273343,0.4872545328539454,1.0,0.38403357925975423,0.7022966717311909,0.6338260095383681,-0.006608678419378955
103,1.0,survey,0.007907314317947722,0.006554660165089247,0.05720300156548542,0.6281654044691807,1.0,0.38403357925975423,0.7022966717311909,0.6338260095383681,-0.006336710327397756
103,1.0,fused,0.192963862564023,0.00395777117574314,0.15630163685782972,0.5071955578002914,1.0,0.38403357925975423,0.7022966717311909,0.6338260095383681,-0.004332742320550975
103,1.0,oracle,0.0,0.0,0.0,0.6338260095383681,1.0,0.38403357925975423,0.7022966717311909,0.6338260095383681,0.0
104,1.0,platform,0.4150643130720318,0.05238089329949406,0.42852186735873715,0.4150643130720318,0.0,0.400649029557707,0.15479541512498543,0.0,-0.07946220410590732
104,1.0,survey,0.09247275590960871,0.038460153657671844,0.08005879219003008,0.09247275590960871,0.5,0.400649029557707,0.15479541512498543,0.0,-0.017286310453397416
104,1.0,fused,0.21115840952832649,0.035964189246076896,0.21740876436278042,0.21115840952832649,0.0,0.400649029557707,0.15479541512498543,0.0,-0.0619238983690604
104,1.0,oracle,0.0,0.0,0.0,0.0,1.0,0.400649029557707,0.15479541512498543,0.0,0.0
105,1.0,platform,0.6986847489429612,0.16697471323084598,0.5439811352920265,0.2648037312017701,0.375,0.7686847489429611,0.715619382491118,0.6105473382153843,0.2438692670963134
105,1.0,survey,0.0042137301323819844,0.0024412016601021804,0.020621493874092907,0.6118064926610047,1.0,0.7686847489429611,0.715619382491118,0.6105473382153843,-0.0003387170745611555
105,1.0,fused,0.3484725406873828,0.08373685317380283,0.2776542361534123,0.2838986569861755,1.0,0.7686847489429611,0.715619382491118,0.6105473382153843,0.12280176786073438
105,1.0,oracle,0.0,0.0,0.0,0.6105473382153843,1.0,0.7686847489429611,0.715619382491118,0.6105473382153843,0.0
106,1.0,platform,0.7689470235591591,0.24236146649412219,0.5656027549039702,0.2805505684255149,0.375,0.6669451039824353,0.7090843846959702,0.8933332652566452,-0.3624531842181188
106,1.0,survey,0.005450033653620288,0.002365292289033173,0.027206570292959014,0.8931321412030128,1.0,0.6669451039824353,0.7090843846959702,0.8933332652566452,-0.0034090413619246016
106,1.0,fused,0.3844742600643831,0.12064645907545851,0.28298017214589755,0.5096384275485105,1.0,0.6669451039824353,0.7090843846959702,0.8933332652566452,-0.17905973299222122
106,1.0,oracle,0.0,0.0,0.0,0.8933332652566452,1.0,0.6669451039824353,0.7090843846959702,0.8933332652566452,0.0
107,1.0,platform,0.34243944809979243,0.07900861261389742,0.27773417004862616,0.2942904163854603,1.0,0.30755484090379637,0.7476046624997501,0.627609370371667,-0.1106689480059832
107,1.0,survey,0.00046231696838155186,0.0003831685613858866,0.019298628511465316,0.6272472342513321,1.0,0.30755484090379637,0.7476046624997501,0.627609370371667,-0.00039502611513994986
107,1.0,fused,0.17136213927038724,0.03957150945831141,0.13740160319605088,0.45660513772829125,1.0,0.30755484090379637,0.7476046624997501,0.627609370371667,-0.055431172869178175
107,1.0,oracle,0.0,0.0,0.0,0.627609370371667,1.0,0.30755484090379637,0.7476046624997501,0.627609370371667,0.0
108,1.0,platform,0.4638682267846983,0.05548898028533194,0.35144647966677683,0.31636014664204526,0.925,0.49514347191498304,0.5940679002143698,0.7227188886537756,-0.06374894920155111
108,1.0,survey,0.04092149092551269,0.04670497973801814,0.05227492666374459,0.722474046619712,0.95,0.49514347191498304,0.5940679002143698,0.7227188886537756,0.05281363061047174
108,1.0,fused,0.23342182653534263,0.03108405929245903,0.17984513182398612,0.5138921500959592,0.925,0.49514347191498304,0.5940679002143698,0.7227188886537756,-0.04312328922154415
108,1.0,oracle,0.0,0.0,0.0,0.7227188886537756,1.0,0.49514347191498304,0.5940679002143698,0.7227188886537756,0.0
