scenario,alpha,arm,n_runs,mean_error,ci_low,ci_high,mcse
baseline,0.0,platform,8,0.08262924948578804,0.05915135472835264,0.10728463665649436,0.013559402654957925
baseline,0.0,survey,8,0.08043415841438518,0.07123450397182003,0.09026055043845765,0.005330124603626028
baseline,0.0,fused,8,0.057706800555706976,0.050918488430567704,0.06596674022385766,0.004120378852958181
baseline,0.0,oracle,8,0.0,0.0,0.0,0.0
baseline,0.25,platform,8,0.10500310340402658,0.07775309101400889,0.1330457545867589,0.015880895464320054
baseline,0.25,survey,8,0.08043415841438518,0.07073090439866578,0.09025678487740968,0.005330124603626028
baseline,0.25,fused,8,0.06554178059183535,0.056429062920957965,0.07691492739911412,0.005594530490081728
baseline,0.25,oracle,8,0.0,0.0,0.0,0.0
baseline,0.5,platform,8,0.24483940317797856,0.19176751475771922,0.294108796789788,0.027886933417375047
baseline,0.5,survey,8,0.08043415841438518,0.071189899572682,0.08956478326409782,0.005330124603626028
baseline,0.5,fused,8,0.12996899855591773,0.10582089554722206,0.15463487558769354,0.01358561840101109
baseline,0.5,oracle,8,0.0,0.0,0.0,0.0
baseline,0.75,platform,8,0.3043216984577546,0.26354479093056377,0.3498392192370465,0.02419269855070583
baseline,0.75,survey,8,0.08043415841438518,0.07075679655688204,0.09048696247484361,0.005330124603626028
baseline,0.75,fused,8,0.1555783528957297,0.13632183381767116,0.17828655898521223,0.011737974850599884
baseline,0.75,oracle,8,0.0,0.0,0.0,0.0
baseline,1.0,platform,8,0.33272835979411963,0.2903220425616568,0.3852504510036542,0.027418249675011813
baseline,1.0,survey,8,0.08043415841438518,0.07117886471576133,0.08990465074234263,0.005330124603626028
baseline,1.0,fused,8,0.17004604963603095,0.14795137627817354,0.19840656161773082,0.01439390477307908
baseline,1.0,oracle,8,0.0,0.0,0.0,0.0
no_emotion_advantage,0.0,platform,8,0.08262924948578804,0.05915135472835264,0.10728463665649436,0.013559402654957925
no_emotion_advantage,0.0,survey,8,0.08043415841438518,0.07123450397182003,0.09026055043845765,0.005330124603626028
no_emotion_advantage,0.0,fused,8,0.057706800555706976,0.050918488430567704,0.06596674022385766,0.004120378852958181
no_emotion_advantage,0.0,oracle,8,0.0,0.0,0.0,0.0
no_emotion_advantage,0.25,platform,8,0.10652836912195449,0.07862059454518533,0.13551576166016105,0.01599972443003742
no_emotion_advantage,0.25,survey,8,0.08043415841438518,0.07073090439866578,0.09025678487740968,0.005330124603626028
no_emotion_advantage,0.25,fused,8,0.0670906188051061,0.0573532378981996,0.07897016786952353,0.005730072890097994
no_emotion_advantage,0.25,oracle,8,0.0,0.0,0.0,0.0
no_emotion_advantage,0.5,platform,8,0.19539685943825666,0.16255497399398583,0.23293476346937925,0.01942223820031888
no_emotion_advantage,0.5,survey,8,0.08043415841438518,0.071189899572682,0.08956478326409782,0.005330124603626028
no_emotion_advantage,0.5,fused,8,0.10113890197735702,0.08532075513470283,0.12107420717296381,0.009730944607574983
no_emotion_advantage,0.5,oracle,8,0.0,0.0,0.0,0.0
no_emotion_advantage,0.75,platform,8,0.28543796030434554,0.24593576426946756,0.32064117788400315,0.02040938121817945
no_emotion_advantage,0.75,survey,8,0.08043415841438518,0.07075679655688204,0.09048696247484361,0.005330124603626028
no_emotion_advantage,0.75,fused,8,0.14496479543747665,0.1294318183230521,0.15799898589236666,0.008014614255129174
no_emotion_advantage,0.75,oracle,8,0.0,0.0,0.0,0.0
no_emotion_advantage,1.0,platform,8,0.30348971296307936,0.2721834951668514,0.3360843381704737,0.017493162304717737
no_emotion_advantage,1.0,survey,8,0.08043415841438518,0.07117886471576133,0.08990465074234263,0.005330124603626028
no_emotion_advantage,1.0,fused,8,0.15307796440975147,0.13598115204596165,0.17119817595110207,0.009646246178501777
no_emotion_advantage,1.0,oracle,8,0.0,0.0,0.0,0.0
reversed_emotion_advantage,0.0,platform,8,0.08262924948578804,0.05915135472835264,0.10728463665649436,0.013559402654957925
reversed_emotion_advantage,0.0,survey,8,0.08043415841438518,0.07123450397182003,0.09026055043845765,0.005330124603626028
reversed_emotion_advantage,0.0,fused,8,0.057706800555706976,0.050918488430567704,0.06596674022385766,0.004120378852958181
reversed_emotion_advantage,0.0,oracle,8,0.0,0.0,0.0,0.0
reversed_emotion_advantage,0.25,platform,8,0.10737842340187143,0.07621025408279489,0.13928091253627392,0.017657887830676816
reversed_emotion_advantage,0.25,survey,8,0.08043415841438518,0.07073090439866578,0.09025678487740968,0.005330124603626028
reversed_emotion_advantage,0.25,fused,8,0.0670365199179208,0.05653081082777656,0.08006894561762619,0.006529231914100181
reversed_emotion_advantage,0.25,oracle,8,0.0,0.0,0.0,0.0
reversed_emotion_advantage,0.5,platform,8,0.2506908850429927,0.21672294192580774,0.2851187064806578,0.019101578679777666
reversed_emotion_advantage,0.5,survey,8,0.08043415841438518,0.071189899572682,0.08956478326409782,0.005330124603626028
reversed_emotion_advantage,0.5,fused,8,0.12795883805077876,0.11156443293769387,0.14604860578422058,0.00952163986104487
reversed_emotion_advantage,0.5,oracle,8,0.0,0.0,0.0,0.0
reversed_emotion_advantage,0.75,platform,8,0.3299811440659806,0.2851294488456597,0.3730428325473662,0.023955873810320317
reversed_emotion_advantage,0.75,survey,8,0.08043415841438518,0.07075679655688204,0.09048696247484361,0.005330124603626028
reversed_emotion_advantage,0.75,fused,8,0.1660935328929802,0.14442827264376143,0.18538284268481248,0.011388112311188265
reversed_emotion_advantage,0.75,oracle,8,0.0,0.0,0.0,0.0
reversed_emotion_advantage,1.0,platform,8,0.3493590110763339,0.30291000686427605,0.3950623714045669,0.024983753901435105
reversed_emotion_advantage,1.0,survey,8,0.08043415841438518,0.07117886471576133,0.08990465074234263,0.005330124603626028
reversed_emotion_advantage,1.0,fused,8,0.17793878462961515,0.15395422769339429,0.1982591060546027,0.012174392768300906
reversed_emotion_advantage,1.0,oracle,8,0.0,0.0,0.0,0.0
softmax_ranking,0.0,platform,8,0.09271034945316844,0.06634468032381476,0.11845584299361796,0.014447269192808468
softmax_ranking,0.0,survey,8,0.08043415841438518,0.07123450397182003,0.09026055043845765,0.005330124603626028
softmax_ranking,0.0,fused,8,0.06300273357319797,0.05570042689402732,0.0709967750853763,0.004123277727945179
softmax_ranking,0.0,oracle,8,0.0,0.0,0.0,0.0
softmax_ranking,0.25,platform,8,0.11550031347626481,0.0834626621728271,0.14543846525677204,0.01732152228044869
softmax_ranking,0.25,survey,8,0.08043415841438518,0.07073090439866578,0.09025678487740968,0.005330124603626028
softmax_ranking,0.25,fused,8,0.07245244641305072,0.061695725151526395,0.08433381924812607,0.006027903368018228
softmax_ranking,0.25,oracle,8,0.0,0.0,0.0,0.0
softmax_ranking,0.5,platform,8,0.15084333176554365,0.12274397098684878,0.1778362508845227,0.014911158840127368
softmax_ranking,0.5,survey,8,0.08043415841438518,0.071189899572682,0.08956478326409782,0.005330124603626028
softmax_ranking,0.5,fused,8,0.08434519149729289,0.07201378782275701,0.0978858598278517,0.007087722028871631
softmax_ranking,0.5,oracle,8,0.0,0.0,0.0,0.0
softmax_ranking,0.75,platform,8,0.24588101803856627,0.19169064443355927,0.30560948530942844,0.03180649940924894
softmax_ranking,0.75,survey,8,0.08043415841438518,0.07075679655688204,0.09048696247484361,0.005330124603626028
softmax_ranking,0.75,fused,8,0.13106970409174554,0.10457868820250207,0.16510689233801085,0.0165010692360454
softmax_ranking,0.75,oracle,8,0.0,0.0,0.0,0.0
softmax_ranking,1.0,platform,8,0.37325048608354616,0.2852506178677162,0.469296999709707,0.05061643603708479
softmax_ranking,1.0,survey,8,0.08043415841438518,0.07117886471576133,0.08990465074234263,0.005330124603626028
softmax_ranking,1.0,fused,8,0.19296418176855204,0.14677064691479572,0.24326327643399198,0.027029561378841105
softmax_ranking,1.0,oracle,8,0.0,0.0,0.0,0.0
matched_panel,0.0,platform,8,0.20806250675423293,0.12544394674016746,0.2973608891568462,0.04728319855469294
matched_panel,0.0,survey,8,0.08043415841438518,0.07123450397182003,0.09026055043845765,0.005330124603626028
matched_panel,0.0,fused,8,0.11472914286754486,0.07620228656147625,0.15757519130520015,0.021866262531618205
matched_panel,0.0,oracle,8,0.0,0.0,0.0,0.0
matched_panel,0.25,platform,8,0.1967263344441904,0.12749507861966186,0.27192791100560504,0.040696609721753
matched_panel,0.25,survey,8,0.08043415841438518,0.07073090439866578,0.09025678487740968,0.005330124603626028
matched_panel,0.25,fused,8,0.10616618375789004,0.06963610922585353,0.14458998127421657,0.02090508310426569
matched_panel,0.25,oracle,8,0.0,0.0,0.0,0.0
matched_panel,0.5,platform,8,0.24771495884389494,0.17743716857905903,0.32525526290442486,0.04026932284921321
matched_panel,0.5,survey,8,0.08043415841438518,0.071189899572682,0.08956478326409782,0.005330124603626028
matched_panel,0.5,fused,8,0.13217207169323575,0.09955468313624127,0.17068815037955382,0.019532038373500246
matched_panel,0.5,oracle,8,0.0,0.0,0.0,0.0
matched_panel,0.75,platform,8,0.30331827651045284,0.26233508194146793,0.3496680052616679,0.024362882912420468
matched_panel,0.75,survey,8,0.08043415841438518,0.07075679655688204,0.09048696247484361,0.005330124603626028
matched_panel,0.75,fused,8,0.15522613935406304,0.13562462966264027,0.17809663075588494,0.011877415385357127
matched_panel,0.75,oracle,8,0.0,0.0,0.0,0.0
matched_panel,1.0,platform,8,0.332776536877453,0.2904112678220735,0.38527928240500503,0.027426556342704196
matched_panel,1.0,survey,8,0.08043415841438518,0.07117886471576133,0.08990465074234263,0.005330124603626028
matched_panel,1.0,fused,8,0.1700407619647294,0.14794456354538,0.19835791677982664,0.014379513722493175
matched_panel,1.0,oracle,8,0.0,0.0,0.0,0.0
longer_cold_start,0.0,platform,8,0.08262924948578804,0.05915135472835264,0.10728463665649436,0.013559402654957925
longer_cold_start,0.0,survey,8,0.08043415841438518,0.07123450397182003,0.09026055043845765,0.005330124603626028
longer_cold_start,0.0,fused,8,0.057706800555706976,0.050918488430567704,0.06596674022385766,0.004120378852958181
longer_cold_start,0.0,oracle,8,0.0,0.0,0.0,0.0
longer_cold_start,0.25,platform,8,0.10575934761080541,0.07461058190920773,0.13807306067795325,0.017899630906548822
longer_cold_start,0.25,survey,8,0.08043415841438518,0.07073090439866578,0.09025678487740968,0.005330124603626028
longer_cold_start,0.25,fused,8,0.0667789073466302,0.05634258405232424,0.08004224319376448,0.006334621051352426
longer_cold_start,0.25,oracle,8,0.0,0.0,0.0,0.0
longer_cold_start,0.5,platform,8,0.22371639134420412,0.17205788322702006,0.28118385209251306,0.02936741930277581
longer_cold_start,0.5,survey,8,0.08043415841438518,0.071189899572682,0.08956478326409782,0.005330124603626028
longer_cold_start,0.5,fused,8,0.11585412440493617,0.0894027306657276,0.14675260270995646,0.015347802566260777
longer_cold_start,0.5,oracle,8,0.0,0.0,0.0,0.0
longer_cold_start,0.75,platform,8,0.36457139612002754,0.2808564377859997,0.45632379270865786,0.047676280075979245
longer_cold_start,0.75,survey,8,0.08043415841438518,0.07075679655688204,0.09048696247484361,0.005330124603626028
longer_cold_start,0.75,fused,8,0.18641277802433842,0.1433732021064299,0.23157658135296671,0.024238938073201766
longer_cold_start,0.75,oracle,8,0.0,0.0,0.0,0.0
longer_cold_start,1.0,platform,8,0.3323594603731882,0.2611671590471922,0.39460082007161884,0.03578242215047285
longer_cold_start,1.0,survey,8,0.08043415841438518,0.07117886471576133,0.08990465074234263,0.005330124603626028
longer_cold_start,1.0,fused,8,0.17401828377214268,0.1411624580132698,0.20459618455572287,0.017415762666846364
longer_cold_start,1.0,oracle,8,0.0,0.0,0.0,0.0
biased_noisy_survey,0.0,platform,8,0.08262924948578804,0.05915135472835264,0.10728463665649436,0.013559402654957925
biased_noisy_survey,0.0,survey,8,0.19270069284131613,0.17664325598479816,0.2085265725966654,0.008828957849500055
biased_noisy_survey,0.0,fused,8,0.09448486650980395,0.08133462081438714,0.107706419644965,0.0071410135218852935
biased_noisy_survey,0.0,oracle,8,0.0,0.0,0.0,0.0
biased_noisy_survey,0.25,platform,8,0.10500310340402658,0.07775309101400889,0.1330457545867589,0.015880895464320054
biased_noisy_survey,0.25,survey,8,0.19270069284131613,0.17664468866132102,0.20805004438553873,0.008828957849500055
biased_noisy_survey,0.25,fused,8,0.0996672839168724,0.08315014922536296,0.11631435565152522,0.009052450705244124
biased_noisy_survey,0.25,oracle,8,0.0,0.0,0.0,0.0
biased_noisy_survey,0.5,platform,8,0.24483940317797856,0.19176751475771922,0.294108796789788,0.027886933417375047
biased_noisy_survey,0.5,survey,8,0.19270069284131613,0.17657627473194104,0.20847736840981276,0.008828957849500055
biased_noisy_survey,0.5,fused,8,0.16617804529042843,0.12857937174576659,0.20954589766025836,0.02228447909317079
biased_noisy_survey,0.5,oracle,8,0.0,0.0,0.0,0.0
biased_noisy_survey,0.75,platform,8,0.3043216984577546,0.26354479093056377,0.3498392192370465,0.02419269855070583
biased_noisy_survey,0.75,survey,8,0.19270069284131613,0.17657514644078792,0.20735047896881853,0.008828957849500055
biased_noisy_survey,0.75,fused,8,0.20715189348321306,0.17735762980264158,0.24405390913503275,0.01812010816728457
biased_noisy_survey,0.75,oracle,8,0.0,0.0,0.0,0.0
biased_noisy_survey,1.0,platform,8,0.33272835979411963,0.2903220425616568,0.3852504510036542,0.027418249675011813
biased_noisy_survey,1.0,survey,8,0.19270069284131613,0.17637261786632144,0.20875145849364518,0.008828957849500055
biased_noisy_survey,1.0,fused,8,0.2288895677215364,0.18910905067474432,0.2725054657168275,0.023021809270983285
biased_noisy_survey,1.0,oracle,8,0.0,0.0,0.0,0.0
preference_drift,0.0,platform,8,0.00026256480973337314,0.00018728384317865103,0.00034132039847468217,4.3212260171289995e-05
preference_drift,0.0,survey,8,0.17009068575673414,0.15320002918743128,0.1858377394140774,0.009103395357946744
preference_drift,0.0,fused,8,0.08503283113230083,0.07666571986847208,0.09330414702937183,0.0045553624113287144
preference_drift,0.0,oracle,8,0.0,0.0,0.0,0.0
preference_drift,0.25,platform,8,0.007294217444211069,0.004630017588765094,0.010834490634590362,0.0017981912762264612
preference_drift,0.25,survey,8,0.17345676330646864,0.1559288461905064,0.18827911554945506,0.008994242340682412
preference_drift,0.25,fused,8,0.08743671890022787,0.07817841451304111,0.094701718672351,0.004588378059569401
preference_drift,0.25,oracle,8,0.0,0.0,0.0,0.0
preference_drift,0.5,platform,8,0.07897637198134816,0.047954308784151564,0.1099594772662313,0.01682666474941182
preference_drift,0.5,survey,8,0.14932812671144285,0.11661256585090309,0.17818736666231716,0.01721665130768008
preference_drift,0.5,fused,8,0.08835926899860072,0.06830367015522218,0.1067256510335659,0.010589874989305992
preference_drift,0.5,oracle,8,0.0,0.0,0.0,0.0
preference_drift,0.75,platform,8,0.40299780000658136,0.3017884311450185,0.5157771194749785,0.057407813860398185
preference_drift,0.75,survey,8,0.010368492309623539,0.0029023648882402085,0.019774257023318614,0.004812936047532955
preference_drift,0.75,fused,8,0.20276100995983365,0.15434316041460686,0.26044218485597787,0.028809226232461245
preference_drift,0.75,oracle,8,0.0,0.0,0.0,0.0
preference_drift,1.0,platform,8,0.46649604793257277,0.36466537361299606,0.5879019641788128,0.06095268792538176
preference_drift,1.0,survey,8,0.03528972812303897,0.013696773160940263,0.06146556842641548,0.013616064816681324
preference_drift,1.0,fused,8,0.2332747208454665,0.18265038668888667,0.2941871407301167,0.030546375865500717
preference_drift,1.0,oracle,8,0.0,0.0,0.0,0.0
