bin,hours_since_first_observed,mean_share_of_24h_feedback,ci_low,ci_high
1,0.3333333333333333,0.3584905942744883,0.3546839510723795,0.36229723747659714
2,0.6666666666666666,0.028062164490273028,0.027083949830938682,0.029040379149607373
3,1.0,0.023667388604331124,0.022849964789663023,0.024484812418999226
4,1.3333333333333333,0.019811423373860305,0.019103627707858197,0.020519219039862414
5,1.6666666666666667,0.018323472174993184,0.017636579715542933,0.019010364634443434
6,2.0,0.01649239312987682,0.015865979387624657,0.01711880687212898
7,2.3333333333333335,0.015061976184956498,0.014460675672933127,0.01566327669697987
8,2.6666666666666665,0.014761289442979247,0.0141469675227206,0.015375611363237895
9,3.0,0.013590200183659668,0.013016506231124863,0.014163894136194472
10,3.3333333333333335,0.012938856135955669,0.012408355926188587,0.01346935634572275
11,3.6666666666666665,0.011990235795454919,0.011482655850867766,0.012497815740042072
12,4.0,0.011605817863324298,0.011087787280410105,0.012123848446238492
13,4.333333333333333,0.011383842642149665,0.010854074345640197,0.011913610938659133
14,4.666666666666667,0.01105553289277347,0.010508200762999043,0.011602865022547896
15,5.0,0.010769724236325912,0.010227466700961793,0.01131198177169003
16,5.333333333333333,0.01031630822314356,0.009805798929546113,0.010826817516741008
17,5.666666666666667,0.010264237925064135,0.009766413101603581,0.01076206274852469
18,6.0,0.010531338785625594,0.00997002295715779,0.011092654614093396
19,6.333333333333333,0.009841724613890192,0.009295361874681607,0.010388087353098777
20,6.666666666666667,0.009902278342704018,0.009359384805163002,0.010445171880245034
21,7.0,0.010682949709041463,0.010117124604347787,0.01124877481373514
22,7.333333333333333,0.009820119974631211,0.009274177553095234,0.010366062396167188
23,7.666666666666667,0.010612049311258824,0.010008578404990075,0.011215520217527574
24,8.0,0.009924567432278597,0.0093720400167606,0.010477094847796594
25,8.333333333333334,0.009928627060705538,0.00935715778645289,0.010500096334958187
26,8.666666666666666,0.009904480085645772,0.009337124650930362,0.010471835520361182
27,9.0,0.009702321131762098,0.009161993648735545,0.01024264861478865
28,9.333333333333334,0.009763866107540336,0.009202472000383922,0.01032526021469675
29,9.666666666666666,0.010118013162792002,0.009514335447853949,0.010721690877730056
30,10.0,0.00994478273835379,0.009400134828645943,0.010489430648061638
31,10.333333333333334,0.008259434657248096,0.007768649412223007,0.008750219902273183
32,10.666666666666666,0.008026128473433966,0.0075549932964950025,0.00849726365037293
33,11.0,0.007948904600799413,0.0074917225429391955,0.00840608665865963
34,11.333333333333334,0.008086829304866936,0.007605839625735964,0.008567818983997907
35,11.666666666666666,0.008163170219884578,0.0076877939897056075,0.00863854645006355
36,12.0,0.007647806017657264,0.007173709332456338,0.00812190270285819
37,12.333333333333334,0.007566538648148193,0.007110004377955583,0.008023072918340804
38,12.666666666666666,0.007220922311368083,0.006793793300990541,0.007648051321745624
39,13.0,0.007400506840692069,0.0069912108420501,0.007809802839334038
40,13.333333333333334,0.007193191037624035,0.00676786204669497,0.007618520028553099
41,13.666666666666666,0.007566402565199325,0.007125612677269814,0.008007192453128836
42,14.0,0.007907782326816283,0.0074315795399670734,0.008383985113665492
43,14.333333333333334,0.007690561566317676,0.007235733796331194,0.008145389336304158
44,14.666666666666666,0.007311800260490646,0.006869621578501673,0.0077539789424796186
45,15.0,0.007002412804344262,0.006571771116944326,0.007433054491744197
46,15.333333333333334,0.007614660833409759,0.0071541415592313515,0.008075180107588167
47,15.666666666666666,0.006904113565761072,0.0064619420443958854,0.007346285087126258
48,16.0,0.006896486893158262,0.0064787973802577494,0.007314176406058775
49,16.333333333333332,0.006770400500659384,0.006338181981846888,0.00720261901947188
50,16.666666666666668,0.006578311436360197,0.006132137607805349,0.007024485264915045
51,17.0,0.005498164336489419,0.005138073687506815,0.005858254985472022
52,17.333333333333332,0.006310244019789111,0.00588766686252153,0.006732821177056692
53,17.666666666666668,0.006205694174564717,0.005765104159937617,0.006646284189191817
54,18.0,0.005523378186162348,0.005150255575033182,0.005896500797291515
55,18.333333333333332,0.00497751721559827,0.004627896212305192,0.005327138218891348
56,18.666666666666668,0.005225116854670214,0.004843139895191348,0.00560709381414908
57,19.0,0.004942042901874266,0.004576694926618801,0.005307390877129731
58,19.333333333333332,0.004945911708193189,0.004555768927980322,0.005336054488406056
59,19.666666666666668,0.00479078042963871,0.004455644700926239,0.005125916158351181
60,20.0,0.004685991895341162,0.004312999272329781,0.005058984518352543
61,20.333333333333332,0.005258660703058262,0.004849967705483597,0.005667353700632927
62,20.666666666666668,0.004520422995990248,0.0041900187369908,0.004850827254989696
63,21.0,0.005550159726843208,0.005128468055133162,0.005971851398553254
64,21.333333333333332,0.00489555311608976,0.004514190432028171,0.005276915800151349
65,21.666666666666668,0.004994763030928509,0.004602578430445933,0.005386947631411085
66,22.0,0.004756491657646042,0.004398391882281248,0.0051145914330108355
67,22.333333333333332,0.005253101765386535,0.00484960388618221,0.00565659964459086
68,22.666666666666668,0.005648642041592366,0.00522195877810909,0.006075325305075643
69,23.0,0.005631939660779812,0.005188781946863056,0.006075097374696568
70,23.333333333333332,0.006835446406466843,0.006364150485907808,0.007306742327025878
71,23.666666666666668,0.006217751890057157,0.005762340768021571,0.006673163012092743
72,24.0,0.008313284388760455,0.007789197060071219,0.008837371717449692
