alpha,observed_mean,ci_low,ci_high,rolling_mean_3,gradient
0.0,9.5238095238094e-05,-9.61500225837358e-05,0.0002866262130599,0.00019047619047614698,0.0025396825396823536
0.05,0.0002857142857142,-0.0001387346536934,0.000710163225122,0.00031746031746026466,0.005396825396825195
0.1,0.0005714285714285,-1.7518032341623307e-05,0.0011603751751987,0.0007301587301586666,0.012063492063492021
0.15,0.0013333333333333,-3.4817860386942385e-05,0.0027014845270535,0.0015238095238094666,0.021096507936508
0.2,0.0026666666666666,0.000392907705209,0.0049404256281242,0.0028398095238094667,0.03316
0.25,0.0045194285714285,0.0010503079645742,0.0079885491782828,0.004839809523809467,0.057777777777777664
0.3,0.0073333333333333,0.0026756161134869,0.0119910505531797,0.008617587301587232,0.09477650793650771
0.35,0.0139999999999999,0.0073453055158894,0.0206546944841104,0.014317460317460234,0.14303047619047593
0.4,0.0216190476190475,0.0121627605945512,0.0310753346435438,0.02292063492063483,0.24996825396825398
0.45,0.0331428571428571,0.0193688812688978,0.0469168330168163,0.039314285714285635,0.5480069841269846
0.5,0.0631809523809523,0.0398829080017078,0.0864789967601967,0.07772133333333327,1.1532196825396817
0.55,0.1368401904761904,0.1013786158819839,0.1723017650703969,0.1546362539682539,1.7161987301587311
0.6,0.263887619047619,0.2060341845336234,0.3217410535616145,0.24934120634920628,1.823296507936508
0.65,0.3472958095238095,0.2666903471622094,0.4279012718854096,0.3369659047619047,1.3324311111111102
0.7,0.3997142857142856,0.3034820485843706,0.4959465228442006,0.38258431746031735,0.43586476190476153
0.75,0.400742857142857,0.309158341574204,0.49232737271151,0.3805523809523808,-0.21981142857142766
0.8,0.3411999999999999,0.255050564525944,0.4273494354740558,0.36060317460317454,-0.44006349206349116
0.85,0.3398666666666666,0.2530965250162407,0.4266368083170925,0.33654603174603165,-0.263619047619049
0.9,0.3285714285714284,0.2405154894548998,0.416627367687957,0.33424126984126973,0.11073015873015901
0.95,0.3342857142857142,0.2449554046967264,0.4236160238747019,0.34761904761904744,0.229015873015872
1.0,0.3799999999999998,0.3059014217576302,0.4540985782423694,0.35714285714285693,0.19047619047618963
