condition_id,bootstrap_draw,critical_alpha,identified
full,0,0.6,True
full,1,0.6,True
full,2,0.6,True
full,3,0.6,True
full,4,0.6,True
full,5,0.6,True
full,6,0.6,True
full,7,0.6,True
full,8,0.55,True
full,9,0.6,True
full,10,0.6,True
full,11,0.6,True
full,12,0.6,True
full,13,0.6,True
full,14,0.6,True
full,15,0.6,True
full,16,0.6,True
full,17,0.6,True
full,18,0.6,True
full,19,0.6,True
full,20,0.6,True
full,21,0.6,True
full,22,0.6,True
full,23,0.6,True
full,24,0.55,True
full,25,0.6,True
full,26,0.6,True
full,27,0.6,True
full,28,0.6,True
full,29,0.6,True
full,30,0.6,True
full,31,0.55,True
full,32,0.55,True
full,33,0.6,True
full,34,0.6,True
full,35,0.6,True
full,36,0.6,True
full,37,0.6,True
full,38,0.55,True
full,39,0.55,True
full,40,0.55,True
full,41,0.6,True
full,42,0.6,True
full,43,0.6,True
full,44,0.6,True
full,45,0.55,True
full,46,0.6,True
full,47,0.6,True
full,48,0.6,True
full,49,0.6,True
full,50,0.6,True
full,51,0.55,True
full,52,0.6,True
full,53,0.6,True
full,54,0.6,True
full,55,0.6,True
full,56,0.6,True
full,57,0.6,True
full,58,0.6,True
full,59,0.6,True
full,60,0.55,True
full,61,0.6,True
full,62,0.6,True
full,63,0.6,True
full,64,0.6,True
full,65,0.6,True
full,66,0.6,True
full,67,0.6,True
full,68,0.6,True
full,69,0.55,True
full,70,0.6,True
full,71,0.6,True
full,72,0.6,True
full,73,0.6,True
full,74,0.6,True
full,75,0.6,True
full,76,0.55,True
full,77,0.6,True
full,78,0.6,True
full,79,0.6,True
full,80,0.6,True
full,81,0.6,True
full,82,0.55,True
full,83,0.6,True
full,84,0.55,True
full,85,0.6,True
full,86,0.6,True
full,87,0.6,True
full,88,0.6,True
full,89,0.6,True
full,90,0.6,True
full,91,0.55,True
full,92,0.6,True
full,93,0.6,True
full,94,0.6,True
full,95,0.6,True
full,96,0.6,True
full,97,0.6,True
full,98,0.6,True
full,99,0.6,True
full,100,0.6,True
full,101,0.6,True
full,102,0.6,True
full,103,0.6,True
full,104,0.6,True
full,105,0.6,True
full,106,0.6,True
full,107,0.55,True
full,108,0.6,True
full,109,0.6,True
full,110,0.6,True
full,111,0.6,True
full,112,0.55,True
full,113,0.6,True
full,114,0.6,True
full,115,0.6,True
full,116,0.6,True
full,117,0.6,True
full,118,0.6,True
full,119,0.6,True
full,120,0.6,True
full,121,0.6,True
full,122,0.6,True
full,123,0.6,True
full,124,0.6,True
full,125,0.6,True
full,126,0.6,True
full,127,0.6,True
full,128,0.6,True
full,129,0.6,True
full,130,0.6,True
full,131,0.6,True
full,132,0.6,True
full,133,0.55,True
full,134,0.6,True
full,135,0.6,True
full,136,0.6,True
full,137,0.55,True
full,138,0.6,True
full,139,0.6,True
full,140,0.6,True
full,141,0.6,True
full,142,0.6,True
full,143,0.6,True
full,144,0.6,True
full,145,0.6,True
full,146,0.6,True
full,147,0.55,True
full,148,0.6,True
full,149,0.6,True
full,150,0.6,True
full,151,0.6,True
full,152,0.6,True
full,153,0.6,True
full,154,0.55,True
full,155,0.6,True
full,156,0.6,True
full,157,0.6,True
full,158,0.55,True
full,159,0.6,True
full,160,0.6,True
full,161,0.6,True
full,162,0.6,True
full,163,0.6,True
full,164,0.6,True
full,165,0.6,True
full,166,0.6,True
full,167,0.6,True
full,168,0.6,True
full,169,0.6,True
full,170,0.6,True
full,171,0.6,True
full,172,0.6,True
full,173,0.6,True
full,174,0.6,True
full,175,0.6,True
full,176,0.6,True
full,177,0.6,True
full,178,0.6,True
full,179,0.6,True
full,180,0.55,True
full,181,0.6,True
full,182,0.6,True
full,183,0.6,True
full,184,0.6,True
full,185,0.6,True
full,186,0.6,True
full,187,0.6,True
full,188,0.55,True
full,189,0.6,True
full,190,0.6,True
full,191,0.6,True
full,192,0.55,True
full,193,0.6,True
full,194,0.55,True
full,195,0.6,True
full,196,0.55,True
full,197,0.6,True
full,198,0.55,True
full,199,0.55,True
full,200,0.6,True
full,201,0.6,True
full,202,0.6,True
full,203,0.6,True
full,204,0.6,True
full,205,0.55,True
full,206,0.6,True
full,207,0.6,True
full,208,0.6,True
full,209,0.55,True
full,210,0.6,True
full,211,0.6,True
full,212,0.6,True
full,213,0.6,True
full,214,0.6,True
full,215,0.6,True
full,216,0.6,True
full,217,0.6,True
full,218,0.6,True
full,219,0.6,True
full,220,0.55,True
full,221,0.6,True
full,222,0.6,True
full,223,0.6,True
full,224,0.6,True
full,225,0.6,True
full,226,0.6,True
full,227,0.55,True
full,228,0.55,True
full,229,0.6,True
full,230,0.6,True
full,231,0.6,True
full,232,0.6,True
full,233,0.6,True
full,234,0.6,True
full,235,0.6,True
full,236,0.6,True
full,237,0.6,True
full,238,0.6,True
full,239,0.6,True
full,240,0.6,True
full,241,0.6,True
full,242,0.6,True
full,243,0.55,True
full,244,0.6,True
full,245,0.6,True
full,246,0.6,True
full,247,0.6,True
full,248,0.6,True
full,249,0.6,True
full,250,0.6,True
full,251,0.6,True
full,252,0.55,True
full,253,0.6,True
full,254,0.6,True
full,255,0.6,True
full,256,0.6,True
full,257,0.6,True
full,258,0.6,True
full,259,0.6,True
full,260,0.55,True
full,261,0.55,True
full,262,0.6,True
full,263,0.6,True
full,264,0.55,True
full,265,0.6,True
full,266,0.6,True
full,267,0.6,True
full,268,0.55,True
full,269,0.55,True
full,270,0.55,True
full,271,0.55,True
full,272,0.6,True
full,273,0.6,True
full,274,0.6,True
full,275,0.6,True
full,276,0.6,True
full,277,0.55,True
full,278,0.6,True
full,279,0.6,True
full,280,0.6,True
full,281,0.6,True
full,282,0.6,True
full,283,0.6,True
full,284,0.6,True
full,285,0.6,True
full,286,0.6,True
full,287,0.6,True
full,288,0.6,True
full,289,0.6,True
full,290,0.6,True
full,291,0.6,True
full,292,0.6,True
full,293,0.6,True
full,294,0.6,True
full,295,0.6,True
full,296,0.6,True
full,297,0.6,True
full,298,0.6,True
full,299,0.6,True
full,300,0.6,True
full,301,0.6,True
full,302,0.6,True
full,303,0.6,True
full,304,0.6,True
full,305,0.6,True
full,306,0.55,True
full,307,0.6,True
full,308,0.6,True
full,309,0.6,True
full,310,0.6,True
full,311,0.6,True
full,312,0.6,True
full,313,0.6,True
full,314,0.55,True
full,315,0.6,True
full,316,0.6,True
full,317,0.6,True
full,318,0.6,True
full,319,0.6,True
full,320,0.6,True
full,321,0.55,True
full,322,0.6,True
full,323,0.6,True
full,324,0.6,True
full,325,0.6,True
full,326,0.55,True
full,327,0.6,True
full,328,0.6,True
full,329,0.6,True
full,330,0.6,True
full,331,0.55,True
full,332,0.6,True
full,333,0.6,True
full,334,0.6,True
full,335,0.6,True
full,336,0.6,True
full,337,0.6,True
full,338,0.6,True
full,339,0.6,True
full,340,0.6,True
full,341,0.6,True
full,342,0.6,True
full,343,0.6,True
full,344,0.6,True
full,345,0.6,True
full,346,0.6,True
full,347,0.55,True
full,348,0.6,True
full,349,0.6,True
full,350,0.6,True
full,351,0.6,True
full,352,0.6,True
full,353,0.6,True
full,354,0.6,True
full,355,0.6,True
full,356,0.6,True
full,357,0.55,True
full,358,0.6,True
full,359,0.6,True
full,360,0.6,True
full,361,0.6,True
full,362,0.55,True
full,363,0.6,True
full,364,0.6,True
full,365,0.6,True
full,366,0.55,True
full,367,0.6,True
full,368,0.6,True
full,369,0.55,True
full,370,0.6,True
full,371,0.6,True
full,372,0.6,True
full,373,0.6,True
full,374,0.6,True
full,375,0.6,True
full,376,0.6,True
full,377,0.6,True
full,378,0.6,True
full,379,0.6,True
full,380,0.55,True
full,381,0.55,True
full,382,0.6,True
full,383,0.55,True
full,384,0.6,True
full,385,0.6,True
full,386,0.6,True
full,387,0.6,True
full,388,0.6,True
full,389,0.6,True
full,390,0.6,True
full,391,0.6,True
full,392,0.6,True
full,393,0.6,True
full,394,0.6,True
full,395,0.55,True
full,396,0.55,True
full,397,0.6,True
full,398,0.6,True
full,399,0.6,True
full,400,0.6,True
full,401,0.6,True
full,402,0.6,True
full,403,0.6,True
full,404,0.6,True
full,405,0.6,True
full,406,0.6,True
full,407,0.55,True
full,408,0.55,True
full,409,0.6,True
full,410,0.6,True
full,411,0.6,True
full,412,0.55,True
full,413,0.6,True
full,414,0.6,True
full,415,0.6,True
full,416,0.6,True
full,417,0.55,True
full,418,0.6,True
full,419,0.6,True
full,420,0.55,True
full,421,0.55,True
full,422,0.6,True
full,423,0.6,True
full,424,0.6,True
full,425,0.6,True
full,426,0.6,True
full,427,0.6,True
full,428,0.6,True
full,429,0.6,True
full,430,0.6,True
full,431,0.6,True
full,432,0.6,True
full,433,0.55,True
full,434,0.6,True
full,435,0.6,True
full,436,0.55,True
full,437,0.6,True
full,438,0.6,True
full,439,0.6,True
full,440,0.55,True
full,441,0.6,True
full,442,0.6,True
full,443,0.6,True
full,444,0.6,True
full,445,0.6,True
full,446,0.6,True
full,447,0.6,True
full,448,0.55,True
full,449,0.6,True
full,450,0.6,True
full,451,0.6,True
full,452,0.6,True
full,453,0.6,True
full,454,0.6,True
full,455,0.55,True
full,456,0.6,True
full,457,0.6,True
full,458,0.55,True
full,459,0.55,True
full,460,0.55,True
full,461,0.6,True
full,462,0.6,True
full,463,0.6,True
full,464,0.6,True
full,465,0.6,True
full,466,0.6,True
full,467,0.55,True
full,468,0.6,True
full,469,0.6,True
full,470,0.6,True
full,471,0.6,True
full,472,0.6,True
full,473,0.6,True
full,474,0.6,True
full,475,0.55,True
full,476,0.6,True
full,477,0.6,True
full,478,0.6,True
full,479,0.6,True
full,480,0.6,True
full,481,0.6,True
full,482,0.6,True
full,483,0.6,True
full,484,0.6,True
full,485,0.6,True
full,486,0.6,True
full,487,0.6,True
full,488,0.6,True
full,489,0.6,True
full,490,0.6,True
full,491,0.6,True
full,492,0.6,True
full,493,0.6,True
full,494,0.6,True
full,495,0.6,True
full,496,0.6,True
full,497,0.6,True
full,498,0.6,True
full,499,0.6,True
full,500,0.6,True
full,501,0.6,True
full,502,0.6,True
full,503,0.6,True
full,504,0.6,True
full,505,0.55,True
full,506,0.6,True
full,507,0.6,True
full,508,0.55,True
full,509,0.55,True
full,510,0.6,True
full,511,0.6,True
full,512,0.6,True
full,513,0.55,True
full,514,0.55,True
full,515,0.6,True
full,516,0.55,True
full,517,0.6,True
full,518,0.55,True
full,519,0.6,True
full,520,0.6,True
full,521,0.55,True
full,522,0.6,True
full,523,0.6,True
full,524,0.6,True
full,525,0.6,True
full,526,0.6,True
full,527,0.6,True
full,528,0.6,True
full,529,0.6,True
full,530,0.6,True
full,531,0.6,True
full,532,0.6,True
full,533,0.6,True
full,534,0.6,True
full,535,0.55,True
full,536,0.6,True
full,537,0.6,True
full,538,0.55,True
full,539,0.6,True
full,540,0.6,True
full,541,0.6,True
full,542,0.6,True
full,543,0.55,True
full,544,0.6,True
full,545,0.6,True
full,546,0.55,True
full,547,0.6,True
full,548,0.55,True
full,549,0.6,True
full,550,0.6,True
full,551,0.55,True
full,552,0.6,True
full,553,0.6,True
full,554,0.6,True
full,555,0.55,True
full,556,0.55,True
full,557,0.6,True
full,558,0.6,True
full,559,0.6,True
full,560,0.6,True
full,561,0.55,True
full,562,0.6,True
full,563,0.6,True
full,564,0.6,True
full,565,0.55,True
full,566,0.6,True
full,567,0.6,True
full,568,0.6,True
full,569,0.55,True
full,570,0.6,True
full,571,0.6,True
full,572,0.6,True
full,573,0.6,True
full,574,0.6,True
full,575,0.6,True
full,576,0.6,True
full,577,0.6,True
full,578,0.6,True
full,579,0.6,True
full,580,0.6,True
full,581,0.6,True
full,582,0.6,True
full,583,0.6,True
full,584,0.6,True
full,585,0.6,True
full,586,0.6,True
full,587,0.6,True
full,588,0.6,True
full,589,0.6,True
full,590,0.6,True
full,591,0.6,True
full,592,0.6,True
full,593,0.6,True
full,594,0.55,True
full,595,0.55,True
full,596,0.6,True
full,597,0.6,True
full,598,0.6,True
full,599,0.6,True
full,600,0.6,True
full,601,0.6,True
full,602,0.6,True
full,603,0.55,True
full,604,0.6,True
full,605,0.6,True
full,606,0.6,True
full,607,0.6,True
full,608,0.6,True
full,609,0.6,True
full,610,0.6,True
full,611,0.6,True
full,612,0.6,True
full,613,0.6,True
full,614,0.6,True
full,615,0.6,True
full,616,0.6,True
full,617,0.6,True
full,618,0.6,True
full,619,0.6,True
full,620,0.6,True
full,621,0.6,True
full,622,0.6,True
full,623,0.6,True
full,624,0.6,True
full,625,0.6,True
full,626,0.6,True
full,627,0.6,True
full,628,0.6,True
full,629,0.6,True
full,630,0.6,True
full,631,0.6,True
full,632,0.6,True
full,633,0.55,True
full,634,0.55,True
full,635,0.6,True
full,636,0.55,True
full,637,0.55,True
full,638,0.6,True
full,639,0.6,True
full,640,0.6,True
full,641,0.6,True
full,642,0.6,True
full,643,0.6,True
full,644,0.6,True
full,645,0.6,True
full,646,0.6,True
full,647,0.6,True
full,648,0.55,True
full,649,0.6,True
full,650,0.6,True
full,651,0.6,True
full,652,0.55,True
full,653,0.6,True
full,654,0.6,True
full,655,0.6,True
full,656,0.6,True
full,657,0.55,True
full,658,0.55,True
full,659,0.55,True
full,660,0.55,True
full,661,0.55,True
full,662,0.6,True
full,663,0.6,True
full,664,0.6,True
full,665,0.6,True
full,666,0.55,True
full,667,0.6,True
full,668,0.6,True
full,669,0.6,True
full,670,0.55,True
full,671,0.6,True
full,672,0.6,True
full,673,0.6,True
full,674,0.55,True
full,675,0.6,True
full,676,0.6,True
full,677,0.6,True
full,678,0.6,True
full,679,0.6,True
full,680,0.6,True
full,681,0.55,True
full,682,0.6,True
full,683,0.6,True
full,684,0.55,True
full,685,0.6,True
full,686,0.55,True
full,687,0.6,True
full,688,0.6,True
full,689,0.6,True
full,690,0.6,True
full,691,0.55,True
full,692,0.6,True
full,693,0.6,True
full,694,0.6,True
full,695,0.6,True
full,696,0.6,True
full,697,0.6,True
full,698,0.6,True
full,699,0.6,True
full,700,0.6,True
full,701,0.6,True
full,702,0.6,True
full,703,0.6,True
full,704,0.55,True
full,705,0.6,True
full,706,0.6,True
full,707,0.6,True
full,708,0.6,True
full,709,0.55,True
full,710,0.6,True
full,711,0.6,True
full,712,0.6,True
full,713,0.6,True
full,714,0.6,True
full,715,0.6,True
full,716,0.6,True
full,717,0.6,True
full,718,0.6,True
full,719,0.6,True
full,720,0.6,True
full,721,0.6,True
full,722,0.6,True
full,723,0.6,True
full,724,0.6,True
full,725,0.6,True
full,726,0.6,True
full,727,0.6,True
full,728,0.6,True
full,729,0.6,True
full,730,0.6,True
full,731,0.6,True
full,732,0.55,True
full,733,0.6,True
full,734,0.6,True
full,735,0.6,True
full,736,0.6,True
full,737,0.6,True
full,738,0.6,True
full,739,0.6,True
full,740,0.6,True
full,741,0.6,True
full,742,0.6,True
full,743,0.6,True
full,744,0.6,True
full,745,0.6,True
full,746,0.6,True
full,747,0.6,True
full,748,0.6,True
full,749,0.6,True
full,750,0.6,True
full,751,0.6,True
full,752,0.6,True
full,753,0.6,True
full,754,0.6,True
full,755,0.55,True
full,756,0.6,True
full,757,0.6,True
full,758,0.55,True
full,759,0.6,True
full,760,0.6,True
full,761,0.6,True
full,762,0.6,True
full,763,0.6,True
full,764,0.6,True
full,765,0.6,True
full,766,0.6,True
full,767,0.55,True
full,768,0.6,True
full,769,0.6,True
full,770,0.55,True
full,771,0.55,True
full,772,0.6,True
full,773,0.6,True
full,774,0.6,True
full,775,0.55,True
full,776,0.6,True
full,777,0.55,True
full,778,0.6,True
full,779,0.6,True
full,780,0.55,True
full,781,0.6,True
full,782,0.6,True
full,783,0.6,True
full,784,0.6,True
full,785,0.55,True
full,786,0.55,True
full,787,0.6,True
full,788,0.6,True
full,789,0.6,True
full,790,0.6,True
full,791,0.6,True
full,792,0.6,True
full,793,0.55,True
full,794,0.6,True
full,795,0.6,True
full,796,0.6,True
full,797,0.6,True
full,798,0.6,True
full,799,0.6,True
full,800,0.6,True
full,801,0.6,True
full,802,0.6,True
full,803,0.6,True
full,804,0.6,True
full,805,0.6,True
full,806,0.6,True
full,807,0.6,True
full,808,0.6,True
full,809,0.6,True
full,810,0.6,True
full,811,0.6,True
full,812,0.6,True
full,813,0.6,True
full,814,0.55,True
full,815,0.6,True
full,816,0.6,True
full,817,0.6,True
full,818,0.6,True
full,819,0.6,True
full,820,0.6,True
full,821,0.6,True
full,822,0.6,True
full,823,0.6,True
full,824,0.6,True
full,825,0.55,True
full,826,0.6,True
full,827,0.6,True
full,828,0.6,True
full,829,0.6,True
full,830,0.6,True
full,831,0.6,True
full,832,0.6,True
full,833,0.6,True
full,834,0.6,True
full,835,0.6,True
full,836,0.6,True
full,837,0.6,True
full,838,0.55,True
full,839,0.6,True
full,840,0.6,True
full,841,0.55,True
full,842,0.6,True
full,843,0.6,True
full,844,0.6,True
full,845,0.6,True
full,846,0.6,True
full,847,0.55,True
full,848,0.6,True
full,849,0.6,True
full,850,0.6,True
full,851,0.6,True
full,852,0.6,True
full,853,0.6,True
full,854,0.6,True
full,855,0.55,True
full,856,0.55,True
full,857,0.6,True
full,858,0.6,True
full,859,0.6,True
full,860,0.6,True
full,861,0.6,True
full,862,0.6,True
full,863,0.6,True
full,864,0.6,True
full,865,0.55,True
full,866,0.6,True
full,867,0.6,True
full,868,0.6,True
full,869,0.6,True
full,870,0.6,True
full,871,0.6,True
full,872,0.55,True
full,873,0.6,True
full,874,0.6,True
full,875,0.6,True
full,876,0.6,True
full,877,0.6,True
full,878,0.6,True
full,879,0.6,True
full,880,0.55,True
full,881,0.6,True
full,882,0.55,True
full,883,0.6,True
full,884,0.6,True
full,885,0.6,True
full,886,0.6,True
full,887,0.6,True
full,888,0.6,True
full,889,0.6,True
full,890,0.6,True
full,891,0.6,True
full,892,0.55,True
full,893,0.6,True
full,894,0.6,True
full,895,0.6,True
full,896,0.6,True
full,897,0.55,True
full,898,0.55,True
full,899,0.6,True
full,900,0.6,True
full,901,0.6,True
full,902,0.6,True
full,903,0.6,True
full,904,0.6,True
full,905,0.6,True
full,906,0.6,True
full,907,0.55,True
full,908,0.6,True
full,909,0.55,True
full,910,0.6,True
full,911,0.6,True
full,912,0.6,True
full,913,0.6,True
full,914,0.6,True
full,915,0.6,True
full,916,0.6,True
full,917,0.6,True
full,918,0.6,True
full,919,0.6,True
full,920,0.6,True
full,921,0.6,True
full,922,0.6,True
full,923,0.55,True
full,924,0.6,True
full,925,0.6,True
full,926,0.6,True
full,927,0.6,True
full,928,0.6,True
full,929,0.6,True
full,930,0.6,True
full,931,0.6,True
full,932,0.6,True
full,933,0.6,True
full,934,0.6,True
full,935,0.6,True
full,936,0.6,True
full,937,0.55,True
full,938,0.6,True
full,939,0.6,True
full,940,0.6,True
full,941,0.6,True
full,942,0.6,True
full,943,0.6,True
full,944,0.6,True
full,945,0.6,True
full,946,0.6,True
full,947,0.6,True
full,948,0.6,True
full,949,0.55,True
full,950,0.55,True
full,951,0.6,True
full,952,0.6,True
full,953,0.6,True
full,954,0.6,True
full,955,0.55,True
full,956,0.6,True
full,957,0.6,True
full,958,0.6,True
full,959,0.6,True
full,960,0.6,True
full,961,0.6,True
full,962,0.6,True
full,963,0.6,True
full,964,0.55,True
full,965,0.6,True
full,966,0.6,True
full,967,0.6,True
full,968,0.6,True
full,969,0.6,True
full,970,0.6,True
full,971,0.6,True
full,972,0.6,True
full,973,0.6,True
full,974,0.55,True
full,975,0.6,True
full,976,0.6,True
full,977,0.6,True
full,978,0.6,True
full,979,0.6,True
full,980,0.55,True
full,981,0.55,True
full,982,0.6,True
full,983,0.6,True
full,984,0.6,True
full,985,0.6,True
full,986,0.6,True
full,987,0.6,True
full,988,0.6,True
full,989,0.6,True
full,990,0.6,True
full,991,0.6,True
full,992,0.6,True
full,993,0.6,True
full,994,0.6,True
full,995,0.6,True
full,996,0.6,True
full,997,0.6,True
full,998,0.6,True
full,999,0.55,True
full,1000,0.55,True
full,1001,0.6,True
full,1002,0.6,True
full,1003,0.6,True
full,1004,0.6,True
full,1005,0.6,True
full,1006,0.6,True
full,1007,0.6,True
full,1008,0.6,True
full,1009,0.55,True
full,1010,0.55,True
full,1011,0.6,True
full,1012,0.6,True
full,1013,0.6,True
full,1014,0.6,True
full,1015,0.6,True
full,1016,0.6,True
full,1017,0.6,True
full,1018,0.6,True
full,1019,0.6,True
full,1020,0.6,True
full,1021,0.6,True
full,1022,0.6,True
full,1023,0.6,True
full,1024,0.6,True
full,1025,0.6,True
full,1026,0.6,True
full,1027,0.6,True
full,1028,0.6,True
full,1029,0.6,True
full,1030,0.6,True
full,1031,0.6,True
full,1032,0.6,True
full,1033,0.6,True
full,1034,0.6,True
full,1035,0.6,True
full,1036,0.6,True
full,1037,0.6,True
full,1038,0.55,True
full,1039,0.6,True
full,1040,0.6,True
full,1041,0.6,True
full,1042,0.6,True
full,1043,0.6,True
full,1044,0.6,True
full,1045,0.6,True
full,1046,0.6,True
full,1047,0.6,True
full,1048,0.6,True
full,1049,0.6,True
full,1050,0.6,True
full,1051,0.6,True
full,1052,0.6,True
full,1053,0.6,True
full,1054,0.6,True
full,1055,0.6,True
full,1056,0.6,True
full,1057,0.6,True
full,1058,0.6,True
full,1059,0.6,True
full,1060,0.6,True
full,1061,0.55,True
full,1062,0.6,True
full,1063,0.6,True
full,1064,0.6,True
full,1065,0.55,True
full,1066,0.6,True
full,1067,0.6,True
full,1068,0.6,True
full,1069,0.55,True
full,1070,0.55,True
full,1071,0.6,True
full,1072,0.6,True
full,1073,0.6,True
full,1074,0.6,True
full,1075,0.6,True
full,1076,0.55,True
full,1077,0.6,True
full,1078,0.6,True
full,1079,0.6,True
full,1080,0.6,True
full,1081,0.6,True
full,1082,0.6,True
full,1083,0.6,True
full,1084,0.6,True
full,1085,0.55,True
full,1086,0.6,True
full,1087,0.55,True
full,1088,0.6,True
full,1089,0.6,True
full,1090,0.6,True
full,1091,0.6,True
full,1092,0.6,True
full,1093,0.6,True
full,1094,0.6,True
full,1095,0.6,True
full,1096,0.6,True
full,1097,0.6,True
full,1098,0.6,True
full,1099,0.55,True
full,1100,0.6,True
full,1101,0.6,True
full,1102,0.6,True
full,1103,0.6,True
full,1104,0.6,True
full,1105,0.6,True
full,1106,0.55,True
full,1107,0.6,True
full,1108,0.6,True
full,1109,0.6,True
full,1110,0.6,True
full,1111,0.6,True
full,1112,0.6,True
full,1113,0.55,True
full,1114,0.6,True
full,1115,0.6,True
full,1116,0.6,True
full,1117,0.55,True
full,1118,0.6,True
full,1119,0.6,True
full,1120,0.6,True
full,1121,0.6,True
full,1122,0.55,True
full,1123,0.6,True
full,1124,0.6,True
full,1125,0.55,True
full,1126,0.6,True
full,1127,0.6,True
full,1128,0.6,True
full,1129,0.6,True
full,1130,0.6,True
full,1131,0.6,True
full,1132,0.55,True
full,1133,0.6,True
full,1134,0.55,True
full,1135,0.6,True
full,1136,0.6,True
full,1137,0.6,True
full,1138,0.6,True
full,1139,0.6,True
full,1140,0.55,True
full,1141,0.6,True
full,1142,0.55,True
full,1143,0.55,True
full,1144,0.55,True
full,1145,0.6,True
full,1146,0.6,True
full,1147,0.6,True
full,1148,0.6,True
full,1149,0.6,True
full,1150,0.6,True
full,1151,0.55,True
full,1152,0.6,True
full,1153,0.6,True
full,1154,0.55,True
full,1155,0.6,True
full,1156,0.55,True
full,1157,0.6,True
full,1158,0.55,True
full,1159,0.6,True
full,1160,0.6,True
full,1161,0.6,True
full,1162,0.6,True
full,1163,0.6,True
full,1164,0.6,True
full,1165,0.6,True
full,1166,0.6,True
full,1167,0.55,True
full,1168,0.6,True
full,1169,0.6,True
full,1170,0.6,True
full,1171,0.6,True
full,1172,0.6,True
full,1173,0.6,True
full,1174,0.6,True
full,1175,0.6,True
full,1176,0.6,True
full,1177,0.6,True
full,1178,0.6,True
full,1179,0.6,True
full,1180,0.6,True
full,1181,0.6,True
full,1182,0.6,True
full,1183,0.6,True
full,1184,0.6,True
full,1185,0.6,True
full,1186,0.6,True
full,1187,0.6,True
full,1188,0.55,True
full,1189,0.6,True
full,1190,0.6,True
full,1191,0.6,True
full,1192,0.6,True
full,1193,0.6,True
full,1194,0.6,True
full,1195,0.6,True
full,1196,0.6,True
full,1197,0.6,True
full,1198,0.6,True
full,1199,0.55,True
full,1200,0.6,True
full,1201,0.6,True
full,1202,0.6,True
full,1203,0.6,True
full,1204,0.6,True
full,1205,0.6,True
full,1206,0.6,True
full,1207,0.6,True
full,1208,0.55,True
full,1209,0.6,True
full,1210,0.6,True
full,1211,0.6,True
full,1212,0.55,True
full,1213,0.6,True
full,1214,0.55,True
full,1215,0.6,True
full,1216,0.6,True
full,1217,0.6,True
full,1218,0.6,True
full,1219,0.6,True
full,1220,0.6,True
full,1221,0.6,True
full,1222,0.6,True
full,1223,0.55,True
full,1224,0.55,True
full,1225,0.6,True
full,1226,0.6,True
full,1227,0.6,True
full,1228,0.6,True
full,1229,0.6,True
full,1230,0.6,True
full,1231,0.6,True
full,1232,0.6,True
full,1233,0.6,True
full,1234,0.6,True
full,1235,0.6,True
full,1236,0.6,True
full,1237,0.6,True
full,1238,0.6,True
full,1239,0.6,True
full,1240,0.6,True
full,1241,0.6,True
full,1242,0.6,True
full,1243,0.6,True
full,1244,0.6,True
full,1245,0.55,True
full,1246,0.6,True
full,1247,0.6,True
full,1248,0.6,True
full,1249,0.55,True
full,1250,0.6,True
full,1251,0.6,True
full,1252,0.6,True
full,1253,0.6,True
full,1254,0.55,True
full,1255,0.6,True
full,1256,0.6,True
full,1257,0.6,True
full,1258,0.55,True
full,1259,0.6,True
full,1260,0.6,True
full,1261,0.6,True
full,1262,0.6,True
full,1263,0.55,True
full,1264,0.6,True
full,1265,0.6,True
full,1266,0.6,True
full,1267,0.6,True
full,1268,0.6,True
full,1269,0.6,True
full,1270,0.6,True
full,1271,0.6,True
full,1272,0.6,True
full,1273,0.55,True
full,1274,0.6,True
full,1275,0.6,True
full,1276,0.6,True
full,1277,0.6,True
full,1278,0.6,True
full,1279,0.6,True
full,1280,0.55,True
full,1281,0.55,True
full,1282,0.6,True
full,1283,0.6,True
full,1284,0.6,True
full,1285,0.6,True
full,1286,0.6,True
full,1287,0.6,True
full,1288,0.55,True
full,1289,0.6,True
full,1290,0.6,True
full,1291,0.6,True
full,1292,0.6,True
full,1293,0.6,True
full,1294,0.6,True
full,1295,0.6,True
full,1296,0.6,True
full,1297,0.55,True
full,1298,0.6,True
full,1299,0.6,True
full,1300,0.6,True
full,1301,0.6,True
full,1302,0.55,True
full,1303,0.6,True
full,1304,0.6,True
full,1305,0.6,True
full,1306,0.6,True
full,1307,0.6,True
full,1308,0.6,True
full,1309,0.6,True
full,1310,0.6,True
full,1311,0.6,True
full,1312,0.55,True
full,1313,0.55,True
full,1314,0.6,True
full,1315,0.6,True
full,1316,0.6,True
full,1317,0.55,True
full,1318,0.6,True
full,1319,0.55,True
full,1320,0.6,True
full,1321,0.6,True
full,1322,0.55,True
full,1323,0.6,True
full,1324,0.6,True
full,1325,0.6,True
full,1326,0.6,True
full,1327,0.6,True
full,1328,0.6,True
full,1329,0.55,True
full,1330,0.6,True
full,1331,0.6,True
full,1332,0.6,True
full,1333,0.6,True
full,1334,0.6,True
full,1335,0.6,True
full,1336,0.6,True
full,1337,0.55,True
full,1338,0.55,True
full,1339,0.6,True
full,1340,0.6,True
full,1341,0.55,True
full,1342,0.55,True
full,1343,0.6,True
full,1344,0.6,True
full,1345,0.6,True
full,1346,0.6,True
full,1347,0.6,True
full,1348,0.6,True
full,1349,0.6,True
full,1350,0.6,True
full,1351,0.6,True
full,1352,0.6,True
full,1353,0.55,True
full,1354,0.6,True
full,1355,0.6,True
full,1356,0.6,True
full,1357,0.6,True
full,1358,0.6,True
full,1359,0.55,True
full,1360,0.6,True
full,1361,0.6,True
full,1362,0.6,True
full,1363,0.55,True
full,1364,0.6,True
full,1365,0.6,True
full,1366,0.6,True
full,1367,0.6,True
full,1368,0.6,True
full,1369,0.6,True
full,1370,0.6,True
full,1371,0.6,True
full,1372,0.6,True
full,1373,0.6,True
full,1374,0.55,True
full,1375,0.6,True
full,1376,0.55,True
full,1377,0.6,True
full,1378,0.55,True
full,1379,0.6,True
full,1380,0.55,True
full,1381,0.55,True
full,1382,0.6,True
full,1383,0.6,True
full,1384,0.6,True
full,1385,0.6,True
full,1386,0.6,True
full,1387,0.6,True
full,1388,0.6,True
full,1389,0.55,True
full,1390,0.55,True
full,1391,0.6,True
full,1392,0.6,True
full,1393,0.6,True
full,1394,0.6,True
full,1395,0.6,True
full,1396,0.6,True
full,1397,0.6,True
full,1398,0.6,True
full,1399,0.55,True
full,1400,0.6,True
full,1401,0.6,True
full,1402,0.6,True
full,1403,0.6,True
full,1404,0.6,True
full,1405,0.55,True
full,1406,0.6,True
full,1407,0.55,True
full,1408,0.6,True
full,1409,0.6,True
full,1410,0.6,True
full,1411,0.6,True
full,1412,0.6,True
full,1413,0.6,True
full,1414,0.6,True
full,1415,0.6,True
full,1416,0.6,True
full,1417,0.55,True
full,1418,0.6,True
full,1419,0.6,True
full,1420,0.6,True
full,1421,0.6,True
full,1422,0.6,True
full,1423,0.55,True
full,1424,0.6,True
full,1425,0.6,True
full,1426,0.6,True
full,1427,0.55,True
full,1428,0.6,True
full,1429,0.6,True
full,1430,0.6,True
full,1431,0.6,True
full,1432,0.6,True
full,1433,0.6,True
full,1434,0.55,True
full,1435,0.6,True
full,1436,0.6,True
full,1437,0.55,True
full,1438,0.6,True
full,1439,0.6,True
full,1440,0.6,True
full,1441,0.6,True
full,1442,0.6,True
full,1443,0.6,True
full,1444,0.55,True
full,1445,0.6,True
full,1446,0.6,True
full,1447,0.55,True
full,1448,0.55,True
full,1449,0.6,True
full,1450,0.55,True
full,1451,0.6,True
full,1452,0.55,True
full,1453,0.6,True
full,1454,0.6,True
full,1455,0.6,True
full,1456,0.6,True
full,1457,0.6,True
full,1458,0.55,True
full,1459,0.6,True
full,1460,0.6,True
full,1461,0.6,True
full,1462,0.6,True
full,1463,0.6,True
full,1464,0.6,True
full,1465,0.6,True
full,1466,0.6,True
full,1467,0.6,True
full,1468,0.55,True
full,1469,0.6,True
full,1470,0.6,True
full,1471,0.55,True
full,1472,0.6,True
full,1473,0.6,True
full,1474,0.6,True
full,1475,0.6,True
full,1476,0.6,True
full,1477,0.6,True
full,1478,0.55,True
full,1479,0.6,True
full,1480,0.55,True
full,1481,0.6,True
full,1482,0.6,True
full,1483,0.6,True
full,1484,0.6,True
full,1485,0.6,True
full,1486,0.55,True
full,1487,0.6,True
full,1488,0.6,True
full,1489,0.6,True
full,1490,0.6,True
full,1491,0.6,True
full,1492,0.6,True
full,1493,0.6,True
full,1494,0.6,True
full,1495,0.6,True
full,1496,0.6,True
full,1497,0.6,True
full,1498,0.6,True
full,1499,0.6,True
full,1500,0.6,True
full,1501,0.55,True
full,1502,0.6,True
full,1503,0.6,True
full,1504,0.6,True
full,1505,0.6,True
full,1506,0.55,True
full,1507,0.6,True
full,1508,0.6,True
full,1509,0.6,True
full,1510,0.6,True
full,1511,0.6,True
full,1512,0.6,True
full,1513,0.6,True
full,1514,0.6,True
full,1515,0.6,True
full,1516,0.6,True
full,1517,0.6,True
full,1518,0.6,True
full,1519,0.6,True
full,1520,0.6,True
full,1521,0.6,True
full,1522,0.6,True
full,1523,0.6,True
full,1524,0.6,True
full,1525,0.6,True
full,1526,0.6,True
full,1527,0.6,True
full,1528,0.6,True
full,1529,0.6,True
full,1530,0.6,True
full,1531,0.6,True
full,1532,0.6,True
full,1533,0.6,True
full,1534,0.55,True
full,1535,0.6,True
full,1536,0.55,True
full,1537,0.6,True
full,1538,0.6,True
full,1539,0.55,True
full,1540,0.55,True
full,1541,0.6,True
full,1542,0.6,True
full,1543,0.6,True
full,1544,0.6,True
full,1545,0.55,True
full,1546,0.6,True
full,1547,0.6,True
full,1548,0.6,True
full,1549,0.6,True
full,1550,0.6,True
full,1551,0.6,True
full,1552,0.6,True
full,1553,0.6,True
full,1554,0.6,True
full,1555,0.6,True
full,1556,0.55,True
full,1557,0.6,True
full,1558,0.6,True
full,1559,0.6,True
full,1560,0.6,True
full,1561,0.6,True
full,1562,0.6,True
full,1563,0.55,True
full,1564,0.6,True
full,1565,0.55,True
full,1566,0.6,True
full,1567,0.6,True
full,1568,0.6,True
full,1569,0.6,True
full,1570,0.55,True
full,1571,0.6,True
full,1572,0.6,True
full,1573,0.6,True
full,1574,0.6,True
full,1575,0.55,True
full,1576,0.6,True
full,1577,0.6,True
full,1578,0.6,True
full,1579,0.6,True
full,1580,0.6,True
full,1581,0.6,True
full,1582,0.6,True
full,1583,0.6,True
full,1584,0.6,True
full,1585,0.6,True
full,1586,0.55,True
full,1587,0.6,True
full,1588,0.6,True
full,1589,0.6,True
full,1590,0.6,True
full,1591,0.6,True
full,1592,0.6,True
full,1593,0.6,True
full,1594,0.6,True
full,1595,0.6,True
full,1596,0.6,True
full,1597,0.6,True
full,1598,0.6,True
full,1599,0.6,True
full,1600,0.55,True
full,1601,0.6,True
full,1602,0.6,True
full,1603,0.6,True
full,1604,0.6,True
full,1605,0.6,True
full,1606,0.6,True
full,1607,0.6,True
full,1608,0.6,True
full,1609,0.6,True
full,1610,0.6,True
full,1611,0.6,True
full,1612,0.55,True
full,1613,0.6,True
full,1614,0.6,True
full,1615,0.6,True
full,1616,0.6,True
full,1617,0.6,True
full,1618,0.6,True
full,1619,0.6,True
full,1620,0.6,True
full,1621,0.6,True
full,1622,0.6,True
full,1623,0.6,True
full,1624,0.6,True
full,1625,0.6,True
full,1626,0.55,True
full,1627,0.6,True
full,1628,0.6,True
full,1629,0.6,True
full,1630,0.6,True
full,1631,0.6,True
full,1632,0.6,True
full,1633,0.6,True
full,1634,0.6,True
full,1635,0.6,True
full,1636,0.6,True
full,1637,0.6,True
full,1638,0.6,True
full,1639,0.6,True
full,1640,0.6,True
full,1641,0.6,True
full,1642,0.6,True
full,1643,0.6,True
full,1644,0.6,True
full,1645,0.6,True
full,1646,0.6,True
full,1647,0.6,True
full,1648,0.6,True
full,1649,0.6,True
full,1650,0.6,True
full,1651,0.6,True
full,1652,0.6,True
full,1653,0.6,True
full,1654,0.6,True
full,1655,0.6,True
full,1656,0.6,True
full,1657,0.6,True
full,1658,0.55,True
full,1659,0.6,True
full,1660,0.55,True
full,1661,0.6,True
full,1662,0.55,True
full,1663,0.6,True
full,1664,0.6,True
full,1665,0.55,True
full,1666,0.6,True
full,1667,0.6,True
full,1668,0.6,True
full,1669,0.6,True
full,1670,0.55,True
full,1671,0.6,True
full,1672,0.6,True
full,1673,0.55,True
full,1674,0.6,True
full,1675,0.6,True
full,1676,0.6,True
full,1677,0.6,True
full,1678,0.6,True
full,1679,0.6,True
full,1680,0.6,True
full,1681,0.55,True
full,1682,0.6,True
full,1683,0.6,True
full,1684,0.6,True
full,1685,0.55,True
full,1686,0.6,True
full,1687,0.6,True
full,1688,0.6,True
full,1689,0.6,True
full,1690,0.6,True
full,1691,0.6,True
full,1692,0.6,True
full,1693,0.6,True
full,1694,0.6,True
full,1695,0.55,True
full,1696,0.6,True
full,1697,0.6,True
full,1698,0.6,True
full,1699,0.6,True
full,1700,0.6,True
full,1701,0.55,True
full,1702,0.6,True
full,1703,0.6,True
full,1704,0.6,True
full,1705,0.55,True
full,1706,0.6,True
full,1707,0.6,True
full,1708,0.6,True
full,1709,0.6,True
full,1710,0.6,True
full,1711,0.6,True
full,1712,0.6,True
full,1713,0.6,True
full,1714,0.6,True
full,1715,0.6,True
full,1716,0.55,True
full,1717,0.6,True
full,1718,0.6,True
full,1719,0.55,True
full,1720,0.6,True
full,1721,0.6,True
full,1722,0.6,True
full,1723,0.6,True
full,1724,0.55,True
full,1725,0.6,True
full,1726,0.6,True
full,1727,0.6,True
full,1728,0.6,True
full,1729,0.6,True
full,1730,0.6,True
full,1731,0.6,True
full,1732,0.6,True
full,1733,0.6,True
full,1734,0.6,True
full,1735,0.6,True
full,1736,0.6,True
full,1737,0.6,True
full,1738,0.6,True
full,1739,0.6,True
full,1740,0.6,True
full,1741,0.55,True
full,1742,0.55,True
full,1743,0.6,True
full,1744,0.6,True
full,1745,0.6,True
full,1746,0.6,True
full,1747,0.6,True
full,1748,0.6,True
full,1749,0.55,True
full,1750,0.6,True
full,1751,0.6,True
full,1752,0.55,True
full,1753,0.6,True
full,1754,0.6,True
full,1755,0.55,True
full,1756,0.6,True
full,1757,0.55,True
full,1758,0.6,True
full,1759,0.6,True
full,1760,0.6,True
full,1761,0.6,True
full,1762,0.6,True
full,1763,0.6,True
full,1764,0.6,True
full,1765,0.55,True
full,1766,0.6,True
full,1767,0.6,True
full,1768,0.55,True
full,1769,0.55,True
full,1770,0.6,True
full,1771,0.6,True
full,1772,0.55,True
full,1773,0.6,True
full,1774,0.6,True
full,1775,0.6,True
full,1776,0.6,True
full,1777,0.6,True
full,1778,0.6,True
full,1779,0.6,True
full,1780,0.6,True
full,1781,0.6,True
full,1782,0.6,True
full,1783,0.55,True
full,1784,0.6,True
full,1785,0.6,True
full,1786,0.6,True
full,1787,0.55,True
full,1788,0.6,True
full,1789,0.6,True
full,1790,0.6,True
full,1791,0.6,True
full,1792,0.55,True
full,1793,0.55,True
full,1794,0.6,True
full,1795,0.6,True
full,1796,0.6,True
full,1797,0.6,True
full,1798,0.6,True
full,1799,0.55,True
full,1800,0.6,True
full,1801,0.6,True
full,1802,0.55,True
full,1803,0.55,True
full,1804,0.6,True
full,1805,0.6,True
full,1806,0.6,True
full,1807,0.6,True
full,1808,0.6,True
full,1809,0.6,True
full,1810,0.6,True
full,1811,0.6,True
full,1812,0.6,True
full,1813,0.55,True
full,1814,0.6,True
full,1815,0.6,True
full,1816,0.6,True
full,1817,0.6,True
full,1818,0.6,True
full,1819,0.55,True
full,1820,0.6,True
full,1821,0.6,True
full,1822,0.6,True
full,1823,0.6,True
full,1824,0.55,True
full,1825,0.55,True
full,1826,0.55,True
full,1827,0.6,True
full,1828,0.6,True
full,1829,0.6,True
full,1830,0.6,True
full,1831,0.6,True
full,1832,0.6,True
full,1833,0.6,True
full,1834,0.6,True
full,1835,0.6,True
full,1836,0.6,True
full,1837,0.6,True
full,1838,0.6,True
full,1839,0.55,True
full,1840,0.6,True
full,1841,0.6,True
full,1842,0.6,True
full,1843,0.6,True
full,1844,0.6,True
full,1845,0.6,True
full,1846,0.6,True
full,1847,0.6,True
full,1848,0.55,True
full,1849,0.6,True
full,1850,0.6,True
full,1851,0.6,True
full,1852,0.6,True
full,1853,0.6,True
full,1854,0.6,True
full,1855,0.55,True
full,1856,0.6,True
full,1857,0.6,True
full,1858,0.6,True
full,1859,0.6,True
full,1860,0.6,True
full,1861,0.6,True
full,1862,0.6,True
full,1863,0.6,True
full,1864,0.6,True
full,1865,0.6,True
full,1866,0.6,True
full,1867,0.55,True
full,1868,0.6,True
full,1869,0.6,True
full,1870,0.6,True
full,1871,0.55,True
full,1872,0.6,True
full,1873,0.6,True
full,1874,0.6,True
full,1875,0.6,True
full,1876,0.6,True
full,1877,0.6,True
full,1878,0.6,True
full,1879,0.55,True
full,1880,0.6,True
full,1881,0.6,True
full,1882,0.6,True
full,1883,0.55,True
full,1884,0.55,True
full,1885,0.6,True
full,1886,0.6,True
full,1887,0.6,True
full,1888,0.6,True
full,1889,0.6,True
full,1890,0.6,True
full,1891,0.6,True
full,1892,0.6,True
full,1893,0.55,True
full,1894,0.55,True
full,1895,0.6,True
full,1896,0.6,True
full,1897,0.55,True
full,1898,0.6,True
full,1899,0.55,True
full,1900,0.6,True
full,1901,0.6,True
full,1902,0.6,True
full,1903,0.6,True
full,1904,0.6,True
full,1905,0.6,True
full,1906,0.6,True
full,1907,0.55,True
full,1908,0.6,True
full,1909,0.55,True
full,1910,0.6,True
full,1911,0.6,True
full,1912,0.6,True
full,1913,0.6,True
full,1914,0.6,True
full,1915,0.6,True
full,1916,0.6,True
full,1917,0.6,True
full,1918,0.55,True
full,1919,0.6,True
full,1920,0.6,True
full,1921,0.55,True
full,1922,0.6,True
full,1923,0.55,True
full,1924,0.6,True
full,1925,0.6,True
full,1926,0.6,True
full,1927,0.6,True
full,1928,0.6,True
full,1929,0.6,True
full,1930,0.6,True
full,1931,0.55,True
full,1932,0.6,True
full,1933,0.6,True
full,1934,0.55,True
full,1935,0.55,True
full,1936,0.6,True
full,1937,0.6,True
full,1938,0.6,True
full,1939,0.6,True
full,1940,0.6,True
full,1941,0.6,True
full,1942,0.6,True
full,1943,0.6,True
full,1944,0.6,True
full,1945,0.6,True
full,1946,0.6,True
full,1947,0.6,True
full,1948,0.55,True
full,1949,0.6,True
full,1950,0.6,True
full,1951,0.6,True
full,1952,0.6,True
full,1953,0.6,True
full,1954,0.55,True
full,1955,0.6,True
full,1956,0.6,True
full,1957,0.55,True
full,1958,0.6,True
full,1959,0.6,True
full,1960,0.6,True
full,1961,0.55,True
full,1962,0.6,True
full,1963,0.6,True
full,1964,0.6,True
full,1965,0.6,True
full,1966,0.55,True
full,1967,0.6,True
full,1968,0.6,True
full,1969,0.6,True
full,1970,0.6,True
full,1971,0.6,True
full,1972,0.6,True
full,1973,0.55,True
full,1974,0.6,True
full,1975,0.55,True
full,1976,0.55,True
full,1977,0.6,True
full,1978,0.6,True
full,1979,0.55,True
full,1980,0.6,True
full,1981,0.6,True
full,1982,0.6,True
full,1983,0.6,True
full,1984,0.55,True
full,1985,0.55,True
full,1986,0.6,True
full,1987,0.6,True
full,1988,0.6,True
full,1989,0.6,True
full,1990,0.55,True
full,1991,0.6,True
full,1992,0.6,True
full,1993,0.55,True
full,1994,0.6,True
full,1995,0.6,True
full,1996,0.6,True
full,1997,0.6,True
full,1998,0.6,True
full,1999,0.55,True
full,2000,0.6,True
full,2001,0.6,True
full,2002,0.6,True
full,2003,0.6,True
full,2004,0.55,True
full,2005,0.6,True
full,2006,0.6,True
full,2007,0.6,True
full,2008,0.55,True
full,2009,0.6,True
full,2010,0.6,True
full,2011,0.6,True
full,2012,0.6,True
full,2013,0.6,True
full,2014,0.6,True
full,2015,0.6,True
full,2016,0.6,True
full,2017,0.6,True
full,2018,0.6,True
full,2019,0.6,True
full,2020,0.6,True
full,2021,0.6,True
full,2022,0.6,True
full,2023,0.6,True
full,2024,0.6,True
full,2025,0.6,True
full,2026,0.55,True
full,2027,0.6,True
full,2028,0.55,True
full,2029,0.6,True
full,2030,0.6,True
full,2031,0.6,True
full,2032,0.6,True
full,2033,0.6,True
full,2034,0.6,True
full,2035,0.6,True
full,2036,0.6,True
full,2037,0.6,True
full,2038,0.6,True
full,2039,0.6,True
full,2040,0.6,True
full,2041,0.6,True
full,2042,0.6,True
full,2043,0.6,True
full,2044,0.55,True
full,2045,0.6,True
full,2046,0.6,True
full,2047,0.6,True
full,2048,0.55,True
full,2049,0.6,True
full,2050,0.6,True
full,2051,0.6,True
full,2052,0.6,True
full,2053,0.6,True
full,2054,0.6,True
full,2055,0.6,True
full,2056,0.6,True
full,2057,0.6,True
full,2058,0.6,True
full,2059,0.6,True
full,2060,0.6,True
full,2061,0.55,True
full,2062,0.6,True
full,2063,0.6,True
full,2064,0.6,True
full,2065,0.6,True
full,2066,0.55,True
full,2067,0.6,True
full,2068,0.6,True
full,2069,0.6,True
full,2070,0.6,True
full,2071,0.55,True
full,2072,0.6,True
full,2073,0.6,True
full,2074,0.6,True
full,2075,0.6,True
full,2076,0.6,True
full,2077,0.6,True
full,2078,0.55,True
full,2079,0.6,True
full,2080,0.6,True
full,2081,0.55,True
full,2082,0.6,True
full,2083,0.6,True
full,2084,0.6,True
full,2085,0.6,True
full,2086,0.6,True
full,2087,0.55,True
full,2088,0.6,True
full,2089,0.6,True
full,2090,0.6,True
full,2091,0.6,True
full,2092,0.6,True
full,2093,0.6,True
full,2094,0.6,True
full,2095,0.6,True
full,2096,0.6,True
full,2097,0.55,True
full,2098,0.6,True
full,2099,0.6,True
full,2100,0.6,True
full,2101,0.6,True
full,2102,0.55,True
full,2103,0.6,True
full,2104,0.6,True
full,2105,0.6,True
full,2106,0.6,True
full,2107,0.6,True
full,2108,0.6,True
full,2109,0.55,True
full,2110,0.6,True
full,2111,0.6,True
full,2112,0.55,True
full,2113,0.55,True
full,2114,0.6,True
full,2115,0.6,True
full,2116,0.6,True
full,2117,0.6,True
full,2118,0.6,True
full,2119,0.6,True
full,2120,0.6,True
full,2121,0.6,True
full,2122,0.6,True
full,2123,0.6,True
full,2124,0.6,True
full,2125,0.6,True
full,2126,0.6,True
full,2127,0.6,True
full,2128,0.6,True
full,2129,0.6,True
full,2130,0.6,True
full,2131,0.55,True
full,2132,0.6,True
full,2133,0.6,True
full,2134,0.6,True
full,2135,0.55,True
full,2136,0.6,True
full,2137,0.6,True
full,2138,0.6,True
full,2139,0.6,True
full,2140,0.6,True
full,2141,0.6,True
full,2142,0.55,True
full,2143,0.55,True
full,2144,0.6,True
full,2145,0.6,True
full,2146,0.6,True
full,2147,0.55,True
full,2148,0.6,True
full,2149,0.6,True
full,2150,0.6,True
full,2151,0.6,True
full,2152,0.6,True
full,2153,0.6,True
full,2154,0.6,True
full,2155,0.6,True
full,2156,0.6,True
full,2157,0.6,True
full,2158,0.6,True
full,2159,0.6,True
full,2160,0.6,True
full,2161,0.6,True
full,2162,0.6,True
full,2163,0.6,True
full,2164,0.6,True
full,2165,0.6,True
full,2166,0.6,True
full,2167,0.55,True
full,2168,0.6,True
full,2169,0.6,True
full,2170,0.6,True
full,2171,0.6,True
full,2172,0.6,True
full,2173,0.6,True
full,2174,0.6,True
full,2175,0.6,True
full,2176,0.6,True
full,2177,0.6,True
full,2178,0.6,True
full,2179,0.6,True
full,2180,0.55,True
full,2181,0.55,True
full,2182,0.6,True
full,2183,0.6,True
full,2184,0.6,True
full,2185,0.6,True
full,2186,0.55,True
full,2187,0.6,True
full,2188,0.55,True
full,2189,0.6,True
full,2190,0.6,True
full,2191,0.6,True
full,2192,0.55,True
full,2193,0.6,True
full,2194,0.6,True
full,2195,0.6,True
full,2196,0.6,True
full,2197,0.6,True
full,2198,0.6,True
full,2199,0.6,True
full,2200,0.6,True
full,2201,0.6,True
full,2202,0.6,True
full,2203,0.6,True
full,2204,0.6,True
full,2205,0.6,True
full,2206,0.6,True
full,2207,0.6,True
full,2208,0.6,True
full,2209,0.6,True
full,2210,0.55,True
full,2211,0.6,True
full,2212,0.6,True
full,2213,0.6,True
full,2214,0.6,True
full,2215,0.6,True
full,2216,0.55,True
full,2217,0.6,True
full,2218,0.6,True
full,2219,0.55,True
full,2220,0.55,True
full,2221,0.6,True
full,2222,0.6,True
full,2223,0.55,True
full,2224,0.6,True
full,2225,0.6,True
full,2226,0.6,True
full,2227,0.6,True
full,2228,0.6,True
full,2229,0.55,True
full,2230,0.6,True
full,2231,0.6,True
full,2232,0.6,True
full,2233,0.6,True
full,2234,0.6,True
full,2235,0.6,True
full,2236,0.6,True
full,2237,0.6,True
full,2238,0.6,True
full,2239,0.6,True
full,2240,0.6,True
full,2241,0.6,True
full,2242,0.6,True
full,2243,0.6,True
full,2244,0.6,True
full,2245,0.55,True
full,2246,0.6,True
full,2247,0.6,True
full,2248,0.6,True
full,2249,0.55,True
full,2250,0.6,True
full,2251,0.6,True
full,2252,0.6,True
full,2253,0.55,True
full,2254,0.6,True
full,2255,0.55,True
full,2256,0.6,True
full,2257,0.6,True
full,2258,0.6,True
full,2259,0.6,True
full,2260,0.6,True
full,2261,0.6,True
full,2262,0.6,True
full,2263,0.55,True
full,2264,0.55,True
full,2265,0.6,True
full,2266,0.6,True
full,2267,0.55,True
full,2268,0.55,True
full,2269,0.6,True
full,2270,0.6,True
full,2271,0.55,True
full,2272,0.6,True
full,2273,0.6,True
full,2274,0.6,True
full,2275,0.6,True
full,2276,0.55,True
full,2277,0.55,True
full,2278,0.6,True
full,2279,0.6,True
full,2280,0.6,True
full,2281,0.6,True
full,2282,0.55,True
full,2283,0.6,True
full,2284,0.55,True
full,2285,0.6,True
full,2286,0.6,True
full,2287,0.6,True
full,2288,0.6,True
full,2289,0.6,True
full,2290,0.6,True
full,2291,0.6,True
full,2292,0.6,True
full,2293,0.55,True
full,2294,0.6,True
full,2295,0.6,True
full,2296,0.6,True
full,2297,0.6,True
full,2298,0.6,True
full,2299,0.55,True
full,2300,0.6,True
full,2301,0.6,True
full,2302,0.6,True
full,2303,0.6,True
full,2304,0.6,True
full,2305,0.6,True
full,2306,0.6,True
full,2307,0.6,True
full,2308,0.6,True
full,2309,0.6,True
full,2310,0.6,True
full,2311,0.6,True
full,2312,0.6,True
full,2313,0.6,True
full,2314,0.6,True
full,2315,0.55,True
full,2316,0.6,True
full,2317,0.55,True
full,2318,0.6,True
full,2319,0.6,True
full,2320,0.55,True
full,2321,0.6,True
full,2322,0.55,True
full,2323,0.6,True
full,2324,0.6,True
full,2325,0.6,True
full,2326,0.6,True
full,2327,0.55,True
full,2328,0.6,True
full,2329,0.6,True
full,2330,0.6,True
full,2331,0.6,True
full,2332,0.6,True
full,2333,0.6,True
full,2334,0.55,True
full,2335,0.6,True
full,2336,0.6,True
full,2337,0.6,True
full,2338,0.55,True
full,2339,0.6,True
full,2340,0.6,True
full,2341,0.6,True
full,2342,0.6,True
full,2343,0.6,True
full,2344,0.55,True
full,2345,0.6,True
full,2346,0.6,True
full,2347,0.55,True
full,2348,0.6,True
full,2349,0.6,True
full,2350,0.6,True
full,2351,0.6,True
full,2352,0.55,True
full,2353,0.6,True
full,2354,0.6,True
full,2355,0.6,True
full,2356,0.55,True
full,2357,0.6,True
full,2358,0.6,True
full,2359,0.6,True
full,2360,0.6,True
full,2361,0.6,True
full,2362,0.55,True
full,2363,0.6,True
full,2364,0.6,True
full,2365,0.6,True
full,2366,0.6,True
full,2367,0.6,True
full,2368,0.6,True
full,2369,0.6,True
full,2370,0.55,True
full,2371,0.6,True
full,2372,0.6,True
full,2373,0.6,True
full,2374,0.6,True
full,2375,0.6,True
full,2376,0.6,True
full,2377,0.6,True
full,2378,0.6,True
full,2379,0.6,True
full,2380,0.6,True
full,2381,0.6,True
full,2382,0.6,True
full,2383,0.55,True
full,2384,0.6,True
full,2385,0.6,True
full,2386,0.55,True
full,2387,0.6,True
full,2388,0.6,True
full,2389,0.6,True
full,2390,0.6,True
full,2391,0.6,True
full,2392,0.55,True
full,2393,0.6,True
full,2394,0.6,True
full,2395,0.6,True
full,2396,0.6,True
full,2397,0.55,True
full,2398,0.6,True
full,2399,0.55,True
full,2400,0.55,True
full,2401,0.6,True
full,2402,0.6,True
full,2403,0.6,True
full,2404,0.6,True
full,2405,0.6,True
full,2406,0.6,True
full,2407,0.6,True
full,2408,0.6,True
full,2409,0.6,True
full,2410,0.6,True
full,2411,0.6,True
full,2412,0.6,True
full,2413,0.6,True
full,2414,0.6,True
full,2415,0.6,True
full,2416,0.6,True
full,2417,0.6,True
full,2418,0.6,True
full,2419,0.6,True
full,2420,0.6,True
full,2421,0.6,True
full,2422,0.6,True
full,2423,0.6,True
full,2424,0.6,True
full,2425,0.6,True
full,2426,0.6,True
full,2427,0.6,True
full,2428,0.6,True
full,2429,0.6,True
full,2430,0.6,True
full,2431,0.6,True
full,2432,0.6,True
full,2433,0.6,True
full,2434,0.6,True
full,2435,0.6,True
full,2436,0.55,True
full,2437,0.6,True
full,2438,0.6,True
full,2439,0.6,True
full,2440,0.6,True
full,2441,0.6,True
full,2442,0.6,True
full,2443,0.6,True
full,2444,0.6,True
full,2445,0.6,True
full,2446,0.6,True
full,2447,0.6,True
full,2448,0.6,True
full,2449,0.6,True
full,2450,0.55,True
full,2451,0.6,True
full,2452,0.6,True
full,2453,0.6,True
full,2454,0.6,True
full,2455,0.6,True
full,2456,0.6,True
full,2457,0.6,True
full,2458,0.6,True
full,2459,0.6,True
full,2460,0.6,True
full,2461,0.6,True
full,2462,0.6,True
full,2463,0.6,True
full,2464,0.6,True
full,2465,0.6,True
full,2466,0.6,True
full,2467,0.6,True
full,2468,0.55,True
full,2469,0.6,True
full,2470,0.6,True
full,2471,0.6,True
full,2472,0.6,True
full,2473,0.6,True
full,2474,0.6,True
full,2475,0.6,True
full,2476,0.6,True
full,2477,0.6,True
full,2478,0.55,True
full,2479,0.6,True
full,2480,0.6,True
full,2481,0.55,True
full,2482,0.6,True
full,2483,0.6,True
full,2484,0.6,True
full,2485,0.6,True
full,2486,0.6,True
full,2487,0.6,True
full,2488,0.6,True
full,2489,0.55,True
full,2490,0.6,True
full,2491,0.6,True
full,2492,0.6,True
full,2493,0.6,True
full,2494,0.6,True
full,2495,0.55,True
full,2496,0.6,True
full,2497,0.6,True
full,2498,0.55,True
full,2499,0.6,True
full,2500,0.55,True
full,2501,0.6,True
full,2502,0.6,True
full,2503,0.6,True
full,2504,0.6,True
full,2505,0.6,True
full,2506,0.6,True
full,2507,0.55,True
full,2508,0.6,True
full,2509,0.6,True
full,2510,0.55,True
full,2511,0.6,True
full,2512,0.6,True
full,2513,0.6,True
full,2514,0.6,True
full,2515,0.6,True
full,2516,0.6,True
full,2517,0.6,True
full,2518,0.6,True
full,2519,0.6,True
full,2520,0.6,True
full,2521,0.6,True
full,2522,0.6,True
full,2523,0.6,True
full,2524,0.6,True
full,2525,0.6,True
full,2526,0.6,True
full,2527,0.6,True
full,2528,0.6,True
full,2529,0.6,True
full,2530,0.55,True
full,2531,0.6,True
full,2532,0.6,True
full,2533,0.6,True
full,2534,0.6,True
full,2535,0.6,True
full,2536,0.6,True
full,2537,0.55,True
full,2538,0.6,True
full,2539,0.55,True
full,2540,0.6,True
full,2541,0.6,True
full,2542,0.6,True
full,2543,0.6,True
full,2544,0.6,True
full,2545,0.6,True
full,2546,0.6,True
full,2547,0.6,True
full,2548,0.6,True
full,2549,0.6,True
full,2550,0.6,True
full,2551,0.55,True
full,2552,0.6,True
full,2553,0.6,True
full,2554,0.55,True
full,2555,0.6,True
full,2556,0.6,True
full,2557,0.55,True
full,2558,0.6,True
full,2559,0.55,True
full,2560,0.6,True
full,2561,0.6,True
full,2562,0.6,True
full,2563,0.6,True
full,2564,0.6,True
full,2565,0.55,True
full,2566,0.6,True
full,2567,0.6,True
full,2568,0.6,True
full,2569,0.6,True
full,2570,0.6,True
full,2571,0.6,True
full,2572,0.55,True
full,2573,0.6,True
full,2574,0.6,True
full,2575,0.6,True
full,2576,0.6,True
full,2577,0.6,True
full,2578,0.6,True
full,2579,0.6,True
full,2580,0.6,True
full,2581,0.6,True
full,2582,0.6,True
full,2583,0.6,True
full,2584,0.6,True
full,2585,0.6,True
full,2586,0.6,True
full,2587,0.6,True
full,2588,0.55,True
full,2589,0.55,True
full,2590,0.55,True
full,2591,0.6,True
full,2592,0.6,True
full,2593,0.6,True
full,2594,0.6,True
full,2595,0.55,True
full,2596,0.55,True
full,2597,0.6,True
full,2598,0.6,True
full,2599,0.6,True
full,2600,0.6,True
full,2601,0.55,True
full,2602,0.55,True
full,2603,0.6,True
full,2604,0.6,True
full,2605,0.6,True
full,2606,0.6,True
full,2607,0.55,True
full,2608,0.6,True
full,2609,0.6,True
full,2610,0.6,True
full,2611,0.6,True
full,2612,0.6,True
full,2613,0.6,True
full,2614,0.6,True
full,2615,0.55,True
full,2616,0.6,True
full,2617,0.6,True
full,2618,0.6,True
full,2619,0.55,True
full,2620,0.55,True
full,2621,0.6,True
full,2622,0.55,True
full,2623,0.6,True
full,2624,0.6,True
full,2625,0.6,True
full,2626,0.6,True
full,2627,0.6,True
full,2628,0.6,True
full,2629,0.6,True
full,2630,0.55,True
full,2631,0.55,True
full,2632,0.6,True
full,2633,0.6,True
full,2634,0.6,True
full,2635,0.6,True
full,2636,0.6,True
full,2637,0.6,True
full,2638,0.6,True
full,2639,0.6,True
full,2640,0.55,True
full,2641,0.6,True
full,2642,0.6,True
full,2643,0.6,True
full,2644,0.6,True
full,2645,0.6,True
full,2646,0.6,True
full,2647,0.6,True
full,2648,0.6,True
full,2649,0.6,True
full,2650,0.6,True
full,2651,0.55,True
full,2652,0.6,True
full,2653,0.6,True
full,2654,0.6,True
full,2655,0.6,True
full,2656,0.55,True
full,2657,0.6,True
full,2658,0.55,True
full,2659,0.6,True
full,2660,0.6,True
full,2661,0.6,True
full,2662,0.6,True
full,2663,0.6,True
full,2664,0.55,True
full,2665,0.6,True
full,2666,0.55,True
full,2667,0.6,True
full,2668,0.6,True
full,2669,0.6,True
full,2670,0.6,True
full,2671,0.6,True
full,2672,0.55,True
full,2673,0.6,True
full,2674,0.6,True
full,2675,0.6,True
full,2676,0.6,True
full,2677,0.6,True
full,2678,0.6,True
full,2679,0.6,True
full,2680,0.6,True
full,2681,0.6,True
full,2682,0.55,True
full,2683,0.6,True
full,2684,0.6,True
full,2685,0.6,True
full,2686,0.6,True
full,2687,0.6,True
full,2688,0.6,True
full,2689,0.6,True
full,2690,0.55,True
full,2691,0.6,True
full,2692,0.55,True
full,2693,0.6,True
full,2694,0.6,True
full,2695,0.6,True
full,2696,0.6,True
full,2697,0.6,True
full,2698,0.6,True
full,2699,0.6,True
full,2700,0.6,True
full,2701,0.55,True
full,2702,0.6,True
full,2703,0.6,True
full,2704,0.6,True
full,2705,0.55,True
full,2706,0.6,True
full,2707,0.6,True
full,2708,0.55,True
full,2709,0.55,True
full,2710,0.6,True
full,2711,0.6,True
full,2712,0.6,True
full,2713,0.6,True
full,2714,0.6,True
full,2715,0.6,True
full,2716,0.6,True
full,2717,0.6,True
full,2718,0.6,True
full,2719,0.6,True
full,2720,0.6,True
full,2721,0.6,True
full,2722,0.6,True
full,2723,0.6,True
full,2724,0.55,True
full,2725,0.6,True
full,2726,0.6,True
full,2727,0.6,True
full,2728,0.6,True
full,2729,0.6,True
full,2730,0.6,True
full,2731,0.6,True
full,2732,0.6,True
full,2733,0.6,True
full,2734,0.6,True
full,2735,0.6,True
full,2736,0.6,True
full,2737,0.6,True
full,2738,0.6,True
full,2739,0.6,True
full,2740,0.6,True
full,2741,0.6,True
full,2742,0.6,True
full,2743,0.6,True
full,2744,0.6,True
full,2745,0.6,True
full,2746,0.6,True
full,2747,0.6,True
full,2748,0.55,True
full,2749,0.55,True
full,2750,0.6,True
full,2751,0.6,True
full,2752,0.6,True
full,2753,0.55,True
full,2754,0.6,True
full,2755,0.6,True
full,2756,0.6,True
full,2757,0.6,True
full,2758,0.6,True
full,2759,0.6,True
full,2760,0.6,True
full,2761,0.6,True
full,2762,0.6,True
full,2763,0.6,True
full,2764,0.6,True
full,2765,0.6,True
full,2766,0.6,True
full,2767,0.6,True
full,2768,0.6,True
full,2769,0.6,True
full,2770,0.6,True
full,2771,0.55,True
full,2772,0.6,True
full,2773,0.55,True
full,2774,0.6,True
full,2775,0.6,True
full,2776,0.55,True
full,2777,0.6,True
full,2778,0.55,True
full,2779,0.55,True
full,2780,0.6,True
full,2781,0.6,True
full,2782,0.6,True
full,2783,0.6,True
full,2784,0.6,True
full,2785,0.6,True
full,2786,0.6,True
full,2787,0.6,True
full,2788,0.6,True
full,2789,0.6,True
full,2790,0.6,True
full,2791,0.55,True
full,2792,0.6,True
full,2793,0.55,True
full,2794,0.6,True
full,2795,0.55,True
full,2796,0.6,True
full,2797,0.6,True
full,2798,0.6,True
full,2799,0.6,True
full,2800,0.55,True
full,2801,0.6,True
full,2802,0.6,True
full,2803,0.6,True
full,2804,0.6,True
full,2805,0.6,True
full,2806,0.6,True
full,2807,0.6,True
full,2808,0.6,True
full,2809,0.6,True
full,2810,0.6,True
full,2811,0.6,True
full,2812,0.6,True
full,2813,0.6,True
full,2814,0.6,True
full,2815,0.55,True
full,2816,0.6,True
full,2817,0.6,True
full,2818,0.6,True
full,2819,0.6,True
full,2820,0.6,True
full,2821,0.6,True
full,2822,0.6,True
full,2823,0.6,True
full,2824,0.6,True
full,2825,0.6,True
full,2826,0.6,True
full,2827,0.6,True
full,2828,0.6,True
full,2829,0.6,True
full,2830,0.6,True
full,2831,0.6,True
full,2832,0.6,True
full,2833,0.6,True
full,2834,0.55,True
full,2835,0.6,True
full,2836,0.6,True
full,2837,0.6,True
full,2838,0.6,True
full,2839,0.6,True
full,2840,0.6,True
full,2841,0.6,True
full,2842,0.6,True
full,2843,0.6,True
full,2844,0.6,True
full,2845,0.6,True
full,2846,0.6,True
full,2847,0.6,True
full,2848,0.6,True
full,2849,0.6,True
full,2850,0.6,True
full,2851,0.6,True
full,2852,0.6,True
full,2853,0.6,True
full,2854,0.6,True
full,2855,0.55,True
full,2856,0.6,True
full,2857,0.6,True
full,2858,0.6,True
full,2859,0.6,True
full,2860,0.55,True
full,2861,0.6,True
full,2862,0.6,True
full,2863,0.6,True
full,2864,0.55,True
full,2865,0.55,True
full,2866,0.55,True
full,2867,0.6,True
full,2868,0.6,True
full,2869,0.55,True
full,2870,0.6,True
full,2871,0.6,True
full,2872,0.55,True
full,2873,0.55,True
full,2874,0.6,True
full,2875,0.6,True
full,2876,0.6,True
full,2877,0.6,True
full,2878,0.6,True
full,2879,0.6,True
full,2880,0.6,True
full,2881,0.6,True
full,2882,0.6,True
full,2883,0.55,True
full,2884,0.6,True
full,2885,0.6,True
full,2886,0.6,True
full,2887,0.6,True
full,2888,0.55,True
full,2889,0.6,True
full,2890,0.6,True
full,2891,0.6,True
full,2892,0.6,True
full,2893,0.6,True
full,2894,0.6,True
full,2895,0.6,True
full,2896,0.6,True
full,2897,0.6,True
full,2898,0.6,True
full,2899,0.55,True
full,2900,0.6,True
full,2901,0.6,True
full,2902,0.6,True
full,2903,0.6,True
full,2904,0.6,True
full,2905,0.6,True
full,2906,0.6,True
full,2907,0.6,True
full,2908,0.55,True
full,2909,0.6,True
full,2910,0.6,True
full,2911,0.6,True
full,2912,0.55,True
full,2913,0.55,True
full,2914,0.6,True
full,2915,0.6,True
full,2916,0.55,True
full,2917,0.6,True
full,2918,0.55,True
full,2919,0.55,True
full,2920,0.6,True
full,2921,0.6,True
full,2922,0.6,True
full,2923,0.6,True
full,2924,0.6,True
full,2925,0.6,True
full,2926,0.6,True
full,2927,0.6,True
full,2928,0.6,True
full,2929,0.6,True
full,2930,0.55,True
full,2931,0.6,True
full,2932,0.55,True
full,2933,0.55,True
full,2934,0.6,True
full,2935,0.6,True
full,2936,0.6,True
full,2937,0.6,True
full,2938,0.6,True
full,2939,0.6,True
full,2940,0.6,True
full,2941,0.6,True
full,2942,0.6,True
full,2943,0.6,True
full,2944,0.6,True
full,2945,0.6,True
full,2946,0.6,True
full,2947,0.6,True
full,2948,0.55,True
full,2949,0.6,True
full,2950,0.6,True
full,2951,0.55,True
full,2952,0.6,True
full,2953,0.6,True
full,2954,0.6,True
full,2955,0.6,True
full,2956,0.55,True
full,2957,0.6,True
full,2958,0.6,True
full,2959,0.55,True
full,2960,0.6,True
full,2961,0.6,True
full,2962,0.6,True
full,2963,0.55,True
full,2964,0.6,True
full,2965,0.6,True
full,2966,0.55,True
full,2967,0.6,True
full,2968,0.6,True
full,2969,0.6,True
full,2970,0.6,True
full,2971,0.6,True
full,2972,0.6,True
full,2973,0.6,True
full,2974,0.55,True
full,2975,0.6,True
full,2976,0.6,True
full,2977,0.55,True
full,2978,0.6,True
full,2979,0.6,True
full,2980,0.6,True
full,2981,0.6,True
full,2982,0.6,True
full,2983,0.6,True
full,2984,0.6,True
full,2985,0.6,True
full,2986,0.6,True
full,2987,0.55,True
full,2988,0.6,True
full,2989,0.6,True
full,2990,0.6,True
full,2991,0.6,True
full,2992,0.6,True
full,2993,0.6,True
full,2994,0.6,True
full,2995,0.6,True
full,2996,0.6,True
full,2997,0.6,True
full,2998,0.55,True
full,2999,0.6,True
full,3000,0.6,True
full,3001,0.6,True
full,3002,0.55,True
full,3003,0.6,True
full,3004,0.6,True
full,3005,0.6,True
full,3006,0.6,True
full,3007,0.6,True
full,3008,0.6,True
full,3009,0.55,True
full,3010,0.6,True
full,3011,0.6,True
full,3012,0.6,True
full,3013,0.6,True
full,3014,0.6,True
full,3015,0.6,True
full,3016,0.6,True
full,3017,0.55,True
full,3018,0.6,True
full,3019,0.6,True
full,3020,0.6,True
full,3021,0.6,True
full,3022,0.6,True
full,3023,0.55,True
full,3024,0.6,True
full,3025,0.6,True
full,3026,0.6,True
full,3027,0.6,True
full,3028,0.6,True
full,3029,0.6,True
full,3030,0.6,True
full,3031,0.6,True
full,3032,0.6,True
full,3033,0.6,True
full,3034,0.6,True
full,3035,0.6,True
full,3036,0.6,True
full,3037,0.6,True
full,3038,0.6,True
full,3039,0.6,True
full,3040,0.55,True
full,3041,0.6,True
full,3042,0.6,True
full,3043,0.6,True
full,3044,0.6,True
full,3045,0.6,True
full,3046,0.6,True
full,3047,0.6,True
full,3048,0.6,True
full,3049,0.6,True
full,3050,0.6,True
full,3051,0.55,True
full,3052,0.6,True
full,3053,0.6,True
full,3054,0.55,True
full,3055,0.6,True
full,3056,0.6,True
full,3057,0.55,True
full,3058,0.6,True
full,3059,0.6,True
full,3060,0.55,True
full,3061,0.6,True
full,3062,0.6,True
full,3063,0.55,True
full,3064,0.6,True
full,3065,0.6,True
full,3066,0.6,True
full,3067,0.6,True
full,3068,0.55,True
full,3069,0.6,True
full,3070,0.6,True
full,3071,0.6,True
full,3072,0.6,True
full,3073,0.6,True
full,3074,0.6,True
full,3075,0.6,True
full,3076,0.6,True
full,3077,0.55,True
full,3078,0.6,True
full,3079,0.55,True
full,3080,0.6,True
full,3081,0.55,True
full,3082,0.6,True
full,3083,0.55,True
full,3084,0.6,True
full,3085,0.6,True
full,3086,0.6,True
full,3087,0.6,True
full,3088,0.55,True
full,3089,0.6,True
full,3090,0.6,True
full,3091,0.6,True
full,3092,0.6,True
full,3093,0.6,True
full,3094,0.6,True
full,3095,0.6,True
full,3096,0.6,True
full,3097,0.6,True
full,3098,0.6,True
full,3099,0.6,True
full,3100,0.6,True
full,3101,0.6,True
full,3102,0.6,True
full,3103,0.6,True
full,3104,0.55,True
full,3105,0.6,True
full,3106,0.6,True
full,3107,0.6,True
full,3108,0.6,True
full,3109,0.6,True
full,3110,0.55,True
full,3111,0.6,True
full,3112,0.6,True
full,3113,0.6,True
full,3114,0.6,True
full,3115,0.6,True
full,3116,0.6,True
full,3117,0.6,True
full,3118,0.6,True
full,3119,0.6,True
full,3120,0.55,True
full,3121,0.6,True
full,3122,0.6,True
full,3123,0.6,True
full,3124,0.6,True
full,3125,0.6,True
full,3126,0.6,True
full,3127,0.6,True
full,3128,0.6,True
full,3129,0.6,True
full,3130,0.6,True
full,3131,0.55,True
full,3132,0.55,True
full,3133,0.6,True
full,3134,0.55,True
full,3135,0.6,True
full,3136,0.6,True
full,3137,0.6,True
full,3138,0.6,True
full,3139,0.6,True
full,3140,0.55,True
full,3141,0.6,True
full,3142,0.55,True
full,3143,0.6,True
full,3144,0.6,True
full,3145,0.6,True
full,3146,0.55,True
full,3147,0.6,True
full,3148,0.6,True
full,3149,0.6,True
full,3150,0.6,True
full,3151,0.6,True
full,3152,0.6,True
full,3153,0.55,True
full,3154,0.55,True
full,3155,0.6,True
full,3156,0.6,True
full,3157,0.6,True
full,3158,0.6,True
full,3159,0.6,True
full,3160,0.6,True
full,3161,0.55,True
full,3162,0.6,True
full,3163,0.6,True
full,3164,0.6,True
full,3165,0.55,True
full,3166,0.6,True
full,3167,0.6,True
full,3168,0.6,True
full,3169,0.6,True
full,3170,0.6,True
full,3171,0.55,True
full,3172,0.6,True
full,3173,0.6,True
full,3174,0.55,True
full,3175,0.6,True
full,3176,0.6,True
full,3177,0.55,True
full,3178,0.55,True
full,3179,0.6,True
full,3180,0.55,True
full,3181,0.55,True
full,3182,0.55,True
full,3183,0.6,True
full,3184,0.6,True
full,3185,0.6,True
full,3186,0.6,True
full,3187,0.6,True
full,3188,0.55,True
full,3189,0.55,True
full,3190,0.6,True
full,3191,0.6,True
full,3192,0.55,True
full,3193,0.6,True
full,3194,0.6,True
full,3195,0.55,True
full,3196,0.55,True
full,3197,0.6,True
full,3198,0.6,True
full,3199,0.6,True
full,3200,0.6,True
full,3201,0.6,True
full,3202,0.6,True
full,3203,0.6,True
full,3204,0.6,True
full,3205,0.55,True
full,3206,0.6,True
full,3207,0.6,True
full,3208,0.6,True
full,3209,0.6,True
full,3210,0.55,True
full,3211,0.6,True
full,3212,0.6,True
full,3213,0.6,True
full,3214,0.6,True
full,3215,0.6,True
full,3216,0.6,True
full,3217,0.6,True
full,3218,0.6,True
full,3219,0.55,True
full,3220,0.6,True
full,3221,0.6,True
full,3222,0.55,True
full,3223,0.6,True
full,3224,0.6,True
full,3225,0.6,True
full,3226,0.55,True
full,3227,0.6,True
full,3228,0.6,True
full,3229,0.55,True
full,3230,0.6,True
full,3231,0.6,True
full,3232,0.6,True
full,3233,0.6,True
full,3234,0.6,True
full,3235,0.6,True
full,3236,0.6,True
full,3237,0.55,True
full,3238,0.6,True
full,3239,0.6,True
full,3240,0.6,True
full,3241,0.55,True
full,3242,0.6,True
full,3243,0.6,True
full,3244,0.6,True
full,3245,0.6,True
full,3246,0.6,True
full,3247,0.6,True
full,3248,0.6,True
full,3249,0.6,True
full,3250,0.6,True
full,3251,0.6,True
full,3252,0.6,True
full,3253,0.6,True
full,3254,0.6,True
full,3255,0.55,True
full,3256,0.6,True
full,3257,0.6,True
full,3258,0.6,True
full,3259,0.6,True
full,3260,0.6,True
full,3261,0.6,True
full,3262,0.6,True
full,3263,0.6,True
full,3264,0.6,True
full,3265,0.6,True
full,3266,0.6,True
full,3267,0.6,True
full,3268,0.6,True
full,3269,0.6,True
full,3270,0.6,True
full,3271,0.6,True
full,3272,0.6,True
full,3273,0.55,True
full,3274,0.6,True
full,3275,0.6,True
full,3276,0.6,True
full,3277,0.6,True
full,3278,0.6,True
full,3279,0.6,True
full,3280,0.6,True
full,3281,0.6,True
full,3282,0.6,True
full,3283,0.6,True
full,3284,0.6,True
full,3285,0.6,True
full,3286,0.6,True
full,3287,0.55,True
full,3288,0.6,True
full,3289,0.6,True
full,3290,0.6,True
full,3291,0.6,True
full,3292,0.55,True
full,3293,0.6,True
full,3294,0.6,True
full,3295,0.6,True
full,3296,0.55,True
full,3297,0.6,True
full,3298,0.6,True
full,3299,0.6,True
full,3300,0.6,True
full,3301,0.6,True
full,3302,0.55,True
full,3303,0.6,True
full,3304,0.6,True
full,3305,0.6,True
full,3306,0.6,True
full,3307,0.6,True
full,3308,0.6,True
full,3309,0.6,True
full,3310,0.6,True
full,3311,0.6,True
full,3312,0.6,True
full,3313,0.6,True
full,3314,0.6,True
full,3315,0.6,True
full,3316,0.6,True
full,3317,0.6,True
full,3318,0.55,True
full,3319,0.6,True
full,3320,0.6,True
full,3321,0.6,True
full,3322,0.6,True
full,3323,0.6,True
full,3324,0.55,True
full,3325,0.6,True
full,3326,0.6,True
full,3327,0.6,True
full,3328,0.6,True
full,3329,0.6,True
full,3330,0.55,True
full,3331,0.6,True
full,3332,0.6,True
full,3333,0.6,True
full,3334,0.6,True
full,3335,0.6,True
full,3336,0.6,True
full,3337,0.6,True
full,3338,0.6,True
full,3339,0.6,True
full,3340,0.6,True
full,3341,0.6,True
full,3342,0.6,True
full,3343,0.6,True
full,3344,0.6,True
full,3345,0.6,True
full,3346,0.6,True
full,3347,0.6,True
full,3348,0.6,True
full,3349,0.6,True
full,3350,0.55,True
full,3351,0.6,True
full,3352,0.6,True
full,3353,0.6,True
full,3354,0.6,True
full,3355,0.6,True
full,3356,0.6,True
full,3357,0.6,True
full,3358,0.55,True
full,3359,0.6,True
full,3360,0.6,True
full,3361,0.6,True
full,3362,0.6,True
full,3363,0.6,True
full,3364,0.6,True
full,3365,0.6,True
full,3366,0.6,True
full,3367,0.6,True
full,3368,0.55,True
full,3369,0.6,True
full,3370,0.6,True
full,3371,0.55,True
full,3372,0.6,True
full,3373,0.6,True
full,3374,0.6,True
full,3375,0.6,True
full,3376,0.6,True
full,3377,0.6,True
full,3378,0.6,True
full,3379,0.6,True
full,3380,0.6,True
full,3381,0.6,True
full,3382,0.6,True
full,3383,0.6,True
full,3384,0.55,True
full,3385,0.6,True
full,3386,0.6,True
full,3387,0.6,True
full,3388,0.55,True
full,3389,0.6,True
full,3390,0.6,True
full,3391,0.6,True
full,3392,0.6,True
full,3393,0.6,True
full,3394,0.55,True
full,3395,0.6,True
full,3396,0.6,True
full,3397,0.6,True
full,3398,0.55,True
full,3399,0.6,True
full,3400,0.6,True
full,3401,0.6,True
full,3402,0.55,True
full,3403,0.55,True
full,3404,0.6,True
full,3405,0.6,True
full,3406,0.6,True
full,3407,0.6,True
full,3408,0.6,True
full,3409,0.6,True
full,3410,0.6,True
full,3411,0.6,True
full,3412,0.6,True
full,3413,0.6,True
full,3414,0.6,True
full,3415,0.55,True
full,3416,0.6,True
full,3417,0.6,True
full,3418,0.6,True
full,3419,0.6,True
full,3420,0.6,True
full,3421,0.6,True
full,3422,0.55,True
full,3423,0.55,True
full,3424,0.6,True
full,3425,0.6,True
full,3426,0.6,True
full,3427,0.6,True
full,3428,0.6,True
full,3429,0.6,True
full,3430,0.6,True
full,3431,0.6,True
full,3432,0.6,True
full,3433,0.6,True
full,3434,0.6,True
full,3435,0.55,True
full,3436,0.6,True
full,3437,0.6,True
full,3438,0.55,True
full,3439,0.6,True
full,3440,0.55,True
full,3441,0.55,True
full,3442,0.6,True
full,3443,0.6,True
full,3444,0.6,True
full,3445,0.6,True
full,3446,0.6,True
full,3447,0.55,True
full,3448,0.6,True
full,3449,0.55,True
full,3450,0.6,True
full,3451,0.6,True
full,3452,0.6,True
full,3453,0.55,True
full,3454,0.6,True
full,3455,0.6,True
full,3456,0.6,True
full,3457,0.6,True
full,3458,0.6,True
full,3459,0.6,True
full,3460,0.6,True
full,3461,0.6,True
full,3462,0.6,True
full,3463,0.6,True
full,3464,0.55,True
full,3465,0.6,True
full,3466,0.6,True
full,3467,0.6,True
full,3468,0.6,True
full,3469,0.55,True
full,3470,0.6,True
full,3471,0.6,True
full,3472,0.6,True
full,3473,0.6,True
full,3474,0.6,True
full,3475,0.6,True
full,3476,0.6,True
full,3477,0.6,True
full,3478,0.6,True
full,3479,0.6,True
full,3480,0.55,True
full,3481,0.6,True
full,3482,0.6,True
full,3483,0.6,True
full,3484,0.6,True
full,3485,0.6,True
full,3486,0.6,True
full,3487,0.6,True
full,3488,0.6,True
full,3489,0.6,True
full,3490,0.6,True
full,3491,0.6,True
full,3492,0.6,True
full,3493,0.6,True
full,3494,0.55,True
full,3495,0.6,True
full,3496,0.6,True
full,3497,0.6,True
full,3498,0.55,True
full,3499,0.55,True
full,3500,0.6,True
full,3501,0.55,True
full,3502,0.6,True
full,3503,0.6,True
full,3504,0.6,True
full,3505,0.6,True
full,3506,0.6,True
full,3507,0.55,True
full,3508,0.6,True
full,3509,0.6,True
full,3510,0.6,True
full,3511,0.6,True
full,3512,0.6,True
full,3513,0.6,True
full,3514,0.6,True
full,3515,0.6,True
full,3516,0.6,True
full,3517,0.6,True
full,3518,0.6,True
full,3519,0.6,True
full,3520,0.6,True
full,3521,0.6,True
full,3522,0.6,True
full,3523,0.6,True
full,3524,0.6,True
full,3525,0.6,True
full,3526,0.6,True
full,3527,0.6,True
full,3528,0.6,True
full,3529,0.6,True
full,3530,0.6,True
full,3531,0.6,True
full,3532,0.6,True
full,3533,0.6,True
full,3534,0.6,True
full,3535,0.6,True
full,3536,0.6,True
full,3537,0.6,True
full,3538,0.6,True
full,3539,0.55,True
full,3540,0.6,True
full,3541,0.6,True
full,3542,0.6,True
full,3543,0.6,True
full,3544,0.6,True
full,3545,0.55,True
full,3546,0.6,True
full,3547,0.6,True
full,3548,0.6,True
full,3549,0.6,True
full,3550,0.6,True
full,3551,0.6,True
full,3552,0.6,True
full,3553,0.6,True
full,3554,0.6,True
full,3555,0.55,True
full,3556,0.6,True
full,3557,0.6,True
full,3558,0.6,True
full,3559,0.6,True
full,3560,0.6,True
full,3561,0.6,True
full,3562,0.6,True
full,3563,0.6,True
full,3564,0.6,True
full,3565,0.6,True
full,3566,0.6,True
full,3567,0.55,True
full,3568,0.6,True
full,3569,0.6,True
full,3570,0.55,True
full,3571,0.6,True
full,3572,0.6,True
full,3573,0.6,True
full,3574,0.6,True
full,3575,0.6,True
full,3576,0.6,True
full,3577,0.6,True
full,3578,0.6,True
full,3579,0.6,True
full,3580,0.6,True
full,3581,0.55,True
full,3582,0.6,True
full,3583,0.6,True
full,3584,0.6,True
full,3585,0.6,True
full,3586,0.55,True
full,3587,0.6,True
full,3588,0.6,True
full,3589,0.6,True
full,3590,0.6,True
full,3591,0.6,True
full,3592,0.6,True
full,3593,0.6,True
full,3594,0.6,True
full,3595,0.6,True
full,3596,0.55,True
full,3597,0.6,True
full,3598,0.6,True
full,3599,0.6,True
full,3600,0.6,True
full,3601,0.6,True
full,3602,0.55,True
full,3603,0.6,True
full,3604,0.6,True
full,3605,0.55,True
full,3606,0.6,True
full,3607,0.55,True
full,3608,0.6,True
full,3609,0.6,True
full,3610,0.6,True
full,3611,0.6,True
full,3612,0.6,True
full,3613,0.6,True
full,3614,0.55,True
full,3615,0.6,True
full,3616,0.6,True
full,3617,0.55,True
full,3618,0.6,True
full,3619,0.55,True
full,3620,0.6,True
full,3621,0.6,True
full,3622,0.6,True
full,3623,0.6,True
full,3624,0.6,True
full,3625,0.55,True
full,3626,0.6,True
full,3627,0.6,True
full,3628,0.55,True
full,3629,0.6,True
full,3630,0.6,True
full,3631,0.6,True
full,3632,0.6,True
full,3633,0.6,True
full,3634,0.6,True
full,3635,0.6,True
full,3636,0.6,True
full,3637,0.6,True
full,3638,0.6,True
full,3639,0.6,True
full,3640,0.55,True
full,3641,0.6,True
full,3642,0.55,True
full,3643,0.6,True
full,3644,0.6,True
full,3645,0.6,True
full,3646,0.6,True
full,3647,0.6,True
full,3648,0.6,True
full,3649,0.6,True
full,3650,0.6,True
full,3651,0.6,True
full,3652,0.6,True
full,3653,0.6,True
full,3654,0.6,True
full,3655,0.6,True
full,3656,0.6,True
full,3657,0.6,True
full,3658,0.6,True
full,3659,0.6,True
full,3660,0.55,True
full,3661,0.6,True
full,3662,0.6,True
full,3663,0.6,True
full,3664,0.55,True
full,3665,0.6,True
full,3666,0.6,True
full,3667,0.6,True
full,3668,0.6,True
full,3669,0.6,True
full,3670,0.6,True
full,3671,0.6,True
full,3672,0.6,True
full,3673,0.6,True
full,3674,0.6,True
full,3675,0.55,True
full,3676,0.55,True
full,3677,0.6,True
full,3678,0.55,True
full,3679,0.6,True
full,3680,0.6,True
full,3681,0.6,True
full,3682,0.6,True
full,3683,0.6,True
full,3684,0.6,True
full,3685,0.6,True
full,3686,0.6,True
full,3687,0.6,True
full,3688,0.6,True
full,3689,0.6,True
full,3690,0.55,True
full,3691,0.6,True
full,3692,0.6,True
full,3693,0.55,True
full,3694,0.6,True
full,3695,0.6,True
full,3696,0.6,True
full,3697,0.55,True
full,3698,0.6,True
full,3699,0.6,True
full,3700,0.6,True
full,3701,0.6,True
full,3702,0.55,True
full,3703,0.55,True
full,3704,0.55,True
full,3705,0.6,True
full,3706,0.6,True
full,3707,0.6,True
full,3708,0.6,True
full,3709,0.6,True
full,3710,0.55,True
full,3711,0.55,True
full,3712,0.6,True
full,3713,0.6,True
full,3714,0.55,True
full,3715,0.6,True
full,3716,0.6,True
full,3717,0.6,True
full,3718,0.6,True
full,3719,0.6,True
full,3720,0.6,True
full,3721,0.6,True
full,3722,0.6,True
full,3723,0.6,True
full,3724,0.6,True
full,3725,0.6,True
full,3726,0.6,True
full,3727,0.6,True
full,3728,0.6,True
full,3729,0.6,True
full,3730,0.55,True
full,3731,0.6,True
full,3732,0.55,True
full,3733,0.6,True
full,3734,0.6,True
full,3735,0.6,True
full,3736,0.6,True
full,3737,0.6,True
full,3738,0.6,True
full,3739,0.6,True
full,3740,0.6,True
full,3741,0.6,True
full,3742,0.55,True
full,3743,0.6,True
full,3744,0.6,True
full,3745,0.6,True
full,3746,0.55,True
full,3747,0.6,True
full,3748,0.6,True
full,3749,0.6,True
full,3750,0.6,True
full,3751,0.6,True
full,3752,0.6,True
full,3753,0.6,True
full,3754,0.55,True
full,3755,0.6,True
full,3756,0.6,True
full,3757,0.6,True
full,3758,0.6,True
full,3759,0.6,True
full,3760,0.6,True
full,3761,0.6,True
full,3762,0.6,True
full,3763,0.55,True
full,3764,0.6,True
full,3765,0.6,True
full,3766,0.6,True
full,3767,0.6,True
full,3768,0.6,True
full,3769,0.6,True
full,3770,0.6,True
full,3771,0.6,True
full,3772,0.6,True
full,3773,0.6,True
full,3774,0.6,True
full,3775,0.6,True
full,3776,0.6,True
full,3777,0.6,True
full,3778,0.6,True
full,3779,0.6,True
full,3780,0.6,True
full,3781,0.6,True
full,3782,0.6,True
full,3783,0.6,True
full,3784,0.55,True
full,3785,0.6,True
full,3786,0.55,True
full,3787,0.6,True
full,3788,0.6,True
full,3789,0.6,True
full,3790,0.6,True
full,3791,0.6,True
full,3792,0.6,True
full,3793,0.6,True
full,3794,0.6,True
full,3795,0.6,True
full,3796,0.6,True
full,3797,0.6,True
full,3798,0.55,True
full,3799,0.6,True
full,3800,0.6,True
full,3801,0.6,True
full,3802,0.6,True
full,3803,0.55,True
full,3804,0.6,True
full,3805,0.6,True
full,3806,0.6,True
full,3807,0.6,True
full,3808,0.55,True
full,3809,0.6,True
full,3810,0.6,True
full,3811,0.6,True
full,3812,0.55,True
full,3813,0.55,True
full,3814,0.6,True
full,3815,0.55,True
full,3816,0.6,True
full,3817,0.55,True
full,3818,0.6,True
full,3819,0.6,True
full,3820,0.6,True
full,3821,0.6,True
full,3822,0.6,True
full,3823,0.6,True
full,3824,0.6,True
full,3825,0.6,True
full,3826,0.55,True
full,3827,0.6,True
full,3828,0.6,True
full,3829,0.6,True
full,3830,0.6,True
full,3831,0.6,True
full,3832,0.55,True
full,3833,0.6,True
full,3834,0.6,True
full,3835,0.6,True
full,3836,0.55,True
full,3837,0.6,True
full,3838,0.6,True
full,3839,0.6,True
full,3840,0.55,True
full,3841,0.6,True
full,3842,0.55,True
full,3843,0.6,True
full,3844,0.6,True
full,3845,0.6,True
full,3846,0.6,True
full,3847,0.6,True
full,3848,0.6,True
full,3849,0.6,True
full,3850,0.55,True
full,3851,0.6,True
full,3852,0.6,True
full,3853,0.6,True
full,3854,0.6,True
full,3855,0.6,True
full,3856,0.6,True
full,3857,0.55,True
full,3858,0.6,True
full,3859,0.55,True
full,3860,0.6,True
full,3861,0.6,True
full,3862,0.6,True
full,3863,0.6,True
full,3864,0.6,True
full,3865,0.6,True
full,3866,0.6,True
full,3867,0.6,True
full,3868,0.6,True
full,3869,0.6,True
full,3870,0.6,True
full,3871,0.6,True
full,3872,0.6,True
full,3873,0.6,True
full,3874,0.55,True
full,3875,0.6,True
full,3876,0.6,True
full,3877,0.6,True
full,3878,0.6,True
full,3879,0.6,True
full,3880,0.6,True
full,3881,0.6,True
full,3882,0.6,True
full,3883,0.6,True
full,3884,0.6,True
full,3885,0.55,True
full,3886,0.6,True
full,3887,0.6,True
full,3888,0.6,True
full,3889,0.55,True
full,3890,0.55,True
full,3891,0.6,True
full,3892,0.6,True
full,3893,0.55,True
full,3894,0.6,True
full,3895,0.6,True
full,3896,0.6,True
full,3897,0.6,True
full,3898,0.55,True
full,3899,0.6,True
full,3900,0.6,True
full,3901,0.6,True
full,3902,0.6,True
full,3903,0.6,True
full,3904,0.6,True
full,3905,0.6,True
full,3906,0.6,True
full,3907,0.6,True
full,3908,0.55,True
full,3909,0.6,True
full,3910,0.6,True
full,3911,0.6,True
full,3912,0.6,True
full,3913,0.6,True
full,3914,0.6,True
full,3915,0.6,True
full,3916,0.6,True
full,3917,0.6,True
full,3918,0.6,True
full,3919,0.6,True
full,3920,0.6,True
full,3921,0.55,True
full,3922,0.6,True
full,3923,0.55,True
full,3924,0.6,True
full,3925,0.6,True
full,3926,0.6,True
full,3927,0.6,True
full,3928,0.6,True
full,3929,0.6,True
full,3930,0.55,True
full,3931,0.55,True
full,3932,0.6,True
full,3933,0.6,True
full,3934,0.6,True
full,3935,0.6,True
full,3936,0.6,True
full,3937,0.6,True
full,3938,0.55,True
full,3939,0.6,True
full,3940,0.55,True
full,3941,0.6,True
full,3942,0.6,True
full,3943,0.6,True
full,3944,0.6,True
full,3945,0.6,True
full,3946,0.6,True
full,3947,0.6,True
full,3948,0.55,True
full,3949,0.55,True
full,3950,0.55,True
full,3951,0.6,True
full,3952,0.6,True
full,3953,0.6,True
full,3954,0.6,True
full,3955,0.6,True
full,3956,0.6,True
full,3957,0.6,True
full,3958,0.6,True
full,3959,0.6,True
full,3960,0.6,True
full,3961,0.6,True
full,3962,0.6,True
full,3963,0.6,True
full,3964,0.6,True
full,3965,0.6,True
full,3966,0.6,True
full,3967,0.6,True
full,3968,0.6,True
full,3969,0.6,True
full,3970,0.55,True
full,3971,0.6,True
full,3972,0.6,True
full,3973,0.6,True
full,3974,0.6,True
full,3975,0.6,True
full,3976,0.6,True
full,3977,0.6,True
full,3978,0.6,True
full,3979,0.6,True
full,3980,0.55,True
full,3981,0.6,True
full,3982,0.6,True
full,3983,0.6,True
full,3984,0.6,True
full,3985,0.6,True
full,3986,0.6,True
full,3987,0.6,True
full,3988,0.6,True
full,3989,0.6,True
full,3990,0.6,True
full,3991,0.6,True
full,3992,0.6,True
full,3993,0.6,True
full,3994,0.6,True
full,3995,0.6,True
full,3996,0.6,True
full,3997,0.6,True
full,3998,0.55,True
full,3999,0.6,True
full,4000,0.6,True
full,4001,0.6,True
full,4002,0.55,True
full,4003,0.6,True
full,4004,0.6,True
full,4005,0.6,True
full,4006,0.55,True
full,4007,0.6,True
full,4008,0.6,True
full,4009,0.6,True
full,4010,0.6,True
full,4011,0.6,True
full,4012,0.6,True
full,4013,0.6,True
full,4014,0.6,True
full,4015,0.6,True
full,4016,0.6,True
full,4017,0.6,True
full,4018,0.6,True
full,4019,0.6,True
full,4020,0.6,True
full,4021,0.6,True
full,4022,0.6,True
full,4023,0.6,True
full,4024,0.6,True
full,4025,0.6,True
full,4026,0.55,True
full,4027,0.6,True
full,4028,0.6,True
full,4029,0.6,True
full,4030,0.6,True
full,4031,0.6,True
full,4032,0.6,True
full,4033,0.6,True
full,4034,0.6,True
full,4035,0.55,True
full,4036,0.6,True
full,4037,0.6,True
full,4038,0.6,True
full,4039,0.6,True
full,4040,0.6,True
full,4041,0.6,True
full,4042,0.6,True
full,4043,0.6,True
full,4044,0.6,True
full,4045,0.6,True
full,4046,0.6,True
full,4047,0.6,True
full,4048,0.6,True
full,4049,0.6,True
full,4050,0.6,True
full,4051,0.55,True
full,4052,0.6,True
full,4053,0.55,True
full,4054,0.55,True
full,4055,0.6,True
full,4056,0.6,True
full,4057,0.6,True
full,4058,0.6,True
full,4059,0.6,True
full,4060,0.55,True
full,4061,0.6,True
full,4062,0.6,True
full,4063,0.6,True
full,4064,0.6,True
full,4065,0.6,True
full,4066,0.6,True
full,4067,0.55,True
full,4068,0.6,True
full,4069,0.55,True
full,4070,0.6,True
full,4071,0.6,True
full,4072,0.55,True
full,4073,0.6,True
full,4074,0.6,True
full,4075,0.6,True
full,4076,0.6,True
full,4077,0.6,True
full,4078,0.55,True
full,4079,0.6,True
full,4080,0.55,True
full,4081,0.6,True
full,4082,0.6,True
full,4083,0.55,True
full,4084,0.6,True
full,4085,0.55,True
full,4086,0.6,True
full,4087,0.6,True
full,4088,0.6,True
full,4089,0.6,True
full,4090,0.6,True
full,4091,0.55,True
full,4092,0.55,True
full,4093,0.6,True
full,4094,0.6,True
full,4095,0.55,True
full,4096,0.6,True
full,4097,0.6,True
full,4098,0.6,True
full,4099,0.6,True
full,4100,0.6,True
full,4101,0.6,True
full,4102,0.6,True
full,4103,0.6,True
full,4104,0.55,True
full,4105,0.55,True
full,4106,0.6,True
full,4107,0.6,True
full,4108,0.55,True
full,4109,0.55,True
full,4110,0.55,True
full,4111,0.6,True
full,4112,0.6,True
full,4113,0.6,True
full,4114,0.6,True
full,4115,0.6,True
full,4116,0.6,True
full,4117,0.6,True
full,4118,0.6,True
full,4119,0.6,True
full,4120,0.6,True
full,4121,0.6,True
full,4122,0.6,True
full,4123,0.6,True
full,4124,0.6,True
full,4125,0.6,True
full,4126,0.6,True
full,4127,0.6,True
full,4128,0.55,True
full,4129,0.6,True
full,4130,0.55,True
full,4131,0.6,True
full,4132,0.6,True
full,4133,0.6,True
full,4134,0.6,True
full,4135,0.6,True
full,4136,0.6,True
full,4137,0.6,True
full,4138,0.6,True
full,4139,0.6,True
full,4140,0.6,True
full,4141,0.6,True
full,4142,0.6,True
full,4143,0.6,True
full,4144,0.6,True
full,4145,0.6,True
full,4146,0.6,True
full,4147,0.6,True
full,4148,0.6,True
full,4149,0.6,True
full,4150,0.6,True
full,4151,0.6,True
full,4152,0.6,True
full,4153,0.6,True
full,4154,0.55,True
full,4155,0.55,True
full,4156,0.6,True
full,4157,0.6,True
full,4158,0.55,True
full,4159,0.6,True
full,4160,0.6,True
full,4161,0.6,True
full,4162,0.6,True
full,4163,0.6,True
full,4164,0.6,True
full,4165,0.6,True
full,4166,0.6,True
full,4167,0.6,True
full,4168,0.6,True
full,4169,0.55,True
full,4170,0.55,True
full,4171,0.6,True
full,4172,0.6,True
full,4173,0.6,True
full,4174,0.6,True
full,4175,0.6,True
full,4176,0.6,True
full,4177,0.6,True
full,4178,0.6,True
full,4179,0.6,True
full,4180,0.6,True
full,4181,0.55,True
full,4182,0.6,True
full,4183,0.6,True
full,4184,0.6,True
full,4185,0.6,True
full,4186,0.6,True
full,4187,0.6,True
full,4188,0.6,True
full,4189,0.6,True
full,4190,0.6,True
full,4191,0.6,True
full,4192,0.6,True
full,4193,0.6,True
full,4194,0.6,True
full,4195,0.55,True
full,4196,0.55,True
full,4197,0.6,True
full,4198,0.6,True
full,4199,0.6,True
full,4200,0.6,True
full,4201,0.6,True
full,4202,0.55,True
full,4203,0.55,True
full,4204,0.6,True
full,4205,0.6,True
full,4206,0.6,True
full,4207,0.6,True
full,4208,0.6,True
full,4209,0.6,True
full,4210,0.6,True
full,4211,0.6,True
full,4212,0.55,True
full,4213,0.6,True
full,4214,0.6,True
full,4215,0.6,True
full,4216,0.6,True
full,4217,0.6,True
full,4218,0.6,True
full,4219,0.55,True
full,4220,0.55,True
full,4221,0.6,True
full,4222,0.6,True
full,4223,0.6,True
full,4224,0.6,True
full,4225,0.6,True
full,4226,0.55,True
full,4227,0.6,True
full,4228,0.6,True
full,4229,0.6,True
full,4230,0.6,True
full,4231,0.6,True
full,4232,0.6,True
full,4233,0.55,True
full,4234,0.6,True
full,4235,0.6,True
full,4236,0.6,True
full,4237,0.6,True
full,4238,0.6,True
full,4239,0.55,True
full,4240,0.6,True
full,4241,0.6,True
full,4242,0.6,True
full,4243,0.6,True
full,4244,0.6,True
full,4245,0.6,True
full,4246,0.6,True
full,4247,0.55,True
full,4248,0.55,True
full,4249,0.6,True
full,4250,0.6,True
full,4251,0.6,True
full,4252,0.6,True
full,4253,0.55,True
full,4254,0.6,True
full,4255,0.55,True
full,4256,0.6,True
full,4257,0.6,True
full,4258,0.6,True
full,4259,0.6,True
full,4260,0.6,True
full,4261,0.6,True
full,4262,0.6,True
full,4263,0.6,True
full,4264,0.6,True
full,4265,0.6,True
full,4266,0.6,True
full,4267,0.6,True
full,4268,0.6,True
full,4269,0.6,True
full,4270,0.6,True
full,4271,0.6,True
full,4272,0.6,True
full,4273,0.6,True
full,4274,0.6,True
full,4275,0.6,True
full,4276,0.6,True
full,4277,0.6,True
full,4278,0.6,True
full,4279,0.6,True
full,4280,0.6,True
full,4281,0.6,True
full,4282,0.6,True
full,4283,0.6,True
full,4284,0.55,True
full,4285,0.6,True
full,4286,0.6,True
full,4287,0.6,True
full,4288,0.6,True
full,4289,0.6,True
full,4290,0.6,True
full,4291,0.6,True
full,4292,0.6,True
full,4293,0.6,True
full,4294,0.6,True
full,4295,0.6,True
full,4296,0.6,True
full,4297,0.6,True
full,4298,0.6,True
full,4299,0.55,True
full,4300,0.6,True
full,4301,0.6,True
full,4302,0.6,True
full,4303,0.6,True
full,4304,0.6,True
full,4305,0.6,True
full,4306,0.6,True
full,4307,0.6,True
full,4308,0.6,True
full,4309,0.6,True
full,4310,0.6,True
full,4311,0.6,True
full,4312,0.6,True
full,4313,0.6,True
full,4314,0.6,True
full,4315,0.6,True
full,4316,0.6,True
full,4317,0.6,True
full,4318,0.6,True
full,4319,0.6,True
full,4320,0.55,True
full,4321,0.6,True
full,4322,0.6,True
full,4323,0.6,True
full,4324,0.6,True
full,4325,0.6,True
full,4326,0.6,True
full,4327,0.6,True
full,4328,0.6,True
full,4329,0.6,True
full,4330,0.6,True
full,4331,0.6,True
full,4332,0.6,True
full,4333,0.6,True
full,4334,0.6,True
full,4335,0.6,True
full,4336,0.6,True
full,4337,0.6,True
full,4338,0.6,True
full,4339,0.6,True
full,4340,0.55,True
full,4341,0.55,True
full,4342,0.6,True
full,4343,0.6,True
full,4344,0.6,True
full,4345,0.55,True
full,4346,0.55,True
full,4347,0.6,True
full,4348,0.55,True
full,4349,0.6,True
full,4350,0.55,True
full,4351,0.6,True
full,4352,0.6,True
full,4353,0.6,True
full,4354,0.6,True
full,4355,0.6,True
full,4356,0.6,True
full,4357,0.55,True
full,4358,0.55,True
full,4359,0.55,True
full,4360,0.6,True
full,4361,0.55,True
full,4362,0.6,True
full,4363,0.6,True
full,4364,0.6,True
full,4365,0.6,True
full,4366,0.6,True
full,4367,0.6,True
full,4368,0.6,True
full,4369,0.6,True
full,4370,0.6,True
full,4371,0.6,True
full,4372,0.6,True
full,4373,0.6,True
full,4374,0.6,True
full,4375,0.6,True
full,4376,0.6,True
full,4377,0.6,True
full,4378,0.55,True
full,4379,0.6,True
full,4380,0.6,True
full,4381,0.6,True
full,4382,0.6,True
full,4383,0.6,True
full,4384,0.6,True
full,4385,0.6,True
full,4386,0.6,True
full,4387,0.6,True
full,4388,0.6,True
full,4389,0.6,True
full,4390,0.6,True
full,4391,0.6,True
full,4392,0.6,True
full,4393,0.6,True
full,4394,0.6,True
full,4395,0.6,True
full,4396,0.6,True
full,4397,0.6,True
full,4398,0.6,True
full,4399,0.55,True
full,4400,0.6,True
full,4401,0.6,True
full,4402,0.6,True
full,4403,0.55,True
full,4404,0.55,True
full,4405,0.55,True
full,4406,0.6,True
full,4407,0.6,True
full,4408,0.6,True
full,4409,0.6,True
full,4410,0.6,True
full,4411,0.6,True
full,4412,0.6,True
full,4413,0.6,True
full,4414,0.55,True
full,4415,0.6,True
full,4416,0.6,True
full,4417,0.55,True
full,4418,0.6,True
full,4419,0.6,True
full,4420,0.6,True
full,4421,0.6,True
full,4422,0.6,True
full,4423,0.55,True
full,4424,0.55,True
full,4425,0.6,True
full,4426,0.6,True
full,4427,0.55,True
full,4428,0.6,True
full,4429,0.6,True
full,4430,0.6,True
full,4431,0.6,True
full,4432,0.6,True
full,4433,0.6,True
full,4434,0.6,True
full,4435,0.6,True
full,4436,0.6,True
full,4437,0.6,True
full,4438,0.6,True
full,4439,0.6,True
full,4440,0.6,True
full,4441,0.6,True
full,4442,0.6,True
full,4443,0.6,True
full,4444,0.55,True
full,4445,0.6,True
full,4446,0.6,True
full,4447,0.6,True
full,4448,0.6,True
full,4449,0.6,True
full,4450,0.6,True
full,4451,0.6,True
full,4452,0.6,True
full,4453,0.6,True
full,4454,0.6,True
full,4455,0.6,True
full,4456,0.6,True
full,4457,0.6,True
full,4458,0.6,True
full,4459,0.6,True
full,4460,0.6,True
full,4461,0.6,True
full,4462,0.6,True
full,4463,0.6,True
full,4464,0.6,True
full,4465,0.6,True
full,4466,0.55,True
full,4467,0.6,True
full,4468,0.6,True
full,4469,0.6,True
full,4470,0.6,True
full,4471,0.55,True
full,4472,0.6,True
full,4473,0.6,True
full,4474,0.55,True
full,4475,0.6,True
full,4476,0.6,True
full,4477,0.6,True
full,4478,0.6,True
full,4479,0.6,True
full,4480,0.6,True
full,4481,0.6,True
full,4482,0.6,True
full,4483,0.6,True
full,4484,0.6,True
full,4485,0.6,True
full,4486,0.6,True
full,4487,0.6,True
full,4488,0.6,True
full,4489,0.55,True
full,4490,0.6,True
full,4491,0.6,True
full,4492,0.6,True
full,4493,0.6,True
full,4494,0.6,True
full,4495,0.6,True
full,4496,0.6,True
full,4497,0.6,True
full,4498,0.55,True
full,4499,0.6,True
full,4500,0.6,True
full,4501,0.6,True
full,4502,0.6,True
full,4503,0.6,True
full,4504,0.55,True
full,4505,0.6,True
full,4506,0.6,True
full,4507,0.6,True
full,4508,0.55,True
full,4509,0.55,True
full,4510,0.6,True
full,4511,0.6,True
full,4512,0.6,True
full,4513,0.6,True
full,4514,0.6,True
full,4515,0.6,True
full,4516,0.55,True
full,4517,0.6,True
full,4518,0.6,True
full,4519,0.6,True
full,4520,0.55,True
full,4521,0.6,True
full,4522,0.6,True
full,4523,0.6,True
full,4524,0.6,True
full,4525,0.6,True
full,4526,0.6,True
full,4527,0.6,True
full,4528,0.6,True
full,4529,0.55,True
full,4530,0.6,True
full,4531,0.6,True
full,4532,0.6,True
full,4533,0.6,True
full,4534,0.6,True
full,4535,0.6,True
full,4536,0.6,True
full,4537,0.6,True
full,4538,0.6,True
full,4539,0.6,True
full,4540,0.6,True
full,4541,0.6,True
full,4542,0.6,True
full,4543,0.6,True
full,4544,0.6,True
full,4545,0.55,True
full,4546,0.6,True
full,4547,0.55,True
full,4548,0.6,True
full,4549,0.6,True
full,4550,0.6,True
full,4551,0.6,True
full,4552,0.6,True
full,4553,0.6,True
full,4554,0.6,True
full,4555,0.6,True
full,4556,0.55,True
full,4557,0.6,True
full,4558,0.6,True
full,4559,0.6,True
full,4560,0.6,True
full,4561,0.55,True
full,4562,0.55,True
full,4563,0.6,True
full,4564,0.6,True
full,4565,0.6,True
full,4566,0.6,True
full,4567,0.6,True
full,4568,0.6,True
full,4569,0.6,True
full,4570,0.55,True
full,4571,0.6,True
full,4572,0.6,True
full,4573,0.6,True
full,4574,0.55,True
full,4575,0.6,True
full,4576,0.6,True
full,4577,0.6,True
full,4578,0.6,True
full,4579,0.6,True
full,4580,0.6,True
full,4581,0.55,True
full,4582,0.6,True
full,4583,0.6,True
full,4584,0.6,True
full,4585,0.6,True
full,4586,0.6,True
full,4587,0.6,True
full,4588,0.6,True
full,4589,0.6,True
full,4590,0.6,True
full,4591,0.6,True
full,4592,0.6,True
full,4593,0.6,True
full,4594,0.55,True
full,4595,0.55,True
full,4596,0.6,True
full,4597,0.6,True
full,4598,0.6,True
full,4599,0.55,True
full,4600,0.6,True
full,4601,0.6,True
full,4602,0.55,True
full,4603,0.6,True
full,4604,0.55,True
full,4605,0.6,True
full,4606,0.6,True
full,4607,0.6,True
full,4608,0.6,True
full,4609,0.6,True
full,4610,0.6,True
full,4611,0.55,True
full,4612,0.6,True
full,4613,0.6,True
full,4614,0.6,True
full,4615,0.6,True
full,4616,0.6,True
full,4617,0.6,True
full,4618,0.6,True
full,4619,0.6,True
full,4620,0.6,True
full,4621,0.6,True
full,4622,0.6,True
full,4623,0.55,True
full,4624,0.6,True
full,4625,0.55,True
full,4626,0.6,True
full,4627,0.6,True
full,4628,0.6,True
full,4629,0.6,True
full,4630,0.55,True
full,4631,0.55,True
full,4632,0.6,True
full,4633,0.6,True
full,4634,0.6,True
full,4635,0.6,True
full,4636,0.6,True
full,4637,0.6,True
full,4638,0.6,True
full,4639,0.6,True
full,4640,0.6,True
full,4641,0.6,True
full,4642,0.6,True
full,4643,0.6,True
full,4644,0.6,True
full,4645,0.6,True
full,4646,0.6,True
full,4647,0.55,True
full,4648,0.6,True
full,4649,0.55,True
full,4650,0.6,True
full,4651,0.6,True
full,4652,0.6,True
full,4653,0.6,True
full,4654,0.6,True
full,4655,0.6,True
full,4656,0.55,True
full,4657,0.6,True
full,4658,0.6,True
full,4659,0.6,True
full,4660,0.6,True
full,4661,0.6,True
full,4662,0.6,True
full,4663,0.6,True
full,4664,0.6,True
full,4665,0.6,True
full,4666,0.55,True
full,4667,0.6,True
full,4668,0.6,True
full,4669,0.6,True
full,4670,0.6,True
full,4671,0.6,True
full,4672,0.55,True
full,4673,0.6,True
full,4674,0.6,True
full,4675,0.6,True
full,4676,0.6,True
full,4677,0.6,True
full,4678,0.6,True
full,4679,0.6,True
full,4680,0.6,True
full,4681,0.55,True
full,4682,0.6,True
full,4683,0.6,True
full,4684,0.6,True
full,4685,0.6,True
full,4686,0.55,True
full,4687,0.6,True
full,4688,0.6,True
full,4689,0.6,True
full,4690,0.6,True
full,4691,0.6,True
full,4692,0.55,True
full,4693,0.55,True
full,4694,0.55,True
full,4695,0.6,True
full,4696,0.6,True
full,4697,0.6,True
full,4698,0.6,True
full,4699,0.6,True
full,4700,0.6,True
full,4701,0.6,True
full,4702,0.55,True
full,4703,0.6,True
full,4704,0.6,True
full,4705,0.6,True
full,4706,0.6,True
full,4707,0.6,True
full,4708,0.6,True
full,4709,0.55,True
full,4710,0.55,True
full,4711,0.55,True
full,4712,0.6,True
full,4713,0.55,True
full,4714,0.6,True
full,4715,0.55,True
full,4716,0.55,True
full,4717,0.6,True
full,4718,0.6,True
full,4719,0.6,True
full,4720,0.6,True
full,4721,0.6,True
full,4722,0.55,True
full,4723,0.55,True
full,4724,0.6,True
full,4725,0.6,True
full,4726,0.55,True
full,4727,0.6,True
full,4728,0.6,True
full,4729,0.6,True
full,4730,0.6,True
full,4731,0.6,True
full,4732,0.55,True
full,4733,0.55,True
full,4734,0.6,True
full,4735,0.55,True
full,4736,0.6,True
full,4737,0.6,True
full,4738,0.6,True
full,4739,0.6,True
full,4740,0.6,True
full,4741,0.6,True
full,4742,0.6,True
full,4743,0.55,True
full,4744,0.6,True
full,4745,0.6,True
full,4746,0.55,True
full,4747,0.6,True
full,4748,0.6,True
full,4749,0.6,True
full,4750,0.6,True
full,4751,0.6,True
full,4752,0.6,True
full,4753,0.6,True
full,4754,0.6,True
full,4755,0.6,True
full,4756,0.6,True
full,4757,0.6,True
full,4758,0.6,True
full,4759,0.6,True
full,4760,0.6,True
full,4761,0.6,True
full,4762,0.55,True
full,4763,0.6,True
full,4764,0.55,True
full,4765,0.6,True
full,4766,0.6,True
full,4767,0.6,True
full,4768,0.6,True
full,4769,0.55,True
full,4770,0.6,True
full,4771,0.6,True
full,4772,0.6,True
full,4773,0.6,True
full,4774,0.6,True
full,4775,0.6,True
full,4776,0.6,True
full,4777,0.55,True
full,4778,0.6,True
full,4779,0.6,True
full,4780,0.6,True
full,4781,0.6,True
full,4782,0.6,True
full,4783,0.6,True
full,4784,0.6,True
full,4785,0.6,True
full,4786,0.6,True
full,4787,0.55,True
full,4788,0.6,True
full,4789,0.6,True
full,4790,0.6,True
full,4791,0.6,True
full,4792,0.6,True
full,4793,0.6,True
full,4794,0.6,True
full,4795,0.6,True
full,4796,0.6,True
full,4797,0.6,True
full,4798,0.6,True
full,4799,0.6,True
full,4800,0.6,True
full,4801,0.6,True
full,4802,0.6,True
full,4803,0.6,True
full,4804,0.6,True
full,4805,0.6,True
full,4806,0.6,True
full,4807,0.55,True
full,4808,0.55,True
full,4809,0.6,True
full,4810,0.6,True
full,4811,0.6,True
full,4812,0.6,True
full,4813,0.6,True
full,4814,0.6,True
full,4815,0.55,True
full,4816,0.6,True
full,4817,0.6,True
full,4818,0.6,True
full,4819,0.6,True
full,4820,0.55,True
full,4821,0.6,True
full,4822,0.6,True
full,4823,0.6,True
full,4824,0.6,True
full,4825,0.6,True
full,4826,0.6,True
full,4827,0.6,True
full,4828,0.6,True
full,4829,0.55,True
full,4830,0.6,True
full,4831,0.6,True
full,4832,0.55,True
full,4833,0.6,True
full,4834,0.6,True
full,4835,0.6,True
full,4836,0.55,True
full,4837,0.6,True
full,4838,0.6,True
full,4839,0.6,True
full,4840,0.6,True
full,4841,0.6,True
full,4842,0.6,True
full,4843,0.6,True
full,4844,0.55,True
full,4845,0.6,True
full,4846,0.6,True
full,4847,0.6,True
full,4848,0.55,True
full,4849,0.55,True
full,4850,0.6,True
full,4851,0.6,True
full,4852,0.6,True
full,4853,0.55,True
full,4854,0.6,True
full,4855,0.55,True
full,4856,0.55,True
full,4857,0.6,True
full,4858,0.6,True
full,4859,0.6,True
full,4860,0.6,True
full,4861,0.6,True
full,4862,0.6,True
full,4863,0.6,True
full,4864,0.55,True
full,4865,0.55,True
full,4866,0.6,True
full,4867,0.6,True
full,4868,0.6,True
full,4869,0.6,True
full,4870,0.6,True
full,4871,0.55,True
full,4872,0.55,True
full,4873,0.6,True
full,4874,0.55,True
full,4875,0.55,True
full,4876,0.6,True
full,4877,0.6,True
full,4878,0.6,True
full,4879,0.6,True
full,4880,0.6,True
full,4881,0.6,True
full,4882,0.6,True
full,4883,0.6,True
full,4884,0.6,True
full,4885,0.6,True
full,4886,0.6,True
full,4887,0.6,True
full,4888,0.6,True
full,4889,0.55,True
full,4890,0.6,True
full,4891,0.6,True
full,4892,0.6,True
full,4893,0.6,True
full,4894,0.55,True
full,4895,0.6,True
full,4896,0.6,True
full,4897,0.55,True
full,4898,0.6,True
full,4899,0.6,True
full,4900,0.6,True
full,4901,0.6,True
full,4902,0.6,True
full,4903,0.6,True
full,4904,0.6,True
full,4905,0.55,True
full,4906,0.6,True
full,4907,0.55,True
full,4908,0.6,True
full,4909,0.55,True
full,4910,0.6,True
full,4911,0.6,True
full,4912,0.6,True
full,4913,0.6,True
full,4914,0.6,True
full,4915,0.6,True
full,4916,0.55,True
full,4917,0.55,True
full,4918,0.6,True
full,4919,0.6,True
full,4920,0.6,True
full,4921,0.6,True
full,4922,0.6,True
full,4923,0.6,True
full,4924,0.6,True
full,4925,0.6,True
full,4926,0.6,True
full,4927,0.6,True
full,4928,0.6,True
full,4929,0.6,True
full,4930,0.6,True
full,4931,0.6,True
full,4932,0.6,True
full,4933,0.6,True
full,4934,0.55,True
full,4935,0.55,True
full,4936,0.6,True
full,4937,0.6,True
full,4938,0.6,True
full,4939,0.6,True
full,4940,0.6,True
full,4941,0.6,True
full,4942,0.6,True
full,4943,0.6,True
full,4944,0.6,True
full,4945,0.55,True
full,4946,0.6,True
full,4947,0.6,True
full,4948,0.6,True
full,4949,0.6,True
full,4950,0.6,True
full,4951,0.55,True
full,4952,0.55,True
full,4953,0.6,True
full,4954,0.6,True
full,4955,0.6,True
full,4956,0.6,True
full,4957,0.6,True
full,4958,0.6,True
full,4959,0.6,True
full,4960,0.6,True
full,4961,0.6,True
full,4962,0.6,True
full,4963,0.6,True
full,4964,0.6,True
full,4965,0.6,True
full,4966,0.6,True
full,4967,0.6,True
full,4968,0.6,True
full,4969,0.6,True
full,4970,0.6,True
full,4971,0.6,True
full,4972,0.55,True
full,4973,0.6,True
full,4974,0.55,True
full,4975,0.6,True
full,4976,0.6,True
full,4977,0.6,True
full,4978,0.6,True
full,4979,0.6,True
full,4980,0.6,True
full,4981,0.6,True
full,4982,0.6,True
full,4983,0.55,True
full,4984,0.6,True
full,4985,0.6,True
full,4986,0.6,True
full,4987,0.6,True
full,4988,0.6,True
full,4989,0.6,True
full,4990,0.6,True
full,4991,0.6,True
full,4992,0.6,True
full,4993,0.55,True
full,4994,0.6,True
full,4995,0.6,True
full,4996,0.6,True
full,4997,0.6,True
full,4998,0.6,True
full,4999,0.6,True
