Code,OECD_country,trust_year,trust_national_pct,Year,Economy,GTMI,CGSI,PSDI,DCEI,GTEI,internet_pct_year,internet_pct,gdp_ppp_pc_year,gdp_ppp_pc,log_gdp_ppp_pc
AUS,Australia,2023,46.2,2020.0,Australia,0.9032017779652844,0.7917058823529411,0.9372666666666667,0.9494083333333334,0.9344262295081968,2023,96.1160965,2023,60684.9596204883,11.013451164144975
AUS,Australia,2023,46.2,2022.0,Australia,0.8112548332008832,0.8358156378600824,0.7840388349514563,0.8152587155963303,0.8099061443956637,2023,96.1160965,2023,60684.9596204883,11.013451164144975
AUS,Australia,2023,46.2,2025.0,Australia,0.9849527090624166,0.9892574273858922,0.9923777959183674,0.9602406015037594,0.9979350114416476,2023,96.1160965,2023,60684.9596204883,11.013451164144975
BEL,Belgium,2023,47.2,2020.0,Belgium,0.8152677361436378,0.79788,0.8072761904761905,0.7262000000000001,0.9297147540983607,2023,94.62625074,2023,63042.0099876309,11.051556608345022
BEL,Belgium,2023,47.2,2022.0,Belgium,0.8035046015085263,0.8002172839506173,0.9444543689320388,0.6922385321100918,0.7771082210413576,2023,94.62625074,2023,63042.0099876309,11.051556608345022
BEL,Belgium,2023,47.2,2025.0,Belgium,0.8302825277497499,0.8503654771784233,0.9646471836734694,0.6628812030075188,0.8432362471395881,2023,94.62625074,2023,63042.0099876309,11.051556608345022
CAN,Canada,2023,48.5,2020.0,Canada,0.8987143349060935,0.8434211764705882,0.9070095238095238,0.985125,0.8593016393442623,2023,94.14530182,2023,58088.3778077995,10.969720885098281
CAN,Canada,2023,48.5,2022.0,Canada,0.7690504863729674,0.7688230452674898,0.8563572815533981,0.7793944954128441,0.6716271232581376,2023,94.14530182,2023,58088.3778077995,10.969720885098281
CAN,Canada,2023,48.5,2025.0,Canada,0.9489845035975936,0.9344142738589212,0.9694850612244899,0.985166917293233,0.90687176201373,2023,94.14530182,2023,58088.3778077995,10.969720885098281
CHE,Switzerland,2023,61.9,2025.0,Switzerland,0.7955080843219102,0.775895601659751,0.861955918367347,0.6595909774436091,0.8845898398169336,2023,97.34436623,2023,85383.3564504008,11.354906471443696
CHE,Switzerland,2023,61.9,2022.0,Switzerland,0.7567348216806125,0.6948148148148148,0.8952660194174757,0.6830642201834863,0.753794232306673,2023,97.34436623,2023,85383.3564504008,11.354906471443696
CHE,Switzerland,2023,61.9,2020.0,Switzerland,0.7895314200762272,0.5610494117647059,0.9512571428571428,0.7053666666666668,0.9404524590163934,2023,97.34436623,2023,85383.3564504008,11.354906471443696
CHL,Chile,2023,30.4,2020.0,Chile,0.8533310418675667,0.8066305882352941,0.8627333333333334,0.8392750000000001,0.9046852459016393,2023,94.45742345,2023,29600.4188613168,10.295543790932193
CHL,Chile,2023,30.4,2022.0,Chile,0.7542772777082458,0.772011522633745,0.8343300970873787,0.6818201834862385,0.7289473076256205,2023,94.45742345,2023,29600.4188613168,10.295543790932193
CHL,Chile,2023,30.4,2025.0,Chile,0.8720659683420298,0.7856695435684647,0.9129328979591838,0.8650706766917293,0.9245907551487413,2023,94.45742345,2023,29600.4188613168,10.295543790932193
COL,Colombia,2023,32.1,2022.0,Colombia,0.8638043239483995,0.9106897119341564,0.8825398058252427,0.9320256880733945,0.7299620899608039,2023,77.33686322,2023,18406.6242338491,9.820465891517241
COL,Colombia,2023,32.1,2025.0,Colombia,0.8165616527672627,0.8347654771784233,0.7512261224489796,0.8026526315789474,0.8776023798627003,2023,77.33686322,2023,18406.6242338491,9.820465891517241
COL,Colombia,2023,32.1,2020.0,Colombia,0.853982781030445,0.8079200000000001,0.885152380952381,0.9255833333333333,0.7972754098360656,2023,77.33686322,2023,18406.6242338491,9.820465891517241
CRI,Costa Rica,2023,34.8,2022.0,Costa Rica,0.5117168266148668,0.6608493827160494,0.5745087378640776,0.3181798165137615,0.4933293693655787,2023,85.39514799,2023,26378.5409941926,10.180306117470861
CRI,Costa Rica,2023,34.8,2025.0,Costa Rica,0.7700310041319376,0.6585860580912863,0.776818612244898,0.8302556390977444,0.8144637070938215,2023,85.39514799,2023,26378.5409941926,10.180306117470861
CRI,Costa Rica,2023,34.8,2020.0,Costa Rica,0.5572923531707765,0.5233529411764706,0.7187809523809524,0.3303666666666667,0.6566688524590163,2023,85.39514799,2023,26378.5409941926,10.180306117470861
CZE,Czechia,2023,18.6,2020.0,Czech Republic,0.6991227918216467,0.7751058823529412,0.7305238095238096,0.43154999999999993,0.8593114754098361,2023,85.99404818,2023,47558.4106763314,10.76971393301194
CZE,Czechia,2023,18.6,2022.0,Czech Republic,0.7895296538580376,0.8421695473251029,0.8304038834951456,0.6351155963302751,0.8504295882816268,2023,85.99404818,2023,47558.4106763314,10.76971393301194
CZE,Czechia,2023,18.6,2025.0,Czech Republic,0.8632180182361008,0.9068263900414938,0.8972045714285715,0.7529022556390977,0.8959388558352401,2023,85.99404818,2023,47558.4106763314,10.76971393301194
DEU,Germany,2023,36.0,2022.0,Germany,0.7678842047256126,0.7253020576131688,0.9076310679611651,0.6121798165137614,0.826423876814355,2023,92.4763763,2023,63140.1949099669,11.05311284905633
DEU,Germany,2023,36.0,2025.0,Germany,0.7632305233792711,0.7327098755186722,0.8619271836734693,0.6717473684210526,0.7865376659038901,2023,92.4763763,2023,63140.1949099669,11.05311284905633
DEU,Germany,2023,36.0,2020.0,Germany,0.8834297231023557,0.8389835294117648,0.9243714285714285,0.875,0.8953639344262294,2023,92.4763763,2023,63140.1949099669,11.05311284905633
DNK,Denmark,2023,44.0,2020.0,Denmark,0.9295275400078064,0.8704399999999999,0.9439809523809524,0.9077416666666668,0.9959475409836066,2023,98.77559197,2023,68993.9031100362,11.141773418951244
DNK,Denmark,2023,44.0,2025.0,Denmark,0.9276364549971874,0.9147694605809129,0.9835990204081633,0.8922646616541353,0.9199126773455378,2023,98.77559197,2023,68993.9031100362,11.141773418951244
DNK,Denmark,2023,44.0,2022.0,Denmark,0.8736786923754001,0.7747078189300411,0.9782174757281553,0.9324477064220182,0.8093417684213857,2023,98.77559197,2023,68993.9031100362,11.141773418951244
ESP,Spain,2023,36.8,2020.0,Spain,0.8681994147495065,0.8719835294117647,0.8728190476190476,0.8362999999999999,0.8916950819672131,2023,95.44564516,2023,47322.5937004504,10.764743128518573
ESP,Spain,2023,36.8,2025.0,Spain,0.8914327801136045,0.9544552697095435,0.8478778775510204,0.8150135338345864,0.9483844393592676,2023,95.44564516,2023,47322.5937004504,10.764743128518573
ESP,Spain,2023,36.8,2022.0,Spain,0.8883016997109083,0.9369300411522634,0.9443766990291262,0.8073394495412844,0.8645606091209592,2023,95.44564516,2023,47322.5937004504,10.764743128518573
EST,Estonia,2023,37.8,2025.0,Estonia,0.9901015913530637,0.9737638174273858,0.9995444897959184,0.9925834586466166,0.994514599542334,2023,93.18342241,2023,41284.7746875532,10.628249059347311
EST,Estonia,2023,37.8,2022.0,Estonia,0.9559141070600876,0.9104477366255144,1.0,0.9975009174311926,0.9157077741836435,2023,93.18342241,2023,41284.7746875532,10.628249059347311
EST,Estonia,2023,37.8,2020.0,Estonia,0.9669713004546081,0.876790588235294,0.9983142857142857,1.0,0.9927803278688525,2023,93.18342241,2023,41284.7746875532,10.628249059347311
FIN,Finland,2023,47.0,2022.0,Finland,0.8109516602276838,0.7158534979423868,0.9883456310679611,0.8023302752293578,0.7372772366710295,2023,93.51385075,2023,56051.7701129501,10.934031008964173
FIN,Finland,2023,47.0,2025.0,Finland,0.8374758870957709,0.812236846473029,0.9829939591836735,0.8072902255639097,0.7473825171624714,2023,93.51385075,2023,56051.7701129501,10.934031008964173
FIN,Finland,2023,47.0,2020.0,Finland,0.891411993387519,0.8642423529411765,0.8963619047619047,0.8422666666666667,0.9627770491803278,2023,93.51385075,2023,56051.7701129501,10.934031008964173
FRA,France,2023,34.3,2020.0,France,0.9472838347798136,0.9674282352941176,0.9663999999999999,0.9345333333333334,0.9207737704918033,2023,86.83635789,2023,54296.7230897731,10.902219155846359
FRA,France,2023,34.3,2022.0,France,0.945322851342252,0.9227687242798354,0.9565203883495146,0.9503743119266055,0.951627980813053,2023,86.83635789,2023,54296.7230897731,10.902219155846359
FRA,France,2023,34.3,2025.0,France,0.823927466579518,0.7409697925311204,0.8704326530612245,0.8300511278195488,0.8542562929061785,2023,86.83635789,2023,54296.7230897731,10.902219155846359
GBR,United Kingdom,2023,26.7,2020.0,United Kingdom,0.917585006543601,0.8766705882352941,0.8929904761904762,0.9732166666666666,0.9274622950819672,2023,95.44719696,2023,53423.4226338292,10.886004554881648
GBR,United Kingdom,2023,26.7,2022.0,United Kingdom,0.8399581974419087,0.6749925925925926,0.9672893203883495,0.9399449541284405,0.7776059226582525,2023,95.44719696,2023,53423.4226338292,10.886004554881648
GBR,United Kingdom,2023,26.7,2025.0,United Kingdom,0.8579462726516816,0.7165810788381743,0.9627908571428572,0.7920481203007519,0.9603650343249428,2023,95.44719696,2023,53423.4226338292,10.886004554881648
GRC,Greece,2023,31.7,2020.0,Greece,0.8201246157069384,0.8101176470588235,0.7731142857142856,0.9047583333333332,0.7925081967213116,2023,85.0102229,2023,36700.5134631055,10.510546024765103
GRC,Greece,2023,31.7,2022.0,Greece,0.8545294839130397,0.8594534979423868,0.9349864077669903,0.7648,0.858878029942782,2023,85.0102229,2023,36700.5134631055,10.510546024765103
GRC,Greece,2023,31.7,2025.0,Greece,0.8833667528009219,0.8211126970954357,0.9410151836734694,0.8504421052631579,0.9208970251716248,2023,85.0102229,2023,36700.5134631055,10.510546024765103
IRL,Ireland,2023,46.6,2025.0,Ireland,0.8974469947662382,0.9004914522821577,0.9389498775510204,0.8498285714285714,0.9005180778032037,2023,96.8660965,2023,117659.728593716,11.67555208171611
IRL,Ireland,2023,46.6,2020.0,Ireland,0.6419173517357762,0.48070588235294115,0.7916,0.464275,0.8310885245901639,2023,96.8660965,2023,117659.728593716,11.67555208171611
IRL,Ireland,2023,46.6,2022.0,Ireland,0.5233594716402495,0.46684938271604937,0.6636427184466019,0.31359266055045876,0.649353124847888,2023,96.8660965,2023,117659.728593716,11.67555208171611
ISL,Iceland,2023,36.4,2020.0,Iceland,0.700641768953483,0.7635623529411765,0.7983142857142858,0.3601166666666667,0.8805737704918033,2023,97.94860077,2023,69268.1221404224,11.145740081372768
ISL,Iceland,2023,36.4,2022.0,Iceland,0.8671241595068817,0.8401069958847738,0.8654407766990291,0.940788990825688,0.822159874618036,2023,97.94860077,2023,69268.1221404224,11.145740081372768
ISL,Iceland,2023,36.4,2025.0,Iceland,0.9483188345990617,0.9065538589211618,0.9419640816326531,0.9775458646616542,0.9672115331807781,2023,97.94860077,2023,69268.1221404224,11.145740081372768
ITA,Italy,2023,35.9,2020.0,Italy,0.8597870802911328,0.7501082352941176,0.8560190476190476,0.9136833333333333,0.9193377049180328,2023,87.0278292,2023,52842.6288831758,10.875073509162041
ITA,Italy,2023,35.9,2022.0,Italy,0.7959243813926158,0.8742057613168723,0.9455417475728155,0.48373944954128434,0.8802105671394909,2023,87.0278292,2023,52842.6288831758,10.875073509162041
ITA,Italy,2023,35.9,2025.0,Italy,0.8418242892286514,0.8872200829875518,0.9032545306122449,0.6449624060150376,0.9318601372997711,2023,87.0278292,2023,52842.6288831758,10.875073509162041
KOR,Korea,2023,37.1,2025.0,"Korea, Rep.",0.997452077686549,0.9995867219917012,1.0,0.9950556390977443,0.9951659496567505,2023,97.41597478,2023,54029.3434990785,10.897282576090193
KOR,Korea,2023,37.1,2022.0,"Korea, Rep.",0.9914089785510833,0.990159670781893,0.9979728155339807,0.9937467889908257,0.9837566388976342,2023,97.41597478,2023,54029.3434990785,10.897282576090193
KOR,Korea,2023,37.1,2020.0,"Korea, Rep.",0.9793289006750241,0.9271811764705883,1.0,1.0,0.9901344262295082,2023,97.41597478,2023,54029.3434990785,10.897282576090193
LUX,Luxembourg,2023,55.6,2022.0,Luxembourg,0.8140329904402823,0.8162732510288065,0.7522601941747572,0.8807339449541285,0.8068645716034369,2023,99.34785707,2023,130048.922273147,11.775665983823213
LUX,Luxembourg,2023,55.6,2025.0,Luxembourg,0.7799810252886668,0.7338801659751037,0.7311549387755102,0.790393984962406,0.8644950114416475,2023,99.34785707,2023,130048.922273147,11.775665983823213
LUX,Luxembourg,2023,55.6,2020.0,Luxembourg,0.7802699504063921,0.6640376470588235,0.7899142857142858,0.8006000000000001,0.8665278688524589,2023,99.34785707,2023,130048.922273147,11.775665983823213
LVA,Latvia,2023,28.7,2022.0,Latvia,0.8562032648053901,0.7224427983539095,0.9588543689320388,0.9528733944954129,0.7906424974401994,2023,92.18791291,2023,37277.7217221317,10.526151154328312
LVA,Latvia,2023,28.7,2025.0,Latvia,0.8977574077852035,0.8634507883817428,0.9486514285714286,0.9002947368421053,0.8786326773455377,2023,92.18791291,2023,37277.7217221317,10.526151154328312
LVA,Latvia,2023,28.7,2020.0,Latvia,0.6484124363433899,0.6828164705882352,0.785447619047619,0.39582500000000004,0.7295606557377049,2023,92.18791291,2023,37277.7217221317,10.526151154328312
MEX,Mexico,2023,53.6,2025.0,Mexico,0.8248628828134614,0.8069382572614108,0.8952156734693878,0.787615037593985,0.8096825629290618,2023,81.18318755,2023,21864.9236104145,9.992638970148464
MEX,Mexico,2023,53.6,2022.0,Mexico,0.7921930252579494,0.7924279835390946,0.7950873786407767,0.8231889908256881,0.7580677480262383,2023,81.18318755,2023,21864.9236104145,9.992638970148464
MEX,Mexico,2023,53.6,2020.0,Mexico,0.8620246710979473,0.7828941176470587,0.901952380952381,0.8511833333333333,0.9120688524590165,2023,81.18318755,2023,21864.9236104145,9.992638970148464
NLD,Netherlands,2023,43.9,2022.0,Netherlands,0.758781046108232,0.825283950617284,0.7750601941747572,0.5834018348623853,0.8513782047785016,2023,97.00680272,2023,70198.9546022361,11.159088698196982
NLD,Netherlands,2023,43.9,2025.0,Netherlands,0.8163672375124817,0.8782494605809128,0.7106462040816326,0.7244812030075187,0.9520920823798626,2023,97.00680272,2023,70198.9546022361,11.159088698196982
NLD,Netherlands,2023,43.9,2020.0,Netherlands,0.8958439534256326,0.8890070588235295,0.8302571428571429,0.8869083333333334,0.9772032786885246,2023,97.00680272,2023,70198.9546022361,11.159088698196982
NOR,Norway,2023,47.6,2022.0,Norway,0.7949830420248125,0.7548246913580248,0.8796932038834951,0.654297247706422,0.8911170251513083,2023,99.00000258,2023,94364.9641754336,11.454925141033886
NOR,Norway,2023,47.6,2020.0,Norway,0.9007787835790053,0.7931811764705883,0.9647142857142857,0.8512000000000001,0.9940196721311475,2023,99.00000258,2023,94364.9641754336,11.454925141033886
NOR,Norway,2023,47.6,2025.0,Norway,0.7786075145373549,0.780434356846473,0.8035970612244898,0.6670075187969925,0.8633911212814646,2023,99.00000258,2023,94364.9641754336,11.454925141033886
NZL,New Zealand,2023,45.9,2020.0,New Zealand,0.8875798430109748,0.8179317647058822,0.8845904761904761,0.9345249999999999,0.913272131147541,2023,93.32610321,2023,49592.5875512098,10.81159665701301
NZL,New Zealand,2023,45.9,2022.0,New Zealand,0.8141688043895627,0.7558650205761317,0.9222796116504854,0.9215963302752295,0.6569342550564041,2023,93.32610321,2023,49592.5875512098,10.81159665701301
NZL,New Zealand,2023,45.9,2025.0,New Zealand,0.8780213392666998,0.7675258091286308,0.8640293877551021,0.9425263157894737,0.9380038443935927,2023,93.32610321,2023,49592.5875512098,10.81159665701301
PRT,Portugal,2023,31.5,2022.0,Portugal,0.8330222176384133,0.8594288065843622,0.9276194174757283,0.6488770642201834,0.8961635822733793,2023,85.79012676,2023,41768.2583096874,10.639891959463322
PRT,Portugal,2023,31.5,2020.0,Portugal,0.8414165140974423,0.8090447058823529,0.9053238095238095,0.83035,0.8209475409836064,2023,85.79012676,2023,41768.2583096874,10.639891959463322
PRT,Portugal,2023,31.5,2025.0,Portugal,0.899629255604024,0.9285266390041494,0.9710448979591837,0.762790977443609,0.9361545080091535,2023,85.79012676,2023,41768.2583096874,10.639891959463322
SVK,Slovak Republic,2023,31.5,2022.0,Slovak Republic,0.6504866206892284,0.7016197530864198,0.8030291262135922,0.2898238532110092,0.8074737502458922,2023,87.2131343,2023,39501.9474231962,10.584105251526985
SVK,Slovak Republic,2023,31.5,2020.0,Slovak Republic,0.6878400945952151,0.7269741176470588,0.6812190476190476,0.42560000000000003,0.9175672131147541,2023,87.2131343,2023,39501.9474231962,10.584105251526985
SVK,Slovak Republic,2023,31.5,2025.0,Slovak Republic,0.6613485501567377,0.7708801659751037,0.7593165714285713,0.32155187969924814,0.7936455835240275,2023,87.2131343,2023,39501.9474231962,10.584105251526985
SVN,Slovenia,2023,27.9,2025.0,Slovenia,0.8818533301470991,0.8586250622406639,0.929530775510204,0.9002947368421053,0.8389627459954233,2023,90.37794678,2023,47986.4195855821,10.778673324558742
SVN,Slovenia,2023,27.9,2022.0,Slovenia,0.8321389213501862,0.7896576131687243,0.9553320388349515,0.8623853211009175,0.7211807122961514,2023,90.37794678,2023,47986.4195855821,10.778673324558742
SVN,Slovenia,2023,27.9,2020.0,Slovenia,0.758891219348395,0.8201388235294117,0.7198761904761904,0.5684416666666666,0.9271081967213115,2023,90.37794678,2023,47986.4195855821,10.778673324558742
SWE,Sweden,2023,42.9,2025.0,Sweden,0.7974690365809113,0.6819148547717842,0.8416597551020408,0.8125413533834587,0.8537601830663616,2023,95.70327461,2023,62122.5116950792,11.036863709398858
SWE,Sweden,2023,42.9,2022.0,Sweden,0.7521027959368433,0.8127407407407408,0.9301203883495146,0.4470422018348623,0.8185078528222554,2023,95.70327461,2023,62122.5116950792,11.036863709398858
SWE,Sweden,2023,42.9,2020.0,Sweden,0.8859032769665243,0.7738235294117648,0.9238095238095237,0.8511833333333333,0.9947967213114755,2023,95.70327461,2023,62122.5116950792,11.036863709398858
