alpha,arm,n_runs,mean_error,ci_low,ci_high,mcse
0.0,platform,8,0.08262924948578804,0.05915135472835264,0.10728463665649436,0.013559402654957925
0.0,survey,8,0.08043415841438518,0.07123450397182003,0.09026055043845765,0.005330124603626028
0.0,fused,8,0.057706800555706976,0.050918488430567704,0.06596674022385766,0.004120378852958181
0.0,oracle,8,0.0,0.0,0.0,0.0
0.25,platform,8,0.10652836912195449,0.07862059454518533,0.13551576166016105,0.01599972443003742
0.25,survey,8,0.08043415841438518,0.07073090439866578,0.09025678487740968,0.005330124603626028
0.25,fused,8,0.0670906188051061,0.0573532378981996,0.07897016786952353,0.005730072890097994
0.25,oracle,8,0.0,0.0,0.0,0.0
0.5,platform,8,0.19539685943825666,0.16255497399398583,0.23293476346937925,0.01942223820031888
0.5,survey,8,0.08043415841438518,0.071189899572682,0.08956478326409782,0.005330124603626028
0.5,fused,8,0.10113890197735702,0.08532075513470283,0.12107420717296381,0.009730944607574983
0.5,oracle,8,0.0,0.0,0.0,0.0
0.75,platform,8,0.28543796030434554,0.24593576426946756,0.32064117788400315,0.02040938121817945
0.75,survey,8,0.08043415841438518,0.07075679655688204,0.09048696247484361,0.005330124603626028
0.75,fused,8,0.14496479543747665,0.1294318183230521,0.15799898589236666,0.008014614255129174
0.75,oracle,8,0.0,0.0,0.0,0.0
1.0,platform,8,0.30348971296307936,0.2721834951668514,0.3360843381704737,0.017493162304717737
1.0,survey,8,0.08043415841438518,0.07117886471576133,0.08990465074234263,0.005330124603626028
1.0,fused,8,0.15307796440975147,0.13598115204596165,0.17119817595110207,0.009646246178501777
1.0,oracle,8,0.0,0.0,0.0,0.0
