petition_id,response_delay_days
700013,32.68543846064815
700005,12.51294267361111
700080,26.10577784722222
700086,15.92581980324074
700074,15.977865046296296
700189,26.553841689814814
700186,12.305751099537037
700138,14.95485238425926
700765,18.194647650462965
700143,12.971119097222221
700036,53.41128011574074
700109,10.725378483796296
700035,10.115930914351852
700024,21.793179791666667
700317,42.081237199074074
700014,23.52221398148148
701268,15.71285207175926
701068,7.82882837962963
700047,18.256234687499997
700557,33.22122657407407
700404,8.017059479166667
701137,32.01345542824074
700387,81.08887436342593
701884,39.82024732638889
700217,23.270946122685185
700824,22.099052349537036
700117,15.741167245370372
700113,14.781585011574075
700391,11.248537708333334
700614,10.955414293981482
705287,42.63307103009259
701051,14.25451775462963
700120,15.560005949074073
701600,21.955745868055555
700776,37.798604895833336
702074,16.180258506944444
703861,22.77865158564815
705154,14.053455162037038
706302,25.930032696759262
707189,31.780693854166667
700262,12.869782627314816
700623,25.052514652777777
702712,8.53968636574074
702845,7.328497800925925
702844,15.01879716435185
700285,18.165549305555555
700413,31.89586052083333
701769,24.255478553240742
703827,11.27379019675926
707698,19.84589815972222
705384,16.688263078703702
705403,19.703740243055556
701838,26.745957291666667
710067,13.139323206018517
700168,14.038281527777778
700028,11.065208599537037
701159,19.030331562500002
706884,30.194652939814816
702538,21.84707568287037
711976,27.499205601851852
703284,23.649488993055556
701064,25.10245613425926
712763,14.116375752314815
700292,12.588638483796297
713714,21.19154771990741
701517,20.71033667824074
713128,14.218912800925928
700041,24.891166168981485
702341,24.156359976851853
701850,19.648460023148147
717065,22.64170261574074
718406,16.225805532407406
715292,16.246461666666665
700029,19.67295150462963
716157,14.478052372685186
710486,33.750662407407404
716686,10.813375381944445
721547,14.6174665625
702424,13.962981076388889
704793,28.60376332175926
705772,24.91546239583333
716515,13.792415856481481
700161,15.860985833333332
701963,27.27776732638889
701479,23.588944282407407
717489,59.63651608796297
700860,18.947430648148146
708806,25.66726394675926
702760,14.829765462962964
700184,38.798901979166665
700273,26.64169545138889
710663,25.974236099537034
724795,20.07084613425926
715511,12.855942476851851
725716,24.809903043981482
718660,20.583758483796295
711021,16.77449974537037
720491,23.554929074074074
724432,13.251304618055556
727360,24.660788761574075
701290,16.93683451388889
717817,23.316179074074075
700918,72.14960959490742
700682,73.78385935185185
701379,72.18344287037037
705918,13.302373958333334
711368,32.75774226851852
719124,33.52757158564815
706513,22.551579224537036
705383,22.855681145833334
722303,33.04157233796296
723131,26.085981018518517
716935,28.736762905092593
708358,17.372834062499997
701540,18.321372349537036
726413,23.08333579861111
728715,16.87028980324074
707685,15.459216400462964
707101,23.782281909722222
723991,14.430593518518519
727356,15.009724942129631
725069,13.624855011574073
725928,17.556797256944446
728677,13.232299976851854
705601,16.411257743055554
729440,26.92354834490741
700482,16.163487430555556
728067,25.727171712962964
715800,52.73002575231481
709054,11.278666249999999
722903,13.144372974537037
708393,22.016797453703703
727309,26.724443715277776
730605,13.981223414351852
706707,20.517499189814814
730899,25.52913804398148
710017,6.21230400462963
727359,20.701711307870372
725909,7.3681741203703695
711355,50.670986944444444
728920,14.121797511574073
727717,33.211516064814816
732342,20.854346666666665
702270,28.03250011574074
714319,25.079788148148147
734327,26.109167881944444
725558,22.781415925925923
716553,24.281012418981483
729597,17.26732834490741
734311,18.500596203703704
716399,56.684839375
722730,58.84335050925926
711892,50.9254310300926
733797,24.56719699074074
728751,20.105344675925927
729027,29.192550729166665
727534,26.699166145833335
728658,16.968740497685186
728765,46.656752743055556
713798,22.3153940625
722377,13.84130130787037
730194,29.14224486111111
734090,14.708053287037037
728656,24.390287592592596
738881,23.594872974537036
728017,19.691926863425923
730568,16.81910027777778
738421,32.21629194444444
737105,128.01332668981482
714927,35.140903576388894
729231,20.651648969907406
727514,22.230887256944445
718797,9.922362939814816
734441,14.863933888888889
721825,17.850738171296296
736504,23.334006412037038
729235,13.51319625
727372,62.962494560185185
734246,15.722938379629628
738192,18.869443171296297
731016,24.981771550925924
719429,21.85819064814815
740486,11.799951296296296
728912,26.919609282407407
737327,23.69181627314815
729212,22.190522129629628
726174,26.988330277777777
744237,49.88657641203703
734243,14.612938379629629
738484,26.881972314814814
727063,20.526150520833333
732993,21.824504606481483
737513,17.308030636574074
736578,11.126385914351852
732559,14.763857488425925
742179,16.082919872685185
731355,19.131133564814814
729478,21.305586261574074
732221,15.708649293981482
725049,15.357853680555555
727016,62.984352326388894
740671,24.10968355324074
744397,19.75659787037037
741677,19.679793668981482
746363,12.814339386574073
744215,52.87896618055556
728011,14.649141377314814
737923,18.20989704861111
732726,63.84970112268519
747234,33.02982287037037
740004,34.0031665162037
746353,29.756966423611114
748695,11.468555983796296
735586,30.127933842592594
750236,25.656894872685186
730292,25.055989224537036
749128,21.79654894675926
731497,21.498972777777777
751177,70.17466079861111
730062,29.959479282407404
750050,23.344811342592592
731574,29.251902141203708
