stage,source_relative_path,archive_relative_path,purpose,role,bytes,sha256
00,ABM_JASSS/README.md,sources/ABM_JASSS/README.md,当前正式阶段状态和接续入口；其中历史段落按其日期解释,report,16056,f130c969caf979447d72844f786825c89cb89cea9577d2b8dacf122e35785c0b
00,ABM_JASSS/project_handoff_20261004.md,sources/ABM_JASSS/project_handoff_20261004.md,当前正式阶段状态和接续入口；其中历史段落按其日期解释,report,7025,e7853681f4b5448e05e1c98c0142492d8a0ef21ea5716e384ef6390b883fe0d5
01,ABM_JASSS/formal_experiment_protocol.md,sources/ABM_JASSS/formal_experiment_protocol.md,保留原核心创新、研究设计演变、实验范围和技术落实依据,report,25308,86c19d7f102d178fcc048e3103db9270d793c5e20ef27009ff7afecc16332c32
01,ABM_JASSS/innovation_preservation.md,sources/ABM_JASSS/innovation_preservation.md,保留原核心创新、研究设计演变、实验范围和技术落实依据,report,7340,9d8d0fab381b640e84037d42c7fe9842a9a2fd522ed7aeba30469dab9e91d316
01,ABM_JASSS/research_plan.md,sources/ABM_JASSS/research_plan.md,保留原核心创新、研究设计演变、实验范围和技术落实依据,report,24240,6c8d17f9f2c80fc5f01a0bf050bcc78aa1ee5daa77014972ccf344b33242f2c1
01,ABM_JASSS/technical_checklist_response_20260927.md,sources/ABM_JASSS/technical_checklist_response_20260927.md,保留原核心创新、研究设计演变、实验范围和技术落实依据,report,9892,b5322b31661c39b7b771ae16d817d775dded57dc69a6022106ca45296a1a2198
02,ABM_JASSS/ODD_research.md,sources/ABM_JASSS/ODD_research.md,现行模型、测量合同、核心恢复与 S0/S1 开发验收,report,17342,dd771bb16493c5b15bce5458f5f9e4c513141a372f7c08b7e3d16c34e6270898
02,ABM_JASSS/outputs/research_s0_acceptance_20260928/acceptance.json,sources/ABM_JASSS/outputs/research_s0_acceptance_20260928/acceptance.json,开发阶段测试、串并行比较与验收的完整小型证据包,complete_small_package,29309,77b1a6d3b3bcb34e3507d21914773f50da77ae10d7017c943430f78ae8074bfc
02,ABM_JASSS/outputs/research_s0_acceptance_20260928/comparison.json,sources/ABM_JASSS/outputs/research_s0_acceptance_20260928/comparison.json,开发阶段测试、串并行比较与验收的完整小型证据包,complete_small_package,2483,7c7e25b6fe9a812bae640ef0d3731ab219cd5251518d2d54ff91bb437ac50193
02,ABM_JASSS/outputs/research_s0_acceptance_20260928/evidence_hashes.json,sources/ABM_JASSS/outputs/research_s0_acceptance_20260928/evidence_hashes.json,开发阶段测试、串并行比较与验收的完整小型证据包,complete_small_package,352,3d77aaf1ee2ce277eb8036c93b0b91580333d5750c285994077d67f55566dde0
02,ABM_JASSS/outputs/research_s0_acceptance_20260928/tests.json,sources/ABM_JASSS/outputs/research_s0_acceptance_20260928/tests.json,开发阶段测试、串并行比较与验收的完整小型证据包,complete_small_package,282,507b78fbb839e622be856b9bb1a60c6384f59a964d591d6e1b71ad619c87a28b
02,ABM_JASSS/outputs/research_s0_acceptance_20260928/tests.log,sources/ABM_JASSS/outputs/research_s0_acceptance_20260928/tests.log,开发阶段测试、串并行比较与验收的完整小型证据包,complete_small_package,20479,a180d677490a998fd001d6196e177940df3eb374d854fe7c07741364840e6946
02,ABM_JASSS/outputs/research_s1_acceptance_20260929/acceptance.json,sources/ABM_JASSS/outputs/research_s1_acceptance_20260929/acceptance.json,开发阶段测试、串并行比较与验收的完整小型证据包,complete_small_package,284445,ace7bfa8f5f06a434e3cb7290185fc6cf32f90d1f7e76330b3f386323819b846
02,ABM_JASSS/outputs/research_s1_acceptance_20260929/comparison.json,sources/ABM_JASSS/outputs/research_s1_acceptance_20260929/comparison.json,开发阶段测试、串并行比较与验收的完整小型证据包,complete_small_package,1435,9e21de677ec9ce93ca10fb9b48a03bcc14bbb617bbcd5a4328583a39b964f506
02,ABM_JASSS/outputs/research_s1_acceptance_20260929/comparison_command.json,sources/ABM_JASSS/outputs/research_s1_acceptance_20260929/comparison_command.json,开发阶段测试、串并行比较与验收的完整小型证据包,complete_small_package,348,18bd80810dd704690095cad161c81d7e4e97ccff82e9b71369b1e28ce5ba91b9
02,ABM_JASSS/outputs/research_s1_acceptance_20260929/descriptive_counts.json,sources/ABM_JASSS/outputs/research_s1_acceptance_20260929/descriptive_counts.json,开发阶段测试、串并行比较与验收的完整小型证据包,complete_small_package,1015,dd285289dd4ccfb1ab92e09bccd00ccb149317c39a047a35c958c8d7bde03798
02,ABM_JASSS/outputs/research_s1_acceptance_20260929/evidence_hashes.json,sources/ABM_JASSS/outputs/research_s1_acceptance_20260929/evidence_hashes.json,开发阶段测试、串并行比较与验收的完整小型证据包,complete_small_package,643,0da75cb611f3e59740b4083e0ad9732163198fde186cfa9477c1052f57847e98
02,ABM_JASSS/outputs/research_s1_acceptance_20260929/s0_preservation.json,sources/ABM_JASSS/outputs/research_s1_acceptance_20260929/s0_preservation.json,开发阶段测试、串并行比较与验收的完整小型证据包,complete_small_package,693,8f579afdb5415706e6ba3ff79bb7e65e8ea4806896e3d5deda189082157f547c
02,ABM_JASSS/outputs/research_s1_acceptance_20260929/tests.json,sources/ABM_JASSS/outputs/research_s1_acceptance_20260929/tests.json,开发阶段测试、串并行比较与验收的完整小型证据包,complete_small_package,282,fad2730858d33422ed3f5ee1a9bd34c2d30b965ae2b61974599e7a987153c553
02,ABM_JASSS/outputs/research_s1_acceptance_20260929/tests.log,sources/ABM_JASSS/outputs/research_s1_acceptance_20260929/tests.log,开发阶段测试、串并行比较与验收的完整小型证据包,complete_small_package,27448,e19354b9d3b2da86ec1ac21f645dbfcdd6d63db42c6c937ecbf01ddabf6d6465
02,ABM_JASSS/research_engine.md,sources/ABM_JASSS/research_engine.md,现行模型、测量合同、核心恢复与 S0/S1 开发验收,report,20299,c0327e5132c52d294c553b1dea25f36976df6c50e2f72731c1fee8817daf302a
02,ABM_JASSS/revision_validation_20260926.md,sources/ABM_JASSS/revision_validation_20260926.md,现行模型、测量合同、核心恢复与 S0/S1 开发验收,report,4979,dab294ca0c202f0ed2bee4a9089e530103319b8b071911739f06414c7d39ad6c
02,ABM_JASSS/s0_validation_20260928.md,sources/ABM_JASSS/s0_validation_20260928.md,现行模型、测量合同、核心恢复与 S0/S1 开发验收,report,8037,d03aa37a88e52d75c892147cd983ae50c644ded410caa0d067ee71578e68f121
02,ABM_JASSS/s1_validation_20260929.md,sources/ABM_JASSS/s1_validation_20260929.md,现行模型、测量合同、核心恢复与 S0/S1 开发验收,report,9085,a346c953ff0cddb390f248e94fd0b7407dff586019f990a6174a90252ab0c08c
02,ABM_JASSS/signal_and_outcome_contract.md,sources/ABM_JASSS/signal_and_outcome_contract.md,现行模型、测量合同、核心恢复与 S0/S1 开发验收,report,16129,517ec0f995bdd3a36fd21f406765178712b013d6d609566ceb6c3c2361700de9
03,ABM_JASSS/outputs/precision_pilot_20261002_acceptance/acceptance.json,sources/ABM_JASSS/outputs/precision_pilot_20261002_acceptance/acceptance.json,独立精度规划及验收；保留 3 项预算风险和 61 项方差不稳定标记,complete_small_package,4755,cdc5d79b866425c19199efc02d355f298f50c27a68591938c52ad48f920f4186
03,ABM_JASSS/outputs/precision_pilot_20261002_acceptance/analysis.log,sources/ABM_JASSS/outputs/precision_pilot_20261002_acceptance/analysis.log,独立精度规划及验收；保留 3 项预算风险和 61 项方差不稳定标记,complete_small_package,221,c2ea6d2a5c15a237103231f6a19383f63b54a1fd0530baecae938232faec867e
03,ABM_JASSS/outputs/precision_pilot_20261002_acceptance/analysis_command.json,sources/ABM_JASSS/outputs/precision_pilot_20261002_acceptance/analysis_command.json,独立精度规划及验收；保留 3 项预算风险和 61 项方差不稳定标记,complete_small_package,953,31bb07951d5ae59123a36a9ecb754601dcc3d25db29b798d312b23210672f1cd
03,ABM_JASSS/outputs/precision_pilot_20261002_acceptance/evidence_hashes.json,sources/ABM_JASSS/outputs/precision_pilot_20261002_acceptance/evidence_hashes.json,独立精度规划及验收；保留 3 项预算风险和 61 项方差不稳定标记,complete_small_package,1400,e5a8f77a9a846cfc8a2e1e0f71964e9550bbe0d21e4401d8b1304dda58edbb8e
03,ABM_JASSS/outputs/precision_pilot_20261002_acceptance/expansion.log,sources/ABM_JASSS/outputs/precision_pilot_20261002_acceptance/expansion.log,独立精度规划及验收；保留 3 项预算风险和 61 项方差不稳定标记,complete_small_package,1662,d927a50a4446e19eaa4abd9e4ee07e2ed909db5e15a1fb802f328f84fc5d830a
03,ABM_JASSS/outputs/precision_pilot_20261002_acceptance/expansion_command.json,sources/ABM_JASSS/outputs/precision_pilot_20261002_acceptance/expansion_command.json,独立精度规划及验收；保留 3 项预算风险和 61 项方差不稳定标记,complete_small_package,615,d2aee1b7ee34d208108cffc47e5bca413baab7265c40ed870af0bdfa034e1cd3
03,ABM_JASSS/outputs/precision_pilot_20261002_acceptance/initial.log,sources/ABM_JASSS/outputs/precision_pilot_20261002_acceptance/initial.log,独立精度规划及验收；保留 3 项预算风险和 61 项方差不稳定标记,complete_small_package,1582,6bdc002cc75a7e28abf0310c037977f7ba2cb5f6f3c7773abfd38df93ab3ce84
03,ABM_JASSS/outputs/precision_pilot_20261002_acceptance/initial_command.json,sources/ABM_JASSS/outputs/precision_pilot_20261002_acceptance/initial_command.json,独立精度规划及验收；保留 3 项预算风险和 61 项方差不稳定标记,complete_small_package,609,36c1101f79b5e9d736c62c82506653ac881090af8259cf2181727b8d6051f37a
03,ABM_JASSS/outputs/precision_pilot_20261002_acceptance/tests.log,sources/ABM_JASSS/outputs/precision_pilot_20261002_acceptance/tests.log,独立精度规划及验收；保留 3 项预算风险和 61 项方差不稳定标记,complete_small_package,36253,25a0d5ae01030485048d0141d92b9dd93ddea0a6cb2b77201bcdd2f9a41f1cf9
03,ABM_JASSS/outputs/precision_pilot_20261002_acceptance/tests_command.json,sources/ABM_JASSS/outputs/precision_pilot_20261002_acceptance/tests_command.json,独立精度规划及验收；保留 3 项预算风险和 61 项方差不稳定标记,complete_small_package,424,77459e3b020d38e3c7828fb7ae779f5461e53283c2c9ea62c21c1aa9e19307f3
03,ABM_JASSS/outputs/precision_pilot_20261002_acceptance/validate_expansion.json,sources/ABM_JASSS/outputs/precision_pilot_20261002_acceptance/validate_expansion.json,独立精度规划及验收；保留 3 项预算风险和 61 项方差不稳定标记,complete_small_package,930,bdbcbec1eea259dcb0cf2da3a93d45bc77a86dc4acbf0dbd4d4ffed55770a3c7
03,ABM_JASSS/outputs/precision_pilot_20261002_acceptance/validate_expansion.log,sources/ABM_JASSS/outputs/precision_pilot_20261002_acceptance/validate_expansion.log,独立精度规划及验收；保留 3 项预算风险和 61 项方差不稳定标记,complete_small_package,889,43017fa333d3f8cd688a0b2e2918247d2c220db8da9d6a6a59a86ee52199c7dc
03,ABM_JASSS/outputs/precision_pilot_20261002_acceptance/validate_expansion_command.json,sources/ABM_JASSS/outputs/precision_pilot_20261002_acceptance/validate_expansion_command.json,独立精度规划及验收；保留 3 项预算风险和 61 项方差不稳定标记,complete_small_package,522,401edc465e96e4a75e49baef5b80ae3530d1f48bc1118ba69cd058aaa70d976a
03,ABM_JASSS/outputs/precision_pilot_20261002_acceptance/validate_initial.json,sources/ABM_JASSS/outputs/precision_pilot_20261002_acceptance/validate_initial.json,独立精度规划及验收；保留 3 项预算风险和 61 项方差不稳定标记,complete_small_package,926,d2fe168aa7859cc763e056360f458c1d0c91efb78af917ece4b99ae6f8805db4
03,ABM_JASSS/outputs/precision_pilot_20261002_acceptance/validate_initial.log,sources/ABM_JASSS/outputs/precision_pilot_20261002_acceptance/validate_initial.log,独立精度规划及验收；保留 3 项预算风险和 61 项方差不稳定标记,complete_small_package,885,5e8ea2824607b16943c45373de0838dd569f392e2214a4d7d976df873e7c2e04
03,ABM_JASSS/outputs/precision_pilot_20261002_acceptance/validate_initial_command.json,sources/ABM_JASSS/outputs/precision_pilot_20261002_acceptance/validate_initial_command.json,独立精度规划及验收；保留 3 项预算风险和 61 项方差不稳定标记,complete_small_package,517,7450a405354524aca0ebcbe159e27d3fdf55be110d492c80f702ca36e624e2a8
03,ABM_JASSS/outputs/precision_pilot_20261002_planning/analysis_manifest.json,sources/ABM_JASSS/outputs/precision_pilot_20261002_planning/analysis_manifest.json,独立精度规划及验收；保留 3 项预算风险和 61 项方差不稳定标记,complete_small_package,8478,d79026935ada713e46618cc2f96d88baf1575928be028ee71135da4557108b4a
03,ABM_JASSS/outputs/precision_pilot_20261002_planning/artifact_hashes.json,sources/ABM_JASSS/outputs/precision_pilot_20261002_planning/artifact_hashes.json,独立精度规划及验收；保留 3 项预算风险和 61 项方差不稳定标记,complete_small_package,443,747f4f36d4dec26c3a96bb78478e639ab3156474ea355a1f563a4dabaee20fff
03,ABM_JASSS/outputs/precision_pilot_20261002_planning/planning.csv,sources/ABM_JASSS/outputs/precision_pilot_20261002_planning/planning.csv,独立精度规划及验收；保留 3 项预算风险和 61 项方差不稳定标记,complete_small_package,21090,c9f042db80d3caef43c21069a4834c5917815367bd2307c5434faef512eef486
03,ABM_JASSS/outputs/precision_pilot_20261002_planning/planning.json,sources/ABM_JASSS/outputs/precision_pilot_20261002_planning/planning.json,独立精度规划及验收；保留 3 项预算风险和 61 项方差不稳定标记,complete_small_package,412838,61d236c1813735df081ac4547733efe27c038348747e6249e88a26b52d2594bf
03,ABM_JASSS/outputs/precision_pilot_20261002_planning/report.md,sources/ABM_JASSS/outputs/precision_pilot_20261002_planning/report.md,独立精度规划及验收；保留 3 项预算风险和 61 项方差不稳定标记,complete_small_package,2921,fecb567b680553c84f55e09ffc813fdcc9d76f859a14c01d7db7e6778a082804
03,ABM_JASSS/outputs/precision_pilot_20261002_planning/stability.json,sources/ABM_JASSS/outputs/precision_pilot_20261002_planning/stability.json,独立精度规划及验收；保留 3 项预算风险和 61 项方差不稳定标记,complete_small_package,54382,a53256ff40d8821d697281d4f694829616e488ae3e9ee900204768da80264112
03,ABM_JASSS/precision_pilot_protocol_20260930.md,sources/ABM_JASSS/precision_pilot_protocol_20260930.md,独立 pilot 运行前协议、固定预算和实测验收,report,6279,168c244cfb6d4c1d81819621fc153b583c0adcaa8fc92deef4971e816aff03c6
03,ABM_JASSS/precision_pilot_validation_20261002.md,sources/ABM_JASSS/precision_pilot_validation_20261002.md,独立 pilot 运行前协议、固定预算和实测验收,report,7791,9768df24052931c3e7097c03e296a879606d107c474a64c9739211f2d04114a8
04,ABM_JASSS/formal_execution_protocol_20261003.md,sources/ABM_JASSS/formal_execution_protocol_20261003.md,正式固定样本、种子、估计对象、102 项检验和冻结时状态,report,9999,439bf0d6beec7f7812e8a4b27c2938ea00ed8702ff8dda7a73e2d67d65facbdc
04,ABM_JASSS/formal_freeze_validation_20261003.md,sources/ABM_JASSS/formal_freeze_validation_20261003.md,正式固定样本、种子、估计对象、102 项检验和冻结时状态,report,5249,25849ba4389433578981f1659be98f1e2c88699fa582906174280dae5cfbb5b8
04,ABM_JASSS/outputs/formal_freeze_acceptance_20261003/acceptance.json,sources/ABM_JASSS/outputs/formal_freeze_acceptance_20261003/acceptance.json,原正式冻结验收与测试证据,complete_small_package,492,fdef946eea14c0b0ed81c92554bc0e18dcc78c555c659a1615ca54cf6b48793b
04,ABM_JASSS/outputs/formal_freeze_acceptance_20261003/evidence_hashes.json,sources/ABM_JASSS/outputs/formal_freeze_acceptance_20261003/evidence_hashes.json,原正式冻结验收与测试证据,complete_small_package,429,aab41fc5acacff33157c9b23593927a8ef64ad107d39dc1b156d1178fb74dce9
04,ABM_JASSS/outputs/formal_freeze_acceptance_20261003/execution_plan.json,sources/ABM_JASSS/outputs/formal_freeze_acceptance_20261003/execution_plan.json,原正式冻结验收与测试证据,complete_small_package,443,53015c3c613500f6763d4c6cc8bdb7971466c50c9eec8ac3d484041c0fe383f9
04,ABM_JASSS/outputs/formal_freeze_acceptance_20261003/registry_validation.json,sources/ABM_JASSS/outputs/formal_freeze_acceptance_20261003/registry_validation.json,原正式冻结验收与测试证据,complete_small_package,15933,a83aa8f3ffa2a6745107359b627d8a90a8f60d13f7c33794b683d52d438cb861
04,ABM_JASSS/outputs/formal_freeze_acceptance_20261003/tests.json,sources/ABM_JASSS/outputs/formal_freeze_acceptance_20261003/tests.json,原正式冻结验收与测试证据,complete_small_package,6813,e227fb94bcb7733118c4f68ffb157b8103840650ea2f6d5562bd79386ca93624
04,ABM_JASSS/outputs/formal_freeze_acceptance_20261003/tests.log,sources/ABM_JASSS/outputs/formal_freeze_acceptance_20261003/tests.log,原正式冻结验收与测试证据,complete_small_package,43333,c32894e80ca4e40745bcf94080e985a4fe6a0c77374bfc64f519bcee224a0632
04,ABM_JASSS/outputs/formal_registry_20261003/artifact_hashes.json,sources/ABM_JASSS/outputs/formal_registry_20261003/artifact_hashes.json,冻结溯源关键文件；此归档仅保存选集，未包含完整冻结包,partial_registry_copy,15011,7bf40a0cba49b5709fbbd8ad450f978ea8493949e72a0f0d9bd691555314b9a9
04,ABM_JASSS/outputs/formal_registry_20261003/configuration.json,sources/ABM_JASSS/outputs/formal_registry_20261003/configuration.json,冻结溯源关键文件；此归档仅保存选集，未包含完整冻结包,partial_registry_copy,10132,7ac6ebbea98bd4e140219b7213f1a64bbf81b6c0772703da115eca3660a3559a
04,ABM_JASSS/outputs/formal_registry_20261003/inference_spec.json,sources/ABM_JASSS/outputs/formal_registry_20261003/inference_spec.json,冻结溯源关键文件；此归档仅保存选集，未包含完整冻结包,partial_registry_copy,8531,ef8f7bdf890bb20dc5cc9471e732ca321946da033db53352e113ce0668028ade
04,ABM_JASSS/outputs/formal_registry_20261003/manifest.json,sources/ABM_JASSS/outputs/formal_registry_20261003/manifest.json,冻结溯源关键文件；此归档仅保存选集，未包含完整冻结包,partial_registry_copy,15411,707b7d97cf8c3b0ada81caa246610fc6346b9fc4c224897b00171cf19931a3d8
04,ABM_JASSS/outputs/formal_registry_20261003/seed_audit.json,sources/ABM_JASSS/outputs/formal_registry_20261003/seed_audit.json,冻结溯源关键文件；此归档仅保存选集，未包含完整冻结包,partial_registry_copy,302178,73b24bd92cee8e3a1d456e7da53aa2477cff5c14627e66bb46ac6c09a75e157f
04,ABM_JASSS/outputs/formal_registry_20261003/seed_registry.json,sources/ABM_JASSS/outputs/formal_registry_20261003/seed_registry.json,冻结溯源关键文件；此归档仅保存选集，未包含完整冻结包,partial_registry_copy,13376,db433e957dd68fd1e8954b24de6e80e0f183066ab236633b99d2e2689386ed31
04,ABM_JASSS/outputs/formal_registry_repair_v2_20261003/artifact_hashes.json,sources/ABM_JASSS/outputs/formal_registry_repair_v2_20261003/artifact_hashes.json,冻结溯源关键文件；此归档仅保存选集，未包含完整冻结包,partial_registry_copy,34281,97602f482fd02f307c651415fefdfcb7508267d34215d20046733f97c0270f30
04,ABM_JASSS/outputs/formal_registry_repair_v2_20261003/configuration.json,sources/ABM_JASSS/outputs/formal_registry_repair_v2_20261003/configuration.json,冻结溯源关键文件；此归档仅保存选集，未包含完整冻结包,partial_registry_copy,10132,7ac6ebbea98bd4e140219b7213f1a64bbf81b6c0772703da115eca3660a3559a
04,ABM_JASSS/outputs/formal_registry_repair_v2_20261003/inference_spec.json,sources/ABM_JASSS/outputs/formal_registry_repair_v2_20261003/inference_spec.json,冻结溯源关键文件；此归档仅保存选集，未包含完整冻结包,partial_registry_copy,8531,ef8f7bdf890bb20dc5cc9471e732ca321946da033db53352e113ce0668028ade
04,ABM_JASSS/outputs/formal_registry_repair_v2_20261003/manifest.json,sources/ABM_JASSS/outputs/formal_registry_repair_v2_20261003/manifest.json,冻结溯源关键文件；此归档仅保存选集，未包含完整冻结包,partial_registry_copy,17553,f80eb9f1756f49de37655bd53f4d687276b3ebdb55dcfeff27f81cbac1e56230
04,ABM_JASSS/outputs/formal_registry_repair_v2_20261003/seed_audit.json,sources/ABM_JASSS/outputs/formal_registry_repair_v2_20261003/seed_audit.json,冻结溯源关键文件；此归档仅保存选集，未包含完整冻结包,partial_registry_copy,302178,73b24bd92cee8e3a1d456e7da53aa2477cff5c14627e66bb46ac6c09a75e157f
04,ABM_JASSS/outputs/formal_registry_repair_v2_20261003/seed_registry.json,sources/ABM_JASSS/outputs/formal_registry_repair_v2_20261003/seed_registry.json,冻结溯源关键文件；此归档仅保存选集，未包含完整冻结包,partial_registry_copy,13376,db433e957dd68fd1e8954b24de6e80e0f183066ab236633b99d2e2689386ed31
05,ABM_JASSS/formal_execution_incident_20261003.md,sources/ABM_JASSS/formal_execution_incident_20261003.md,保留原失败事实、1 ULP 数值修复边界、中断及恢复过程,report,9621,67e6f87b728114f7ec7ea203475a1b195aa5469d56b465be2c5bf5c70425a802
05,ABM_JASSS/formal_numeric_repair_protocol_20261003.md,sources/ABM_JASSS/formal_numeric_repair_protocol_20261003.md,保留原失败事实、1 ULP 数值修复边界、中断及恢复过程,report,4691,3ad32c5e2f7de3399979a70951eb2658db3af999d6cfed39d0a08cec7d604029
05,ABM_JASSS/formal_numeric_repair_resume_protocol_20261003.md,sources/ABM_JASSS/formal_numeric_repair_resume_protocol_20261003.md,保留原失败事实、1 ULP 数值修复边界、中断及恢复过程,report,6988,2c0ad241237d0f9605d63015246c5570c9a6f1f7502b0be188e8d001a70c6f45
05,ABM_JASSS/outputs/formal_e2_e4_20261003/failures.json,sources/ABM_JASSS/outputs/formal_e2_e4_20261003/failures.json,原始批次失败状态和失败名册；未改写为成功,partial_batch_copy,2779,cdd187054eab5caaf9cd1f3022163cfc280f0d9bcf79386c9587fb5d4bc1bace
05,ABM_JASSS/outputs/formal_e2_e4_20261003/manifest.json,sources/ABM_JASSS/outputs/formal_e2_e4_20261003/manifest.json,原始批次失败状态和失败名册；未改写为成功,partial_batch_copy,10782,b168182289db3a112d04a93f36c9ce161f525fa4a62056ad2f1bf2e4223677f6
05,ABM_JASSS/outputs/formal_registry_repair_v2_20261003/numeric_repair_policy.json,sources/ABM_JASSS/outputs/formal_registry_repair_v2_20261003/numeric_repair_policy.json,修复 v2 数值边界政策与修复上下文,partial_registry_copy,842,ff2a5092c01fb19e3865305c522f6f2b2216ce42cf885c3f3ac928291c0936ee
05,ABM_JASSS/outputs/formal_registry_repair_v2_20261003/repair_context.json,sources/ABM_JASSS/outputs/formal_registry_repair_v2_20261003/repair_context.json,修复 v2 数值边界政策与修复上下文,partial_registry_copy,2355,407f446bbc39ca5bd3f78c4d91eac95e5a81dd473d73f0f899f9ed2763386b9e
05,ABM_JASSS/outputs/formal_repair_interruption_20261003/observation.json,sources/ABM_JASSS/outputs/formal_repair_interruption_20261003/observation.json,保留恢复中断的独立观察记录,evidence,19576,248b86f3e8cec5daf3acbe481569d6a05e1c2013de1d13162756b4791cc45cb1
05,ABM_JASSS/outputs/formal_repair_v2_freeze_acceptance_20261003/acceptance.json,sources/ABM_JASSS/outputs/formal_repair_v2_freeze_acceptance_20261003/acceptance.json,修复 v2 冻结前 279 项测试与登记检查的完整证据包,complete_small_package,533,d4eb6d408a9b88b80f566448b09b0950330afe869c61da30478e39e19079080a
05,ABM_JASSS/outputs/formal_repair_v2_freeze_acceptance_20261003/evidence_hashes.json,sources/ABM_JASSS/outputs/formal_repair_v2_freeze_acceptance_20261003/evidence_hashes.json,修复 v2 冻结前 279 项测试与登记检查的完整证据包,complete_small_package,429,c4d888ff2fcf2eca526d89315933a3343e05b9681de519c3728a2186b74ca9d5
05,ABM_JASSS/outputs/formal_repair_v2_freeze_acceptance_20261003/execution_plan.json,sources/ABM_JASSS/outputs/formal_repair_v2_freeze_acceptance_20261003/execution_plan.json,修复 v2 冻结前 279 项测试与登记检查的完整证据包,complete_small_package,443,eb7e8ada14f806ad5b850950e5eff02fb585a1aebdaa338436abb6c5d5b88198
05,ABM_JASSS/outputs/formal_repair_v2_freeze_acceptance_20261003/registry_validation.json,sources/ABM_JASSS/outputs/formal_repair_v2_freeze_acceptance_20261003/registry_validation.json,修复 v2 冻结前 279 项测试与登记检查的完整证据包,complete_small_package,18116,436ad9123b6b9b9995f2a923f8c2eaa1742bdf4e0d2d3a61e528cefbb457ea46
05,ABM_JASSS/outputs/formal_repair_v2_freeze_acceptance_20261003/tests.json,sources/ABM_JASSS/outputs/formal_repair_v2_freeze_acceptance_20261003/tests.json,修复 v2 冻结前 279 项测试与登记检查的完整证据包,complete_small_package,7336,d98300186df6f1fa0f42643aa3d2165efcbd77e13687ceda179137d5cccc7953
05,ABM_JASSS/outputs/formal_repair_v2_freeze_acceptance_20261003/tests.log,sources/ABM_JASSS/outputs/formal_repair_v2_freeze_acceptance_20261003/tests.log,修复 v2 冻结前 279 项测试与登记检查的完整证据包,complete_small_package,48203,76387fbb6da2c8c7c8f1767e8af8bbfbed315086071ca8c78ceb2a08f8046a07
05,ABM_JASSS/outputs/formal_repair_v2_interruption_20261004/observation.json,sources/ABM_JASSS/outputs/formal_repair_v2_interruption_20261004/observation.json,保留恢复中断的独立观察记录,evidence,2098,2b1e1f8df04328243f7a9aa0e9ec867095999e4c3092c203078781cb307f8862
06,ABM_JASSS/formal_execution_acceptance_20261004.md,sources/ABM_JASSS/formal_execution_acceptance_20261004.md,当前 E2–E4 正式批次完成、统计输出、来源与独立复核的总验收,report,8599,6a7b2046868a6773e28a0c2c5236c9f36b1f3bd0951ca424ada0455eb3f25717
06,ABM_JASSS/outputs/formal_e2_e4_repaired_v2_20261004/configuration.json,sources/ABM_JASSS/outputs/formal_e2_e4_repaired_v2_20261004/configuration.json,成功批次标识、配置、零失败和恢复来源；不包含完整原始数据,partial_batch_copy,10132,7ac6ebbea98bd4e140219b7213f1a64bbf81b6c0772703da115eca3660a3559a
06,ABM_JASSS/outputs/formal_e2_e4_repaired_v2_20261004/failures.json,sources/ABM_JASSS/outputs/formal_e2_e4_repaired_v2_20261004/failures.json,成功批次标识、配置、零失败和恢复来源；不包含完整原始数据,partial_batch_copy,3,37517e5f3dc66819f61f5a7bb8ace1921282415f10551d2defa5c3eb0985b570
06,ABM_JASSS/outputs/formal_e2_e4_repaired_v2_20261004/manifest.json,sources/ABM_JASSS/outputs/formal_e2_e4_repaired_v2_20261004/manifest.json,成功批次标识、配置、零失败和恢复来源；不包含完整原始数据,partial_batch_copy,11402,0542945f9c14b832408421c3da9617edae50248e983d5e6895bcf8dbc254cbb5
06,ABM_JASSS/outputs/formal_e2_e4_repaired_v2_20261004/recovery_provenance.json,sources/ABM_JASSS/outputs/formal_e2_e4_repaired_v2_20261004/recovery_provenance.json,成功批次标识、配置、零失败和恢复来源；不包含完整原始数据,partial_batch_copy,99118,55af2d516f385a1ed78d410e3f0b604bda160a572b7251240d69440d9a264074
06,ABM_JASSS/outputs/formal_e2_e4_repaired_v2_20261004_analysis/analysis_manifest.json,sources/ABM_JASSS/outputs/formal_e2_e4_repaired_v2_20261004_analysis/analysis_manifest.json,已通过正式分析、完整表图、全流程验收或独立复核的小型完整包,complete_small_package,803,bb57202fe9cc0575911b19fde5a26df375ac57ece59385bc81c1a080fe7dac51
06,ABM_JASSS/outputs/formal_e2_e4_repaired_v2_20261004_analysis/artifact_hashes.json,sources/ABM_JASSS/outputs/formal_e2_e4_repaired_v2_20261004_analysis/artifact_hashes.json,已通过正式分析、完整表图、全流程验收或独立复核的小型完整包,complete_small_package,421,03200e6ea5afd7f6525a74f9cd688ee0710371eac79d5cb8e38c50bb6a75bbe7
06,ABM_JASSS/outputs/formal_e2_e4_repaired_v2_20261004_analysis/auxiliary.csv,sources/ABM_JASSS/outputs/formal_e2_e4_repaired_v2_20261004_analysis/auxiliary.csv,已通过正式分析、完整表图、全流程验收或独立复核的小型完整包,complete_small_package,53514,faa3e28c31214293f88f77b39806009bfb8c92ad1a8a368aa3d0455ba92bf0ed
06,ABM_JASSS/outputs/formal_e2_e4_repaired_v2_20261004_analysis/inference.json,sources/ABM_JASSS/outputs/formal_e2_e4_repaired_v2_20261004_analysis/inference.json,已通过正式分析、完整表图、全流程验收或独立复核的小型完整包,complete_small_package,1790949,19e18f2cd266abcfd811f2d59f2d8e493f0c3925b951cd7a3168a9eef08c4206
06,ABM_JASSS/outputs/formal_e2_e4_repaired_v2_20261004_analysis/primary.csv,sources/ABM_JASSS/outputs/formal_e2_e4_repaired_v2_20261004_analysis/primary.csv,已通过正式分析、完整表图、全流程验收或独立复核的小型完整包,complete_small_package,25924,140a389e05bc8c1c9ecfd6587e7808a1908b9dd6a618857109e317aea876e3e5
06,ABM_JASSS/outputs/formal_e2_e4_repaired_v2_20261004_analysis/report.md,sources/ABM_JASSS/outputs/formal_e2_e4_repaired_v2_20261004_analysis/report.md,已通过正式分析、完整表图、全流程验收或独立复核的小型完整包,complete_small_package,1077,9f2c40b82635241793bde08cba13d1c3c30e608346fb3d7877f4282e009406aa
06,ABM_JASSS/outputs/formal_e2_e4_repaired_v2_20261004_report/artifact_hashes.json,sources/ABM_JASSS/outputs/formal_e2_e4_repaired_v2_20261004_report/artifact_hashes.json,已通过正式分析、完整表图、全流程验收或独立复核的小型完整包,complete_small_package,2340,c81f7c2e0c20a18305acd2c5920b3fa6a496f96c7929b4bd77407f4177583bd5
06,ABM_JASSS/outputs/formal_e2_e4_repaired_v2_20261004_report/auxiliary_zh.csv,sources/ABM_JASSS/outputs/formal_e2_e4_repaired_v2_20261004_report/auxiliary_zh.csv,已通过正式分析、完整表图、全流程验收或独立复核的小型完整包,complete_small_package,57811,9d19a4b7937919f49dce62218b0398e873589cca7cd051c5f4123c1fe3e2b8e0
06,ABM_JASSS/outputs/formal_e2_e4_repaired_v2_20261004_report/forest_alpha_0_25_primary_1.pdf,sources/ABM_JASSS/outputs/formal_e2_e4_repaired_v2_20261004_report/forest_alpha_0_25_primary_1.pdf,已通过正式分析、完整表图、全流程验收或独立复核的小型完整包,complete_small_package,89485,dbf82feea3e501284504b5e90d375e7d44b258c6a163f2160f49487636897867
06,ABM_JASSS/outputs/formal_e2_e4_repaired_v2_20261004_report/forest_alpha_0_25_primary_1.png,sources/ABM_JASSS/outputs/formal_e2_e4_repaired_v2_20261004_report/forest_alpha_0_25_primary_1.png,已通过正式分析、完整表图、全流程验收或独立复核的小型完整包,complete_small_package,391047,9b2cb8acd9021bade7cc2c702e9e7481d659cd14f9460e3b959d1fd6b177a304
06,ABM_JASSS/outputs/formal_e2_e4_repaired_v2_20261004_report/forest_alpha_0_25_primary_1.svg,sources/ABM_JASSS/outputs/formal_e2_e4_repaired_v2_20261004_report/forest_alpha_0_25_primary_1.svg,已通过正式分析、完整表图、全流程验收或独立复核的小型完整包,complete_small_package,279109,a7ab958396675b8cfd83bfec1baf25404a24ac21ff078f3cc03a4991c85706d2
06,ABM_JASSS/outputs/formal_e2_e4_repaired_v2_20261004_report/forest_alpha_0_25_primary_2.pdf,sources/ABM_JASSS/outputs/formal_e2_e4_repaired_v2_20261004_report/forest_alpha_0_25_primary_2.pdf,已通过正式分析、完整表图、全流程验收或独立复核的小型完整包,complete_small_package,89953,311623fdc3589be708f1a114830117b990e1486afbb474a90b7e75f2ddf8fb45
06,ABM_JASSS/outputs/formal_e2_e4_repaired_v2_20261004_report/forest_alpha_0_25_primary_2.png,sources/ABM_JASSS/outputs/formal_e2_e4_repaired_v2_20261004_report/forest_alpha_0_25_primary_2.png,已通过正式分析、完整表图、全流程验收或独立复核的小型完整包,complete_small_package,382260,5592e3eaea1e00aced9cb3c762a4ac548299eb3f0d71cf232c1f1fa08d7c588e
06,ABM_JASSS/outputs/formal_e2_e4_repaired_v2_20261004_report/forest_alpha_0_25_primary_2.svg,sources/ABM_JASSS/outputs/formal_e2_e4_repaired_v2_20261004_report/forest_alpha_0_25_primary_2.svg,已通过正式分析、完整表图、全流程验收或独立复核的小型完整包,complete_small_package,272801,d17666828795930cea9013c12585bdb7ef88c47a8d4becb9c11bf81fec873faf
06,ABM_JASSS/outputs/formal_e2_e4_repaired_v2_20261004_report/forest_alpha_0_25_primary_3.pdf,sources/ABM_JASSS/outputs/formal_e2_e4_repaired_v2_20261004_report/forest_alpha_0_25_primary_3.pdf,已通过正式分析、完整表图、全流程验收或独立复核的小型完整包,complete_small_package,89870,0eb913bedaf840c2b5670afda42c3963cf317845ca21d9ee8e13f5e06b9fcb6a
06,ABM_JASSS/outputs/formal_e2_e4_repaired_v2_20261004_report/forest_alpha_0_25_primary_3.png,sources/ABM_JASSS/outputs/formal_e2_e4_repaired_v2_20261004_report/forest_alpha_0_25_primary_3.png,已通过正式分析、完整表图、全流程验收或独立复核的小型完整包,complete_small_package,392020,5967431e207a6200bb829084c4a970108a57f7d1b7b8545f9f314c795d6ba4a6
06,ABM_JASSS/outputs/formal_e2_e4_repaired_v2_20261004_report/forest_alpha_0_25_primary_3.svg,sources/ABM_JASSS/outputs/formal_e2_e4_repaired_v2_20261004_report/forest_alpha_0_25_primary_3.svg,已通过正式分析、完整表图、全流程验收或独立复核的小型完整包,complete_small_package,282166,e10166091d2b98577ae2367a57fdc16dec8089e2a25784d7568d1cad06d65d53
06,ABM_JASSS/outputs/formal_e2_e4_repaired_v2_20261004_report/forest_alpha_0_75_primary_1.pdf,sources/ABM_JASSS/outputs/formal_e2_e4_repaired_v2_20261004_report/forest_alpha_0_75_primary_1.pdf,已通过正式分析、完整表图、全流程验收或独立复核的小型完整包,complete_small_package,89589,ecde289c77ba5837e9d0f0aa4db33685adc83648e02499a96b3ff685e37ab329
06,ABM_JASSS/outputs/formal_e2_e4_repaired_v2_20261004_report/forest_alpha_0_75_primary_1.png,sources/ABM_JASSS/outputs/formal_e2_e4_repaired_v2_20261004_report/forest_alpha_0_75_primary_1.png,已通过正式分析、完整表图、全流程验收或独立复核的小型完整包,complete_small_package,386287,bd098a47b97c3ab7033ab9e8de940461a86864ab5e08a775e62fd655eea0dafa
06,ABM_JASSS/outputs/formal_e2_e4_repaired_v2_20261004_report/forest_alpha_0_75_primary_1.svg,sources/ABM_JASSS/outputs/formal_e2_e4_repaired_v2_20261004_report/forest_alpha_0_75_primary_1.svg,已通过正式分析、完整表图、全流程验收或独立复核的小型完整包,complete_small_package,279467,13c8172a22032f521f1be9f43391a404e8c09aad7709111da461f0ba30e2781d
06,ABM_JASSS/outputs/formal_e2_e4_repaired_v2_20261004_report/forest_alpha_0_75_primary_2.pdf,sources/ABM_JASSS/outputs/formal_e2_e4_repaired_v2_20261004_report/forest_alpha_0_75_primary_2.pdf,已通过正式分析、完整表图、全流程验收或独立复核的小型完整包,complete_small_package,89990,3b3efa455228ddbc8441c93dfe013546db00bed87e913aab7181a1126948fb0c
06,ABM_JASSS/outputs/formal_e2_e4_repaired_v2_20261004_report/forest_alpha_0_75_primary_2.png,sources/ABM_JASSS/outputs/formal_e2_e4_repaired_v2_20261004_report/forest_alpha_0_75_primary_2.png,已通过正式分析、完整表图、全流程验收或独立复核的小型完整包,complete_small_package,382565,c5ed625f65ca49dc28e21bf15582c46a008f03c4c5f001af5fcc4ecc18924f6b
06,ABM_JASSS/outputs/formal_e2_e4_repaired_v2_20261004_report/forest_alpha_0_75_primary_2.svg,sources/ABM_JASSS/outputs/formal_e2_e4_repaired_v2_20261004_report/forest_alpha_0_75_primary_2.svg,已通过正式分析、完整表图、全流程验收或独立复核的小型完整包,complete_small_package,277443,3c75b9101b72a1e67202166689d5631610350950495a20b4c105912133031810
06,ABM_JASSS/outputs/formal_e2_e4_repaired_v2_20261004_report/forest_alpha_0_75_primary_3.pdf,sources/ABM_JASSS/outputs/formal_e2_e4_repaired_v2_20261004_report/forest_alpha_0_75_primary_3.pdf,已通过正式分析、完整表图、全流程验收或独立复核的小型完整包,complete_small_package,89877,aa9223c8d6a4c8c5dbd5eaacbac4101edbbce29c18120093c91b69ea132407ee
06,ABM_JASSS/outputs/formal_e2_e4_repaired_v2_20261004_report/forest_alpha_0_75_primary_3.png,sources/ABM_JASSS/outputs/formal_e2_e4_repaired_v2_20261004_report/forest_alpha_0_75_primary_3.png,已通过正式分析、完整表图、全流程验收或独立复核的小型完整包,complete_small_package,382930,ef029803d3e09d7e291d8345ee8019299035ae1ae1a54554036de1d136cdb863
06,ABM_JASSS/outputs/formal_e2_e4_repaired_v2_20261004_report/forest_alpha_0_75_primary_3.svg,sources/ABM_JASSS/outputs/formal_e2_e4_repaired_v2_20261004_report/forest_alpha_0_75_primary_3.svg,已通过正式分析、完整表图、全流程验收或独立复核的小型完整包,complete_small_package,279685,64348a9d5b4cf67095629497adb5af1cc18afa4c0b02d3ed17fdf04864ef07cf
06,ABM_JASSS/outputs/formal_e2_e4_repaired_v2_20261004_report/primary_zh.csv,sources/ABM_JASSS/outputs/formal_e2_e4_repaired_v2_20261004_report/primary_zh.csv,已通过正式分析、完整表图、全流程验收或独立复核的小型完整包,complete_small_package,30345,7c676e3c142a22871425572c20fd5572e4ac0960fe8f6ab6c6ed498abee0642a
06,ABM_JASSS/outputs/formal_e2_e4_repaired_v2_20261004_report/report_zh.md,sources/ABM_JASSS/outputs/formal_e2_e4_repaired_v2_20261004_report/report_zh.md,已通过正式分析、完整表图、全流程验收或独立复核的小型完整包,complete_small_package,14768,7146c91e73240a4089c9ded5b00854939275ebae1b7a065f0fc9422d8308029d
06,ABM_JASSS/outputs/formal_e2_e4_repaired_v2_20261004_report/reporting_manifest.json,sources/ABM_JASSS/outputs/formal_e2_e4_repaired_v2_20261004_report/reporting_manifest.json,已通过正式分析、完整表图、全流程验收或独立复核的小型完整包,complete_small_package,2858,96f47dee3b83103aac98a3050c57668363683287c568207703a2cf77d2bfd4ef
06,ABM_JASSS/outputs/formal_e2_e4_repaired_v2_20261004_report/summary.json,sources/ABM_JASSS/outputs/formal_e2_e4_repaired_v2_20261004_report/summary.json,已通过正式分析、完整表图、全流程验收或独立复核的小型完整包,complete_small_package,105809,87148486070c02a66b63f9eabd39cdeb5aa3204ab387779b5db4fedc14557d3f
06,ABM_JASSS/outputs/formal_release_review_20261004/manuscript_review.json,sources/ABM_JASSS/outputs/formal_release_review_20261004/manuscript_review.json,已通过正式分析、完整表图、全流程验收或独立复核的小型完整包,complete_small_package,3148,6ad499d54a88ca022f7296b5bbd9705234a53e3382347d54ea1d501119058fe0
06,ABM_JASSS/outputs/formal_release_review_20261004/verification.json,sources/ABM_JASSS/outputs/formal_release_review_20261004/verification.json,已通过正式分析、完整表图、全流程验收或独立复核的小型完整包,complete_small_package,22614,b84e7b36b459f49ff1336871f5e482bb7c94e9b6f301236a318d6769cae41fac
06,ABM_JASSS/outputs/formal_repair_v2_retry_execution_20261004/acceptance.json,sources/ABM_JASSS/outputs/formal_repair_v2_retry_execution_20261004/acceptance.json,已通过正式分析、完整表图、全流程验收或独立复核的小型完整包,complete_small_package,4860,df001aecb81db4790fa087e5431a151f453a711f215c1f793645fc62d221d22e
06,ABM_JASSS/outputs/formal_repair_v2_retry_execution_20261004/analysis.json,sources/ABM_JASSS/outputs/formal_repair_v2_retry_execution_20261004/analysis.json,已通过正式分析、完整表图、全流程验收或独立复核的小型完整包,complete_small_package,860,1f84bdde4faf003875ae1bb6e960f885d266a286f04df16cc2c5d6c922e87491
06,ABM_JASSS/outputs/formal_repair_v2_retry_execution_20261004/analyze.log,sources/ABM_JASSS/outputs/formal_repair_v2_retry_execution_20261004/analyze.log,已通过正式分析、完整表图、全流程验收或独立复核的小型完整包,complete_small_package,831,131ac54001ab3a6b6c31fa8698f0a22fb5bcfc08d874edc3447af9ea6c88abd9
06,ABM_JASSS/outputs/formal_repair_v2_retry_execution_20261004/analyze_result.json,sources/ABM_JASSS/outputs/formal_repair_v2_retry_execution_20261004/analyze_result.json,已通过正式分析、完整表图、全流程验收或独立复核的小型完整包,complete_small_package,784,cb3ecbf28118f1865ea67a3671aeda01b9ce55ced106d36c343caef40c6c7c4e
06,ABM_JASSS/outputs/formal_repair_v2_retry_execution_20261004/analyze_started.json,sources/ABM_JASSS/outputs/formal_repair_v2_retry_execution_20261004/analyze_started.json,已通过正式分析、完整表图、全流程验收或独立复核的小型完整包,complete_small_package,688,9fbe1cfc5c09bb4dc54fb72218fc48f52f370448ad948539692b617b679cc348
06,ABM_JASSS/outputs/formal_repair_v2_retry_execution_20261004/evidence_hashes.json,sources/ABM_JASSS/outputs/formal_repair_v2_retry_execution_20261004/evidence_hashes.json,已通过正式分析、完整表图、全流程验收或独立复核的小型完整包,complete_small_package,1899,99b26140303f468efa47db719ba1fa20494320ec6b6d1d1848d1b929e425eddb
06,ABM_JASSS/outputs/formal_repair_v2_retry_execution_20261004/execute.py,sources/ABM_JASSS/outputs/formal_repair_v2_retry_execution_20261004/execute.py,已通过正式分析、完整表图、全流程验收或独立复核的小型完整包,complete_small_package,8900,11f328afd1c2e92ee2bbb8e000f789e0b0e4afbb900304732007dc800356ea97
06,ABM_JASSS/outputs/formal_repair_v2_retry_execution_20261004/frozen_plan.json,sources/ABM_JASSS/outputs/formal_repair_v2_retry_execution_20261004/frozen_plan.json,已通过正式分析、完整表图、全流程验收或独立复核的小型完整包,complete_small_package,507,3dbfa0609c745a3829725f6df1e6667f1db320d7f674a5a518debc9479654ff8
06,ABM_JASSS/outputs/formal_repair_v2_retry_execution_20261004/frozen_plan.log,sources/ABM_JASSS/outputs/formal_repair_v2_retry_execution_20261004/frozen_plan.log,已通过正式分析、完整表图、全流程验收或独立复核的小型完整包,complete_small_package,470,5de06540e8f669eb45c9c754ffd7690a18327fc663adc393dccd0ff6fb45b05f
06,ABM_JASSS/outputs/formal_repair_v2_retry_execution_20261004/frozen_plan_result.json,sources/ABM_JASSS/outputs/formal_repair_v2_retry_execution_20261004/frozen_plan_result.json,已通过正式分析、完整表图、全流程验收或独立复核的小型完整包,complete_small_package,538,f4bfc9429a71bb6f2dcffa1241fac01acff53500353ef219d49675df195de02b
06,ABM_JASSS/outputs/formal_repair_v2_retry_execution_20261004/frozen_plan_started.json,sources/ABM_JASSS/outputs/formal_repair_v2_retry_execution_20261004/frozen_plan_started.json,已通过正式分析、完整表图、全流程验收或独立复核的小型完整包,complete_small_package,442,58afec5d8701ecada19cd5e637752f11407b3bb6c9ec3482d6cd054372fa6c34
06,ABM_JASSS/outputs/formal_repair_v2_retry_execution_20261004/launch.json,sources/ABM_JASSS/outputs/formal_repair_v2_retry_execution_20261004/launch.json,已通过正式分析、完整表图、全流程验收或独立复核的小型完整包,complete_small_package,754,b9c550f97243b0143c772008750d59a1530fc0c440b352f2f2437a874e080ad2
06,ABM_JASSS/outputs/formal_repair_v2_retry_execution_20261004/recover.log,sources/ABM_JASSS/outputs/formal_repair_v2_retry_execution_20261004/recover.log,已通过正式分析、完整表图、全流程验收或独立复核的小型完整包,complete_small_package,62392,5cad658b6d420deefb4c12f9f5dbf7233b61f73bcdabaaea177fcd4fa8ab5055
06,ABM_JASSS/outputs/formal_repair_v2_retry_execution_20261004/recover_result.json,sources/ABM_JASSS/outputs/formal_repair_v2_retry_execution_20261004/recover_result.json,已通过正式分析、完整表图、全流程验收或独立复核的小型完整包,complete_small_package,735,169df733dfb30c8d7a883e53d41c47058fe885b87cb186d14a2b704503dce795
06,ABM_JASSS/outputs/formal_repair_v2_retry_execution_20261004/recover_started.json,sources/ABM_JASSS/outputs/formal_repair_v2_retry_execution_20261004/recover_started.json,已通过正式分析、完整表图、全流程验收或独立复核的小型完整包,complete_small_package,639,0137911708f083b540af471a7382fcf3a7c6c64177ee4d9e6a2ea1d688361b82
06,ABM_JASSS/outputs/formal_repair_v2_retry_execution_20261004/report.log,sources/ABM_JASSS/outputs/formal_repair_v2_retry_execution_20261004/report.log,已通过正式分析、完整表图、全流程验收或独立复核的小型完整包,complete_small_package,313,9d7552d0129ee70fdfc0d12046636d83c7b3d034fd11d4b5a4f02e2765c800a8
06,ABM_JASSS/outputs/formal_repair_v2_retry_execution_20261004/report_result.json,sources/ABM_JASSS/outputs/formal_repair_v2_retry_execution_20261004/report_result.json,已通过正式分析、完整表图、全流程验收或独立复核的小型完整包,complete_small_package,768,82f80f915e9195961a0a88fa14069af86931f9121edc17eaf31eae33f8912ed1
06,ABM_JASSS/outputs/formal_repair_v2_retry_execution_20261004/report_started.json,sources/ABM_JASSS/outputs/formal_repair_v2_retry_execution_20261004/report_started.json,已通过正式分析、完整表图、全流程验收或独立复核的小型完整包,complete_small_package,673,a92087610efa6e44601284bd442b426923d898d9f724202c11399e09f9d0089e
06,ABM_JASSS/outputs/formal_repair_v2_retry_execution_20261004/validate.log,sources/ABM_JASSS/outputs/formal_repair_v2_retry_execution_20261004/validate.log,已通过正式分析、完整表图、全流程验收或独立复核的小型完整包,complete_small_package,778,cebb26de4ac22c082982d35ebb28dd18f51c262e13be39d18520c441c41a620d
06,ABM_JASSS/outputs/formal_repair_v2_retry_execution_20261004/validate_result.json,sources/ABM_JASSS/outputs/formal_repair_v2_retry_execution_20261004/validate_result.json,已通过正式分析、完整表图、全流程验收或独立复核的小型完整包,complete_small_package,565,6b5f051f1ec6366027769a411f9fc1b9d3e77ec350fa29ff93f807d18e1022e8
06,ABM_JASSS/outputs/formal_repair_v2_retry_execution_20261004/validate_started.json,sources/ABM_JASSS/outputs/formal_repair_v2_retry_execution_20261004/validate_started.json,已通过正式分析、完整表图、全流程验收或独立复核的小型完整包,complete_small_package,469,1925e446180410644df79faf427334caa16b086d3bc9aa5d6bd7c6e8f71ec09c
06,ABM_JASSS/outputs/formal_repair_v2_retry_execution_20261004/validation.json,sources/ABM_JASSS/outputs/formal_repair_v2_retry_execution_20261004/validation.json,已通过正式分析、完整表图、全流程验收或独立复核的小型完整包,complete_small_package,817,9e5fa326f17bdc5c1b495c65a20a734ea0d281d57daaf218b5df5cd20788ae4c
06,ABM_JASSS/outputs/formal_repair_v2_task_20261004/disable_result.json,sources/ABM_JASSS/outputs/formal_repair_v2_task_20261004/disable_result.json,后台执行成功结束并自禁用的机器记录,evidence,232,b783f94c3442b5259c2710bc9427b81837d15a77566836bbdc558e50a49847ca
06,ABM_JASSS/outputs/formal_repair_v2_task_20261004/task_result.json,sources/ABM_JASSS/outputs/formal_repair_v2_task_20261004/task_result.json,后台执行成功结束并自禁用的机器记录,evidence,75,a7970b3395744147e083428a7dc519ec238b765caf2f08a60ba0528127a2f6c6
07,ABM_JASSS/empirical_motivation_protocol.md,sources/ABM_JASSS/empirical_motivation_protocol.md,论文结构、中英方法及结果工作稿、证据映射和经验动机边界,report,5471,818f542dfabbc1f6221e7eba5b54a1767c41bb1c603bd880c83e3a4ca83e3647
07,ABM_JASSS/manuscript_core_revision.md,sources/ABM_JASSS/manuscript_core_revision.md,论文结构、中英方法及结果工作稿、证据映射和经验动机边界,report,6008,4c353f6180f73c5394cac8616fd6c1e25d5370eb59469a869612c32f9cd88542
07,ABM_JASSS/manuscript_methods_formal_20261004.md,sources/ABM_JASSS/manuscript_methods_formal_20261004.md,论文结构、中英方法及结果工作稿、证据映射和经验动机边界,report,20293,cebaec852049fe84409221f47061d192c9614ccd0b0367ffa6c729deb99042a9
07,ABM_JASSS/manuscript_results_formal_20261004.md,sources/ABM_JASSS/manuscript_results_formal_20261004.md,论文结构、中英方法及结果工作稿、证据映射和经验动机边界,report,13795,e2b7056dbdf8f237f2774911e21174c157806ed1876285fcf21201a083532fbd
07,ABM_JASSS/manuscript_work_20261004/methods_en.md,sources/ABM_JASSS/manuscript_work_20261004/methods_en.md,论文结构、中英方法及结果工作稿、证据映射和经验动机边界,report,20497,cae9a80b9f9bd690efa00a8b3c7e0db48424cc90624fd9130bab8232184e6f83
07,ABM_JASSS/manuscript_work_20261004/methods_evidence_audit.md,sources/ABM_JASSS/manuscript_work_20261004/methods_evidence_audit.md,论文结构、中英方法及结果工作稿、证据映射和经验动机边界,report,23662,3439017fe749764352822769673baebc69f0b6ccbfd7c31544920d4bbd36aa62
07,ABM_JASSS/manuscript_work_20261004/results_en.md,sources/ABM_JASSS/manuscript_work_20261004/results_en.md,论文结构、中英方法及结果工作稿、证据映射和经验动机边界,report,19527,f1dddecdcb6bd276789773bd506efbdbcc90e7b436baecb6d708d41611944bb5
07,ABM_JASSS/manuscript_work_20261004/results_evidence_map.md,sources/ABM_JASSS/manuscript_work_20261004/results_evidence_map.md,论文结构、中英方法及结果工作稿、证据映射和经验动机边界,report,6237,bfad278eb1d18cda117e32dfcafad05070f4fb77b302252cf5ae2286291b8135
07,ABM_JASSS/paper_outline_jasss.md,sources/ABM_JASSS/paper_outline_jasss.md,论文结构、中英方法及结果工作稿、证据映射和经验动机边界,report,15184,135627c2efcf42613a62f1b26176074fbd0e885fdaae97199a8c77c8fbc66f8d
08,ABM_JASSS/diagnostic_report.md,sources/ABM_JASSS/diagnostic_report.md,历史开发证据；模型版本和测量定义不同，不能合并为正式样本,historical_report,3666,a1a00a80196ebf24c751f20bb9461aaa86eaecfb6db790cf6f97051ebd9f6bd6
08,ABM_JASSS/outputs/core_restoration_v040_20260926/core_pilot_report.md,sources/ABM_JASSS/outputs/core_restoration_v040_20260926/core_pilot_report.md,历史开发证据；模型版本和测量定义不同，不能合并为正式样本,historical_report,3186,b10254c05ec0c8695dbf3dcfd2642cbde8c8e4656a076bedd9899ecfbdce9eab
08,ABM_JASSS/outputs/response_alignment_v040_20260926/report.md,sources/ABM_JASSS/outputs/response_alignment_v040_20260926/report.md,历史开发证据；模型版本和测量定义不同，不能合并为正式样本,historical_report,2436,7335f1ad42dd5faae970b61f06e1f4deac3554b291cdf0113b3e11258027e09f
