step,attention_error,preference_change,uniform_prior_error,interactions,pool_size,official_exposure_share,official_arrivals,observation_updated,last_observed_at,truth_0,attention_0,truth_1,attention_1,truth_2,attention_2,truth_3,attention_3,error_platform,initial_error_platform,top_accuracy_platform,estimate_platform_0,estimate_platform_1,estimate_platform_2,estimate_platform_3,error_survey,initial_error_survey,top_accuracy_survey,estimate_survey_0,estimate_survey_1,estimate_survey_2,estimate_survey_3,error_fused,initial_error_fused,top_accuracy_fused,estimate_fused_0,estimate_fused_1,estimate_fused_2,estimate_fused_3,error_oracle,initial_error_oracle,top_accuracy_oracle,estimate_oracle_0,estimate_oracle_1,estimate_oracle_2,estimate_oracle_3
0,0.12270535971220876,0.0,0.10051711029967061,29,28,0.0,0,1,0,0.19718824941253815,0.17,0.3505171102996706,0.255,0.22347147245693133,0.24,0.22882316783085987,0.335,0.15051711029967063,0.15051711029967063,0.0,0.225,0.2,0.25,0.325,0.1795386046939837,0.1795386046939837,1.0,0.26228770905733717,0.4649562553488553,0.1293254047460485,0.14343063084775906,0.05184775270915007,0.05184775270915007,1.0,0.2436438545286686,0.33247812767442764,0.18966270237302424,0.23421531542387952,0.0,0.0,1.0,0.19718824941253815,0.3505171102996706,0.22347147245693133,0.22882316783085987
1,0.3061768321691401,0.0,0.10051711029967061,33,22,0.0,0,0,0,0.19718824941253815,0.065,0.3505171102996706,0.23,0.22347147245693133,0.17,0.22882316783085987,0.535,0.15051711029967063,0.15051711029967063,0.0,0.225,0.2,0.25,0.325,0.1795386046939837,0.1795386046939837,1.0,0.26228770905733717,0.4649562553488553,0.1293254047460485,0.14343063084775906,0.05184775270915007,0.05184775270915007,1.0,0.2436438545286686,0.33247812767442764,0.18966270237302424,0.23421531542387952,0.0,0.0,1.0,0.19718824941253815,0.3505171102996706,0.22347147245693133,0.22882316783085987
2,0.2011768321691401,0.0,0.10051711029967061,36,25,0.0,0,0,0,0.19718824941253815,0.065,0.3505171102996706,0.33,0.22347147245693133,0.175,0.22882316783085987,0.43,0.15051711029967063,0.15051711029967063,0.0,0.225,0.2,0.25,0.325,0.1795386046939837,0.1795386046939837,1.0,0.26228770905733717,0.4649562553488553,0.1293254047460485,0.14343063084775906,0.05184775270915007,0.05184775270915007,1.0,0.2436438545286686,0.33247812767442764,0.18966270237302424,0.23421531542387952,0.0,0.0,1.0,0.19718824941253815,0.3505171102996706,0.22347147245693133,0.22882316783085987
3,0.15770535971220878,0.0,0.10051711029967061,26,27,0.005,1,0,0,0.19718824941253815,0.05,0.3505171102996706,0.34,0.22347147245693133,0.225,0.22882316783085987,0.385,0.15051711029967063,0.15051711029967063,0.0,0.225,0.2,0.25,0.325,0.1795386046939837,0.1795386046939837,1.0,0.26228770905733717,0.4649562553488553,0.1293254047460485,0.14343063084775906,0.05184775270915007,0.05184775270915007,1.0,0.2436438545286686,0.33247812767442764,0.18966270237302424,0.23421531542387952,0.0,0.0,1.0,0.19718824941253815,0.3505171102996706,0.22347147245693133,0.22882316783085987
4,0.18757821615953837,0.0035986160096016934,0.0991573889718111,33,26,0.0,0,0,0,0.19562749616671837,0.085,0.34915738897181114,0.33,0.22279333102100893,0.165,0.23242178384046164,0.42,0.1491573889718111,0.15051711029967063,0.0,0.225,0.2,0.25,0.325,0.18245907926766297,0.1795386046939837,1.0,0.26228770905733717,0.4649562553488553,0.1293254047460485,0.14343063084775906,0.049809889945368155,0.05184775270915007,1.0,0.2436438545286686,0.33247812767442764,0.18966270237302424,0.23421531542387952,0.0,0.0035986160096016934,1.0,0.19562749616671837,0.34915738897181114,0.22279333102100893,0.23242178384046164
5,0.17909771130267596,0.007079120866464117,0.09813212746585165,33,26,0.0,0,0,0,0.19383423560451044,0.06,0.34813212746585165,0.33,0.2221313482323139,0.195,0.23590228869732402,0.415,0.14813212746585164,0.15051711029967063,0.0,0.225,0.2,0.25,0.325,0.18527760133583038,0.1795386046939837,1.0,0.26228770905733717,0.4649562553488553,0.1293254047460485,0.14343063084775906,0.04980961892415817,0.05184775270915007,1.0,0.2436438545286686,0.33247812767442764,0.18966270237302424,0.23421531542387952,0.0,0.007079120866464117,1.0,0.19383423560451044,0.34813212746585165,0.2221313482323139,0.23590228869732402
6,0.1890078666948301,0.009686977957198237,0.09748198751711172,41,26,0.0,0,0,0,0.19192813615305176,0.06,0.34748198751711173,0.35,0.22207973054177838,0.165,0.23851014578805815,0.425,0.14748198751711172,0.15051711029967063,0.0,0.225,0.2,0.25,0.325,0.187833840736029,0.1795386046939837,1.0,0.26228770905733717,0.4649562553488553,0.1293254047460485,0.14343063084775906,0.05171571837561685,0.05184775270915007,1.0,0.2436438545286686,0.33247812767442764,0.18966270237302424,0.23421531542387952,0.0,0.009686977957198237,1.0,0.19192813615305176,0.34748198751711173,0.22207973054177838,0.23851014578805815
7,0.181642651673244,0.012240241845338978,0.0972939386505571,30,26,0.0,0,0,0,0.19011808066694943,0.05,0.34729393865055713,0.37,0.22152457100629458,0.18,0.2410634096761989,0.4,0.14729393865055712,0.15051711029967063,0.0,0.225,0.2,0.25,0.325,0.18983194508868592,0.1795386046939837,1.0,0.26228770905733717,0.4649562553488553,0.1293254047460485,0.14343063084775906,0.053525773861719195,0.05184775270915007,1.0,0.2436438545286686,0.33247812767442764,0.18966270237302424,0.23421531542387952,0.0,0.012240241845338978,1.0,0.19011808066694943,0.34729393865055713,0.22152457100629458,0.2410634096761989
8,0.18412881485401214,0.014304013196107537,0.09774400411902039,26,26,0.0,0,0,0,0.18835503866707462,0.055,0.3477440041190204,0.36,0.22077377618693755,0.17,0.24312718102696745,0.415,0.1477440041190204,0.15051711029967063,0.0,0.225,0.2,0.25,0.325,0.19114492162009744,0.1795386046939837,1.0,0.26228770905733717,0.4649562553488553,0.1293254047460485,0.14343063084775906,0.055288815861593996,0.05184775270915007,1.0,0.2436438545286686,0.33247812767442764,0.18966270237302424,0.23421531542387952,0.0,0.014304013196107537,1.0,0.18835503866707462,0.3477440041190204,0.22077377618693755,0.24312718102696745
9,0.11129752779633041,0.01630395813680338,0.09857534623600622,42,26,0.0,0,0,0,0.18629001366107123,0.1,0.3485753462360063,0.355,0.22000751413525926,0.195,0.24512712596766334,0.35,0.1485753462360062,0.15051711029967063,0.0,0.225,0.2,0.25,0.325,0.19237860450911504,0.1795386046939837,1.0,0.26228770905733717,0.4649562553488553,0.1293254047460485,0.14343063084775906,0.05735384086759743,0.05184775270915007,1.0,0.2436438545286686,0.33247812767442764,0.18966270237302424,0.23421531542387952,0.0,0.01630395813680338,1.0,0.18629001366107123,0.3485753462360063,0.22000751413525926,0.24512712596766334
10,0.13816730293885998,0.01820377993120159,0.09980574929907848,38,27,0.0,0,1,10,0.18422082463393677,0.115,0.34980574929907854,0.36,0.21894647830492325,0.15,0.24702694776206155,0.375,0.1347912340561203,0.15299501398732193,0.0,0.10909090909090909,0.29772727272727273,0.21136363636363636,0.38181818181818183,0.08848580736015357,0.10597822629076312,1.0,0.09789444239189525,0.35291378271479323,0.21678705318681116,0.3324047217065004,0.1100845040002796,0.12828828393148117,0.0,0.10349267574140217,0.325320527721033,0.21407534477522377,0.3571114517623411,0.0,0.01820377993120159,1.0,0.18422082463393677,0.34980574929907854,0.21894647830492325,0.24702694776206155
11,0.18023912752092272,0.020420594348546803,0.1007344124676947,45,28,0.0,0,0,10,0.18229394421314749,0.07,0.35073441246769477,0.38,0.2179451833077753,0.15,0.2490264600113826,0.4,0.13279172180679932,0.15299501398732193,0.0,0.10909090909090909,0.29772727272727273,0.21136363636363636,0.38181818181818183,0.0855576319422163,0.10597822629076312,1.0,0.09789444239189525,0.35291378271479323,0.21678705318681116,0.3324047217065004,0.10808499175095856,0.12828828393148117,0.0,0.10349267574140217,0.325320527721033,0.21407534477522377,0.3571114517623411,0.0,0.020420594348546803,1.0,0.18229394421314749,0.35073441246769477,0.2179451833077753,0.2490264600113826
12,0.13208691840985737,0.023572803459612116,0.1029130815901426,39,30,0.0,0,0,10,0.18033493791017388,0.1,0.3510466562943694,0.355,0.21675198049968358,0.165,0.2518664252957733,0.38,0.1299517565224086,0.15299501398732193,0.0,0.10909090909090909,0.29772727272727273,0.21136363636363636,0.38181818181818183,0.08244049551827856,0.10597822629076312,1.0,0.09789444239189525,0.35291378271479323,0.21678705318681116,0.3324047217065004,0.10524502646656786,0.12828828393148117,0.0,0.10349267574140217,0.325320527721033,0.21407534477522377,0.3571114517623411,0.0,0.023572803459612116,1.0,0.18033493791017388,0.3510466562943694,0.21675198049968358,0.2518664252957733
13,0.148829038435842,0.026830683433627503,0.10617096156415799,41,32,0.005,1,0,10,0.1783928870842993,0.09,0.3516644091582187,0.355,0.21543615135154273,0.155,0.2545065524059393,0.4,0.12731162941224256,0.15299501398732193,0.0,0.10909090909090909,0.29772727272727273,0.21136363636363636,0.38181818181818183,0.08049844469240403,0.10597822629076312,1.0,0.09789444239189525,0.35291378271479323,0.21678705318681116,0.3324047217065004,0.10260489935640182,0.12828828393148117,0.0,0.10349267574140217,0.325320527721033,0.21407534477522377,0.3571114517623411,0.0,0.026830683433627503,1.0,0.1783928870842993,0.3516644091582187,0.21543615135154273,0.2545065524059393
14,0.11548283188517158,0.03017688998429792,0.10951716811482841,41,31,0.0,0,0,10,0.17638421930585263,0.095,0.35314323682142346,0.36,0.21409861257931903,0.18,0.256373931293405,0.365,0.12544425052477687,0.15299501398732193,0.0,0.10909090909090909,0.29772727272727273,0.21136363636363636,0.38181818181818183,0.07871923102058753,0.10597822629076312,1.0,0.09789444239189525,0.35291378271479323,0.21678705318681116,0.3324047217065004,0.10073752046893614,0.12828828393148117,0.0,0.10349267574140217,0.325320527721033,0.21407534477522377,0.3571114517623411,0.0,0.03017688998429792,1.0,0.17638421930585263,0.35314323682142346,0.21409861257931903,0.256373931293405
15,0.17727549360739286,0.03328280364745981,0.1126230817779903,37,31,0.0,0,0,10,0.17436958457233254,0.09,0.35489857538538316,0.295,0.21300733364967722,0.18,0.2577245063926072,0.435,0.1240936754255747,0.15299501398732193,0.0,0.10909090909090909,0.29772727272727273,0.21136363636363636,0.38181818181818183,0.07845993485102717,0.10597822629076312,1.0,0.09789444239189525,0.35291378271479323,0.21678705318681116,0.3324047217065004,0.10045495649528051,0.12828828393148117,0.0,0.10349267574140217,0.325320527721033,0.21407534477522377,0.3571114517623411,0.0,0.03328280364745981,1.0,0.17436958457233254,0.35489857538538316,0.21300733364967722,0.2577245063926072
16,0.1405103012203162,0.035149420649153315,0.1144896987796838,45,32,0.0,0,0,10,0.1727368144297579,0.1,0.355410075080531,0.38,0.21277348679055827,0.145,0.2590796236991528,0.375,0.12273855811902903,0.15299501398732193,0.0,0.10909090909090909,0.29772727272727273,0.21136363636363636,0.38181818181818183,0.07733866440360046,0.10597822629076312,1.0,0.09789444239189525,0.35291378271479323,0.21678705318681116,0.3324047217065004,0.09933368604785381,0.12828828393148117,0.0,0.10349267574140217,0.325320527721033,0.21407534477522377,0.3571114517623411,0.0,0.035149420649153315,1.0,0.1727368144297579,0.355410075080531,0.21277348679055827,0.2590796236991528
17,0.16898182744826257,0.03667789442120696,0.11601817255173745,47,33,0.0,0,0,10,0.17113053802419928,0.07,0.3556909836776158,0.4,0.21285128942406334,0.145,0.2603271888741217,0.385,0.12149099294406018,0.15299501398732193,0.0,0.10909090909090909,0.29772727272727273,0.21136363636363636,0.38181818181818183,0.07601329659512654,0.10597822629076312,1.0,0.09789444239189525,0.35291378271479323,0.21678705318681116,0.3324047217065004,0.09800831823937989,0.12828828393148117,0.0,0.10349267574140217,0.325320527721033,0.21407534477522377,0.3571114517623411,0.0,0.03667789442120696,1.0,0.17113053802419928,0.3556909836776158,0.21285128942406334,0.2603271888741217
18,0.17194239445794918,0.038717327411520355,0.11805760554205084,33,33,0.0,0,0,10,0.1696327291955537,0.05,0.35628688695192773,0.39,0.21230966526239553,0.16,0.2617707185901232,0.4,0.1200474632280587,0.15299501398732193,0.0,0.10909090909090909,0.29772727272727273,0.21136363636363636,0.38181818181818183,0.07511139104079287,0.10597822629076312,1.0,0.09789444239189525,0.35291378271479323,0.21678705318681116,0.3324047217065004,0.09710641268504622,0.12828828393148117,0.0,0.10349267574140217,0.325320527721033,0.21407534477522377,0.3571114517623411,0.0,0.038717327411520355,1.0,0.1696327291955537,0.35628688695192773,0.21230966526239553,0.2617707185901232
19,0.13978566147903113,0.04087406039043838,0.12021433852096887,40,33,0.0,0,0,10,0.1683575657915325,0.08,0.3566843236574809,0.38,0.21142809568749868,0.16,0.26353001486348804,0.38,0.11828816695469382,0.15299501398732193,0.0,0.10909090909090909,0.29772727272727273,0.21136363636363636,0.38181818181818183,0.07423366434232484,0.10597822629076312,1.0,0.09789444239189525,0.35291378271479323,0.21678705318681116,0.3324047217065004,0.09622868598657819,0.12828828393148117,0.0,0.10349267574140217,0.325320527721033,0.21407534477522377,0.3571114517623411,0.0,0.04087406039043838,1.0,0.1683575657915325,0.3566843236574809,0.21142809568749868,0.26353001486348804
20,0.14668564556686564,0.04397407630260386,0.12331435443313435,43,34,0.0,0,1,20,0.16637058245949926,0.06,0.35830458109534447,0.395,0.21031506310736642,0.17,0.2650097733377899,0.375,0.1084251635548437,0.14367683216914012,0.0,0.12875,0.2875,0.21125,0.3725,0.1262244943072738,0.12085555575338272,1.0,0.0931273237210738,0.46071887146335266,0.234125267046632,0.21202853776894154,0.05543192059896233,0.0870334264856166,1.0,0.1109386618605369,0.3741094357316763,0.222687633523316,0.29226426888447077,0.0,0.04397407630260386,1.0,0.16637058245949926,0.35830458109534447,0.21031506310736642,0.2650097733377899
21,0.143131364617138,0.047528357252331524,0.12686863538286203,38,34,0.0,0,0,20,0.16454921951818005,0.07,0.3599591926221333,0.38,0.208582145098958,0.16,0.2669094427607288,0.39,0.10825841214031326,0.14367683216914012,0.0,0.12875,0.2875,0.21125,0.3725,0.12630280078889344,0.12085555575338272,1.0,0.0931273237210738,0.46071887146335266,0.234125267046632,0.21202853776894154,0.053610557657643075,0.0870334264856166,1.0,0.1109386618605369,0.3741094357316763,0.222687633523316,0.29226426888447077,0.0,0.047528357252331524,1.0,0.16454921951818005,0.3599591926221333,0.208582145098958,0.2669094427607288
22,0.1306566878841356,0.0500030339853339,0.1293433121158644,39,34,0.0,0,0,20,0.1629692828340249,0.1,0.3612531963927167,0.375,0.20768740505011074,0.14,0.2680901157231477,0.385,0.10797247922674157,0.14367683216914012,0.0,0.12875,0.2875,0.21125,0.3725,0.12590353706715726,0.12085555575338272,1.0,0.0931273237210738,0.46071887146335266,0.234125267046632,0.21202853776894154,0.052030620973487963,0.0870334264856166,1.0,0.1109386618605369,0.3741094357316763,0.222687633523316,0.29226426888447077,0.0,0.0500030339853339,1.0,0.1629692828340249,0.3612531963927167,0.20768740505011074,0.2680901157231477
23,0.1582562514531234,0.05240347041634613,0.13174374854687662,31,36,0.005,1,0,20,0.1614367442503944,0.055,0.3625083800501826,0.39,0.206819507202729,0.155,0.26923536849669405,0.4,0.10769512430057697,0.14367683216914012,0.0,0.12875,0.2875,0.21125,0.3725,0.12551625125707308,0.12085555575338272,1.0,0.0931273237210738,0.46071887146335266,0.234125267046632,0.21202853776894154,0.05049808238985746,0.0870334264856166,1.0,0.1109386618605369,0.3741094357316763,0.222687633523316,0.29226426888447077,0.0,0.05240347041634613,1.0,0.1614367442503944,0.3625083800501826,0.206819507202729,0.26923536849669405
24,0.12448926704447524,0.054989744436954854,0.13433002256748533,40,36,0.0,0,0,20,0.16002542621058852,0.075,0.3638192896119606,0.36,0.20564455122192613,0.17,0.27051073295552475,0.395,0.10759471582254912,0.14367683216914012,0.0,0.12875,0.2875,0.21125,0.3725,0.12538029767609793,0.12085555575338272,1.0,0.0931273237210738,0.46071887146335266,0.234125267046632,0.21202853776894154,0.049086764350051625,0.0870334264856166,1.0,0.1109386618605369,0.3741094357316763,0.222687633523316,0.29226426888447077,0.0,0.054989744436954854,1.0,0.16002542621058852,0.3638192896119606,0.20564455122192613,0.27051073295552475
25,0.12375574401455927,0.056903977854910234,0.13624425598544074,36,36,0.0,0,0,20,0.1585770244479731,0.085,0.36468164120728347,0.39,0.20517871956658623,0.155,0.2715626147781573,0.37,0.10700866565525652,0.14367683216914012,0.0,0.12875,0.2875,0.21125,0.3725,0.124983777736115,0.12085555575338272,1.0,0.0931273237210738,0.46071887146335266,0.234125267046632,0.21202853776894154,0.04763836258743614,0.0870334264856166,1.0,0.1109386618605369,0.3741094357316763,0.222687633523316,0.29226426888447077,0.0,0.056903977854910234,1.0,0.1585770244479731,0.36468164120728347,0.20517871956658623,0.2715626147781573
26,0.16123524708188633,0.059424474787583184,0.13876475291811366,31,36,0.0,0,0,20,0.15706869698757314,0.055,0.36561439473993196,0.39,0.2041665500943132,0.145,0.27315035817818173,0.41,0.10643309172750509,0.14367683216914012,0.0,0.12875,0.2875,0.21125,0.3725,0.12506319367573954,0.12085555575338272,1.0,0.0931273237210738,0.46071887146335266,0.234125267046632,0.21202853776894154,0.04613003512703622,0.0870334264856166,1.0,0.1109386618605369,0.3741094357316763,0.222687633523316,0.29226426888447077,0.0,0.059424474787583184,1.0,0.15706869698757314,0.36561439473993196,0.2041665500943132,0.27315035817818173
27,0.10340834840951944,0.06225137345995006,0.14159165159048054,28,36,0.0,0,0,20,0.15539489374585297,0.09,0.3668783332527529,0.37,0.20301345466366652,0.165,0.2747133183377277,0.375,0.10602322699860581,0.14367683216914012,0.0,0.12875,0.2875,0.21125,0.3725,0.12495235059356531,0.12085555575338272,1.0,0.0931273237210738,0.46071887146335266,0.234125267046632,0.21202853776894154,0.04445623188531602,0.0870334264856166,1.0,0.1109386618605369,0.3741094357316763,0.222687633523316,0.29226426888447077,0.0,0.06225137345995006,1.0,0.15539489374585297,0.3668783332527529,0.20301345466366652,0.2747133183377277
28,0.12053148532643781,0.0651282365430317,0.14446851467356217,38,36,0.0,0,0,20,0.15379389701254115,0.08,0.3681592847107328,0.4,0.20173758831389668,0.155,0.2763092299628294,0.365,0.10570318172327392,0.14367683216914012,0.0,0.12875,0.2875,0.21125,0.3725,0.12494726548535522,0.12085555575338272,1.0,0.0931273237210738,0.46071887146335266,0.234125267046632,0.21202853776894154,0.04285523515200423,0.0870334264856166,1.0,0.1109386618605369,0.3741094357316763,0.222687633523316,0.29226426888447077,0.0,0.0651282365430317,1.0,0.15379389701254115,0.3681592847107328,0.20173758831389668,0.2763092299628294
29,0.11272775187463958,0.06793196999482994,0.14727224812536044,37,38,0.0,0,0,20,0.1521148344205197,0.06,0.36933088850598994,0.38,0.20061291745411988,0.18,0.2779413596193705,0.38,0.10519572292650964,0.14367683216914012,0.0,0.12875,0.2875,0.21125,0.3725,0.12490033254987486,0.12085555575338272,1.0,0.0931273237210738,0.46071887146335266,0.234125267046632,0.21202853776894154,0.041176172559982786,0.0870334264856166,1.0,0.1109386618605369,0.3741094357316763,0.222687633523316,0.29226426888447077,0.0,0.06793196999482994,1.0,0.1521148344205197,0.36933088850598994,0.20061291745411988,0.2779413596193705
30,0.06542557118440143,0.07071066009267375,0.15005093822320426,36,38,0.0,0,1,30,0.15042557118440156,0.085,0.3706393275307751,0.38,0.19952349059239433,0.205,0.27941161069242926,0.33,0.08856489871517655,0.1299268321691401,0.0,0.14375,0.28875,0.20875,0.35875,0.238379402977701,0.2889678458392702,0.0,0.04963613828148831,0.3290505618766825,0.10352228617169909,0.5177910136701301,0.15885889614263593,0.20944733900420515,0.0,0.09669306914074415,0.30890028093834127,0.15613614308584955,0.4382705068350651,0.0,0.07071066009267375,1.0,0.15042557118440156,0.3706393275307751,0.19952349059239433,0.27941161069242926
31,0.1325127171158516,0.0731470047536179,0.1524872828841484,41,38,0.0,0,0,30,0.14886885114008924,0.045,0.37171738935349863,0.41,0.1986438659757624,0.17,0.2807698935306498,0.375,0.08808624049358785,0.1299268321691401,0.0,0.14375,0.28875,0.20875,0.35875,0.23702112013948035,0.2889678458392702,0.0,0.04963613828148831,0.3290505618766825,0.10352228617169909,0.5177910136701301,0.15750061330441528,0.20944733900420515,0.0,0.09669306914074415,0.30890028093834127,0.15613614308584955,0.4382705068350651,0.0,0.0731470047536179,1.0,0.14886885114008924,0.37171738935349863,0.1986438659757624,0.2807698935306498
32,0.14563345391035712,0.0750262679591124,0.15436654608964287,34,38,0.0,0,0,30,0.14717096266445426,0.055,0.37283224658815367,0.43,0.19846249124590293,0.145,0.2815342995014893,0.37,0.08750320925260786,0.1299268321691401,0.0,0.14375,0.28875,0.20875,0.35875,0.2362567141686409,0.2889678458392702,0.0,0.04963613828148831,0.3290505618766825,0.10352228617169909,0.5177910136701301,0.15673620733357585,0.20944733900420515,0.0,0.09669306914074415,0.30890028093834127,0.15613614308584955,0.4382705068350651,0.0,0.0750262679591124,1.0,0.14717096266445426,0.37283224658815367,0.19846249124590293,0.2815342995014893
33,0.1488105686010275,0.07684915326844201,0.15618943139897248,34,40,0.005,1,0,30,0.14552401084308836,0.05,0.3739136581057689,0.43,0.1982865577579392,0.145,0.2822757732932037,0.375,0.08693766894885717,0.1299268321691401,0.0,0.14375,0.28875,0.20875,0.35875,0.2355152403769265,0.2889678458392702,0.0,0.04963613828148831,0.3290505618766825,0.10352228617169909,0.5177910136701301,0.15599473354186144,0.20944733900420515,0.0,0.09669306914074415,0.30890028093834127,0.15613614308584955,0.4382705068350651,0.0,0.07684915326844201,1.0,0.14552401084308836,0.3739136581057689,0.1982865577579392,0.2822757732932037
34,0.08700570055129399,0.07865402131817552,0.157994299448706,39,39,0.0,0,0,30,0.14391601045726973,0.07,0.37502509408396784,0.385,0.19808969009402427,0.185,0.2829692053647382,0.36,0.08644110454123756,0.1299268321691401,0.0,0.14375,0.28875,0.20875,0.35875,0.23482180830539195,0.2889678458392702,0.0,0.04963613828148831,0.3290505618766825,0.10352228617169909,0.5177910136701301,0.1553013014703269,0.20944733900420515,0.0,0.09669306914074415,0.30890028093834127,0.15613614308584955,0.4382705068350651,0.0,0.07865402131817552,1.0,0.14391601045726973,0.37502509408396784,0.19808969009402427,0.2829692053647382
35,0.13510292367223586,0.08055679819723364,0.15989707632776412,42,40,0.0,0,0,30,0.14244695515968295,0.045,0.376230142705394,0.425,0.19765596851255296,0.16,0.28366693362237017,0.37,0.08748014270539396,0.1299268321691401,0.0,0.14375,0.28875,0.20875,0.35875,0.23412408004775997,0.2889678458392702,0.0,0.04963613828148831,0.3290505618766825,0.10352228617169909,0.5177910136701301,0.15460357321269494,0.20944733900420515,0.0,0.09669306914074415,0.30890028093834127,0.15613614308584955,0.4382705068350651,0.0,0.08055679819723364,1.0,0.14244695515968295,0.376230142705394,0.19765596851255296,0.28366693362237017
36,0.11325723009954956,0.08240249176991996,0.16174276990045044,51,40,0.0,0,0,30,0.14102197152102378,0.065,0.37739903986817736,0.4,0.19723525857852578,0.16,0.2843437300322731,0.375,0.08864903986817735,0.1299268321691401,0.0,0.14375,0.28875,0.20875,0.35875,0.23344728363785702,0.2889678458392702,0.0,0.04963613828148831,0.3290505618766825,0.10352228617169909,0.5177910136701301,0.15392677680279196,0.20944733900420515,0.0,0.09669306914074415,0.30890028093834127,0.15613614308584955,0.4382705068350651,0.0,0.08240249176991996,1.0,0.14102197152102378,0.37739903986817736,0.19723525857852578,0.2843437300322731
37,0.13122870722294594,0.08443101464652354,0.16377129277705404,37,40,0.0,0,0,30,0.13985055110905223,0.045,0.3786485360541374,0.41,0.19637815611389375,0.16,0.28512275672291665,0.385,0.08989853605413738,0.1299268321691401,0.0,0.14375,0.28875,0.20875,0.35875,0.2326682569472135,0.2889678458392702,0.0,0.04963613828148831,0.3290505618766825,0.10352228617169909,0.5177910136701301,0.15314775011214843,0.20944733900420515,0.0,0.09669306914074415,0.30890028093834127,0.15613614308584955,0.4382705068350651,0.0,0.08443101464652354,1.0,0.13985055110905223,0.3786485360541374,0.19637815611389375,0.28512275672291665
38,0.11916911600588158,0.08649060586358792,0.1658308839941184,36,40,0.0,0,0,30,0.13831445403529968,0.07,0.3798945934124377,0.415,0.19585466197058193,0.145,0.28593629058168074,0.37,0.09114459341243766,0.1299268321691401,0.0,0.14375,0.28875,0.20875,0.35875,0.2318547230884494,0.2889678458392702,0.0,0.04963613828148831,0.3290505618766825,0.10352228617169909,0.5177910136701301,0.15233421625338434,0.20944733900420515,0.0,0.09669306914074415,0.30890028093834127,0.15613614308584955,0.4382705068350651,0.0,0.08649060586358792,1.0,0.13831445403529968,0.3798945934124377,0.19585466197058193,0.28593629058168074
39,0.11683805795982177,0.08882166390964776,0.16816194204017823,36,41,0.0,0,0,30,0.13667773312179854,0.045,0.38152207946602745,0.4,0.19516032483802323,0.17,0.2866398625741508,0.385,0.09277207946602743,0.1299268321691401,0.0,0.14375,0.28875,0.20875,0.35875,0.23115115109597933,0.2889678458392702,0.0,0.04963613828148831,0.3290505618766825,0.10352228617169909,0.5177910136701301,0.15163064426091427,0.20944733900420515,0.0,0.09669306914074415,0.30890028093834127,0.15613614308584955,0.4382705068350651,0.0,0.08882166390964776,1.0,0.13667773312179854,0.38152207946602745,0.19516032483802323,0.2866398625741508
40,0.12457693165514379,0.09108279021432573,0.1704230683448562,40,41,0.0,0,1,40,0.1350901138357025,0.065,0.38310074093800955,0.4,0.19448681781944133,0.14,0.2873223274068467,0.395,0.08944085477371201,0.1324268321691401,0.0,0.12875,0.3,0.21,0.36125,0.18386764828121216,0.21000318108972219,1.0,0.13201998086600714,0.5605202913893929,0.20093491564927018,0.10652481209532992,0.058140044761880644,0.08480727361183087,1.0,0.13038499043300356,0.4302601456946964,0.2054674578246351,0.23388740604766498,0.0,0.09108279021432573,1.0,0.1350901138357025,0.38310074093800955,0.19448681781944133,0.2873223274068467
41,0.132162247060026,0.09349747480944352,0.17283775293997403,35,42,0.0,0,0,40,0.1337213604663279,0.05,0.38450038043571,0.445,0.19344088659369812,0.145,0.28833737250426406,0.36,0.08947174090203787,0.1324268321691401,0.0,0.12875,0.3,0.21,0.36125,0.18351394000925492,0.21000318108972219,1.0,0.13201998086600714,0.5605202913893929,0.20093491564927018,0.10652481209532992,0.0577863364899234,0.08480727361183087,1.0,0.13038499043300356,0.4302601456946964,0.2054674578246351,0.23388740604766498,0.0,0.09349747480944352,1.0,0.1337213604663279,0.38450038043571,0.19344088659369812,0.28833737250426406
42,0.09498811217483012,0.09567160969463939,0.1750118878251699,32,42,0.0,0,0,40,0.1323802699473103,0.06,0.3857297815119652,0.4,0.19260784222751984,0.17,0.2892821063132047,0.37,0.08936005145927547,0.1324268321691401,0.0,0.12875,0.3,0.21,0.36125,0.183117583299178,0.21000318108972219,1.0,0.13201998086600714,0.5605202913893929,0.20093491564927018,0.10652481209532992,0.05738997977984649,0.08480727361183087,1.0,0.13038499043300356,0.4302601456946964,0.2054674578246351,0.23388740604766498,0.0,0.09567160969463939,1.0,0.1323802699473103,0.3857297815119652,0.19260784222751984,0.2892821063132047
43,0.09353336273032732,0.09712635913914217,0.17646663726967265,34,44,0.0,1,0,40,0.1311059659720516,0.06,0.38630979312649943,0.41,0.19242739675827575,0.17,0.2901568441431732,0.36,0.08866575909855104,0.1324268321691401,0.0,0.12875,0.3,0.21,0.36125,0.18363203204784334,0.21000318108972219,1.0,0.13201998086600714,0.5605202913893929,0.20093491564927018,0.10652481209532992,0.0569904136345563,0.08480727361183087,1.0,0.13038499043300356,0.4302601456946964,0.2054674578246351,0.23388740604766498,0.0,0.09712635913914217,1.0,0.1311059659720516,0.38630979312649943,0.19242739675827575,0.2901568441431732
44,0.11212225576915964,0.09853746610030986,0.17787774423084032,36,43,0.0,0,0,40,0.12986989111605066,0.055,0.3868724043925977,0.42,0.192252364653109,0.155,0.29100533983824267,0.37,0.08799229550864834,0.1324268321691401,0.0,0.12875,0.3,0.21,0.36125,0.1844805277429128,0.21000318108972219,1.0,0.13201998086600714,0.5605202913893929,0.20093491564927018,0.10652481209532992,0.05711793379057771,0.08480727361183087,1.0,0.13038499043300356,0.4302601456946964,0.2054674578246351,0.23388740604766498,0.0,0.09853746610030986,1.0,0.12986989111605066,0.3868724043925977,0.192252364653109,0.29100533983824267
45,0.09317161933753995,0.09990623985264252,0.17924651798317298,34,43,0.0,0,0,40,0.12867089850572974,0.065,0.38741813732071295,0.37,0.19208258351109728,0.18,0.2918283806624601,0.385,0.08741813732071294,0.1324268321691401,0.0,0.12875,0.3,0.21,0.36125,0.18530356856713018,0.21000318108972219,1.0,0.13201998086600714,0.5605202913893929,0.20093491564927018,0.10652481209532992,0.057940974614795096,0.08480727361183087,1.0,0.13038499043300356,0.4302601456946964,0.2054674578246351,0.23388740604766498,0.0,0.09990623985264252,1.0,0.12867089850572974,0.38741813732071295,0.19208258351109728,0.2918283806624601
46,0.12947082572018345,0.10118889614928606,0.18052917427981655,41,44,0.0,0,0,40,0.12730568645416968,0.05,0.3878610514242987,0.415,0.19216513926601375,0.14,0.2926681228555178,0.395,0.08786105142429876,0.1324268321691401,0.0,0.12875,0.3,0.21,0.36125,0.18614331076018795,0.21000318108972219,1.0,0.13201998086600714,0.5605202913893929,0.20093491564927018,0.10652481209532992,0.058780716807852865,0.08480727361183087,1.0,0.13038499043300356,0.4302601456946964,0.2054674578246351,0.23388740604766498,0.0,0.10118889614928606,1.0,0.12730568645416968,0.3878610514242987,0.19216513926601375,0.2926681228555178
47,0.08260819123294837,0.10305153063652114,0.18239180876705163,37,44,0.0,0,0,40,0.12607500823509465,0.065,0.38888620923225947,0.4,0.1915331829978537,0.17,0.29350559953479216,0.365,0.08888620923225948,0.1324268321691401,0.0,0.12875,0.3,0.21,0.36125,0.18698078743946228,0.21000318108972219,1.0,0.13201998086600714,0.5605202913893929,0.20093491564927018,0.10652481209532992,0.0596181934871272,0.08480727361183087,1.0,0.13038499043300356,0.4302601456946964,0.2054674578246351,0.23388740604766498,0.0,0.10305153063652114,1.0,0.12607500823509465,0.38888620923225947,0.1915331829978537,0.29350559953479216
48,0.1160876128149514,0.10457210905451814,0.1839123871850486,38,44,0.0,0,0,40,0.1250072324423008,0.055,0.38952096555141147,0.4,0.1910803803726506,0.145,0.2943914216336372,0.4,0.08952096555141145,0.1324268321691401,0.0,0.12875,0.3,0.21,0.36125,0.18786660953830728,0.21000318108972219,1.0,0.13201998086600714,0.5605202913893929,0.20093491564927018,0.10652481209532992,0.060504015585972196,0.08480727361183087,1.0,0.13038499043300356,0.4302601456946964,0.2054674578246351,0.23388740604766498,0.0,0.10457210905451814,1.0,0.1250072324423008,0.38952096555141147,0.1910803803726506,0.2943914216336372
49,0.10974933093048322,0.10604707011997516,0.18538734825050565,27,45,0.0,0,0,40,0.12397148992329081,0.07,0.3901366791809889,0.37,0.19064116182620355,0.155,0.2952506690695168,0.405,0.09013667918098886,0.1324268321691401,0.0,0.12875,0.3,0.21,0.36125,0.1887258569741869,0.21000318108972219,1.0,0.13201998086600714,0.5605202913893929,0.20093491564927018,0.10652481209532992,0.06136326302185182,0.08480727361183087,1.0,0.13038499043300356,0.4302601456946964,0.2054674578246351,0.23388740604766498,0.0,0.10604707011997516,1.0,0.12397148992329081,0.3901366791809889,0.19064116182620355,0.2952506690695168
50,0.08353211528117835,0.1079699316709417,0.18731020980147217,38,45,0.0,0,1,50,0.12289157529353542,0.045,0.3906405399876429,0.385,0.18979821490499238,0.19,0.29666966981382925,0.38,0.10939053998764295,0.14270535971220877,0.0,0.12375,0.28125,0.22625,0.36875,0.03382408915226679,0.11489112364153158,1.0,0.10071775818212313,0.4092120039990873,0.20505084004581478,0.28501939777297475,0.05606723419057316,0.0980615310556275,1.0,0.11223387909106156,0.34523100199954365,0.2156504200229074,0.3268846988864874,0.0,0.1079699316709417,1.0,0.12289157529353542,0.3906405399876429,0.18979821490499238,0.29666966981382925
51,0.08646553623950376,0.10919418562996577,0.18853446376049626,43,45,0.0,0,0,50,0.12196030249255858,0.05,0.3911772425748309,0.405,0.1895052337469451,0.175,0.2973572211856653,0.37,0.10992724257483094,0.14270535971220877,0.0,0.12375,0.28125,0.22625,0.36875,0.03358036772312606,0.11489112364153158,1.0,0.10071775818212313,0.4092120039990873,0.20505084004581478,0.28501939777297475,0.055672663976784324,0.0980615310556275,1.0,0.11223387909106156,0.34523100199954365,0.2156504200229074,0.3268846988864874,0.0,0.10919418562996577,1.0,0.12196030249255858,0.3911772425748309,0.1895052337469451,0.2973572211856653
52,0.11041811466576655,0.11024160720370296,0.18958188533423345,48,45,0.0,0,0,50,0.12084468394924915,0.055,0.39157469835952596,0.42,0.1895734307165174,0.145,0.29800718697470746,0.38,0.11032469835952599,0.14270535971220877,0.0,0.12375,0.28125,0.22625,0.36875,0.03311471496885873,0.11489112364153158,1.0,0.10071775818212313,0.4092120039990873,0.20505084004581478,0.28501939777297475,0.054954501218169936,0.0980615310556275,1.0,0.11223387909106156,0.34523100199954365,0.2156504200229074,0.3268846988864874,0.0,0.11024160720370296,1.0,0.12084468394924915,0.39157469835952596,0.1895734307165174,0.29800718697470746
53,0.08428186701258901,0.11137785485688051,0.190718132987411,28,46,0.0,1,0,50,0.11977211882273309,0.065,0.39205196732950365,0.45,0.18950974818985594,0.16,0.2986661656579074,0.325,0.11080196732950363,0.14270535971220877,0.0,0.12375,0.28125,0.22625,0.36875,0.03270112852554254,0.11489112364153158,1.0,0.10071775818212313,0.4092120039990873,0.20505084004581478,0.28501939777297475,0.05435920506163151,0.0980615310556275,1.0,0.11223387909106156,0.34523100199954365,0.2156504200229074,0.3268846988864874,0.0,0.11137785485688051,1.0,0.11977211882273309,0.39205196732950365,0.18950974818985594,0.2986661656579074
54,0.11845232195105776,0.11220739991841176,0.19154767804894227,36,45,0.0,0,0,50,0.11865874359528628,0.045,0.39242433825876716,0.42,0.18979357835577146,0.145,0.2991233397901751,0.39,0.11117433825876719,0.14270535971220877,0.0,0.12375,0.28125,0.22625,0.36875,0.032044927430363475,0.11489112364153158,1.0,0.10071775818212313,0.4092120039990873,0.20505084004581478,0.28501939777297475,0.053618200763448254,0.0980615310556275,1.0,0.11223387909106156,0.34523100199954365,0.2156504200229074,0.3268846988864874,0.0,0.11220739991841176,1.0,0.11865874359528628,0.39242433825876716,0.18979357835577146,0.2991233397901751
55,0.08744441791427968,0.11368815542066034,0.19302843355119084,42,45,0.0,0,0,50,0.11744441791427965,0.03,0.3933580704751244,0.405,0.1895271485345295,0.19,0.2996703630760664,0.375,0.11210807047512442,0.14270535971220877,0.0,0.12375,0.28125,0.22625,0.36875,0.03137762503524819,0.11489112364153158,1.0,0.10071775818212313,0.4092120039990873,0.20505084004581478,0.28501939777297475,0.053337607298798856,0.0980615310556275,1.0,0.11223387909106156,0.34523100199954365,0.2156504200229074,0.3268846988864874,0.0,0.11368815542066034,1.0,0.11744441791427965,0.3933580704751244,0.1895271485345295,0.2996703630760664
56,0.07553523361162792,0.11512448825784158,0.19446476638837207,38,45,0.0,0,0,50,0.11626652200370317,0.065,0.39426379072499096,0.415,0.18926871160792477,0.165,0.3002009756633811,0.355,0.11301379072499096,0.14270535971220877,0.0,0.12375,0.28125,0.22625,0.36875,0.03073034171198638,0.11489112364153158,1.0,0.10071775818212313,0.4092120039990873,0.20505084004581478,0.28501939777297475,0.05306543163808893,0.0980615310556275,1.0,0.11223387909106156,0.34523100199954365,0.2156504200229074,0.3268846988864874,0.0,0.11512448825784158,1.0,0.11626652200370317,0.39426379072499096,0.18926871160792477,0.3002009756633811
57,0.0843820076400563,0.1162777142294132,0.19561799235994368,32,46,0.0,0,0,50,0.11522256437899628,0.055,0.3949302510791139,0.42,0.18915944326106005,0.165,0.3006877412808298,0.36,0.11368025107911389,0.14270535971220877,0.0,0.12375,0.28125,0.22625,0.36875,0.030173149704728182,0.11489112364153158,1.0,0.10071775818212313,0.4092120039990873,0.20505084004581478,0.28501939777297475,0.05268793436750496,0.0980615310556275,1.0,0.11223387909106156,0.34523100199954365,0.2156504200229074,0.3268846988864874,0.0,0.1162777142294132,1.0,0.11522256437899628,0.3949302510791139,0.18915944326106005,0.3006877412808298
58,0.12282907776227263,0.11783064410719687,0.19717092223772736,40,46,0.0,0,0,50,0.11409297016929473,0.04,0.39601846800039275,0.44,0.1887361075929779,0.14,0.3011524542373346,0.38,0.11476846800039277,0.14270535971220877,0.0,0.12375,0.28125,0.22625,0.36875,0.02950826845153145,0.11489112364153158,1.0,0.10071775818212313,0.4092120039990873,0.20505084004581478,0.28501939777297475,0.05264655707908229,0.0980615310556275,1.0,0.11223387909106156,0.34523100199954365,0.2156504200229074,0.3268846988864874,0.0,0.11783064410719687,1.0,0.11409297016929473,0.39601846800039275,0.1887361075929779,0.3011524542373346
59,0.07149312932017077,0.11916659254929875,0.19850687067982925,40,46,0.0,0,0,50,0.11291620032948238,0.065,0.3969245219243053,0.435,0.18857692899068834,0.165,0.3015823487555239,0.335,0.11567452192430533,0.14270535971220877,0.0,0.12375,0.28125,0.22625,0.36875,0.028761393129908448,0.11489112364153158,1.0,0.10071775818212313,0.4092120039990873,0.20505084004581478,0.28501939777297475,0.0523758411631825,0.0980615310556275,1.0,0.11223387909106156,0.34523100199954365,0.2156504200229074,0.3268846988864874,0.0,0.11916659254929875,1.0,0.11291620032948238,0.3969245219243053,0.18857692899068834,0.3015823487555239
60,0.12518470402938903,0.1204750178400805,0.19981529597061098,37,28,0.0,0,1,60,0.11199233018940143,0.025,0.3982626952180144,0.485,0.1881923738399876,0.15,0.3015526007525966,0.34,0.1140050254074158,0.15145535971220878,0.0,0.1075,0.28875,0.24,0.36375,0.06598872027233779,0.1833879685074595,1.0,0.11151017538144387,0.46425141549035215,0.1257615779805661,0.29847683114763784,0.029560814821222338,0.12827384518846452,1.0,0.10950508769072193,0.3765007077451761,0.18288078899028304,0.3311134155738189,0.0,0.1204750178400805,1.0,0.11199233018940143,0.3982626952180144,0.1881923738399876,0.3015526007525966
61,0.14068426523480287,0.12171599463157853,0.20105627276210902,33,26,0.0,0,0,60,0.11097568349869417,0.04,0.3993157347651971,0.54,0.18796804373919673,0.12,0.30174053799691186,0.3,0.11404141826389134,0.15145535971220878,0.0,0.1075,0.28875,0.24,0.36375,0.06547017260790469,0.1833879685074595,1.0,0.11151017538144387,0.46425141549035215,0.1257615779805661,0.29847683114763784,0.029372877576907007,0.12827384518846452,1.0,0.10950508769072193,0.3765007077451761,0.18288078899028304,0.3311134155738189,0.0,0.12171599463157853,1.0,0.11097568349869417,0.3993157347651971,0.18796804373919673,0.30174053799691186
62,0.09770031078080697,0.12295941108866253,0.20229968921919303,36,27,0.0,0,0,60,0.1101692530671095,0.045,0.40038663152917875,0.475,0.18753105771369735,0.155,0.30191305769001414,0.325,0.11430588459628838,0.15145535971220878,0.0,0.1075,0.28875,0.24,0.36375,0.06520570627550765,0.1833879685074595,1.0,0.11151017538144387,0.46425141549035215,0.1257615779805661,0.29847683114763784,0.029200357883804658,0.12827384518846452,1.0,0.10950508769072193,0.3765007077451761,0.18288078899028304,0.3311134155738189,0.0,0.12295941108866253,1.0,0.1101692530671095,0.40038663152917875,0.18753105771369735,0.30191305769001414
63,0.08649419681743539,0.12416552505203414,0.20350580318256462,33,28,0.01,1,0,60,0.10938701554847237,0.05,0.4014254013902411,0.455,0.1871071812689629,0.16,0.3020804017923234,0.335,0.11456241693871357,0.15145535971220878,0.0,0.1075,0.28875,0.24,0.36375,0.06494917393308247,0.1833879685074595,1.0,0.11151017538144387,0.46425141549035215,0.1257615779805661,0.29847683114763784,0.029151085923744942,0.12827384518846452,1.0,0.10950508769072193,0.3765007077451761,0.18288078899028304,0.3311134155738189,0.0,0.12416552505203414,1.0,0.10938701554847237,0.4014254013902411,0.1871071812689629,0.3020804017923234
64,0.09483885934078387,0.12582086252868566,0.20516114065921615,37,29,0.015,0,0,60,0.10835524073727672,0.07,0.4029153919359669,0.46,0.1864836186035071,0.13,0.30224574872324916,0.34,0.1150206326732437,0.15145535971220878,0.0,0.1075,0.28875,0.24,0.36375,0.06449095819855233,0.1833879685074595,1.0,0.11151017538144387,0.46425141549035215,0.1257615779805661,0.29847683114763784,0.030017513804014927,0.12827384518846452,1.0,0.10950508769072193,0.3765007077451761,0.18288078899028304,0.3311134155738189,0.0,0.12582086252868566,1.0,0.10835524073727672,0.4029153919359669,0.1864836186035071,0.30224574872324916
65,0.10323318198843189,0.12742653988103764,0.20676681801156813,34,29,0.02,0,0,60,0.10735441917041691,0.075,0.4043606827653209,0.45,0.1858787628180149,0.115,0.30240613524624715,0.36,0.11561068276532097,0.15145535971220878,0.0,0.1075,0.28875,0.24,0.36375,0.06404648893605816,0.1833879685074595,1.0,0.11151017538144387,0.46425141549035215,0.1257615779805661,0.29847683114763784,0.030857948847876723,0.12827384518846452,1.0,0.10950508769072193,0.3765007077451761,0.18288078899028304,0.3311134155738189,0.0,0.12742653988103764,1.0,0.10735441917041691,0.4043606827653209,0.1858787628180149,0.30240613524624715
66,0.09168352507571906,0.1289761967937505,0.20831647492428096,37,30,0.005,0,0,60,0.10633169339461164,0.055,0.4057494747777685,0.46,0.18535183168110744,0.145,0.3025670001465125,0.34,0.11699947477776847,0.15145535971220878,0.0,0.1075,0.28875,0.24,0.36375,0.06368042269941593,0.1833879685074595,1.0,0.11151017538144387,0.46425141549035215,0.1257615779805661,0.29847683114763784,0.031719809723416766,0.12827384518846452,1.0,0.10950508769072193,0.3765007077451761,0.18288078899028304,0.3311134155738189,0.0,0.1289761967937505,1.0,0.10633169339461164,0.4057494747777685,0.18535183168110744,0.3025670001465125
67,0.08518035787038786,0.13047936399908167,0.20981964212961215,45,31,0.015,0,0,60,0.10533964939208056,0.075,0.4070966030298425,0.455,0.18484070847830725,0.13,0.3027230390997696,0.34,0.11834660302984255,0.15145535971220878,0.0,0.1075,0.28875,0.24,0.36375,0.06332533844987293,0.1833879685074595,1.0,0.11151017538144387,0.46425141549035215,0.1257615779805661,0.29847683114763784,0.03255581477269066,0.12827384518846452,1.0,0.10950508769072193,0.3765007077451761,0.18288078899028304,0.3311134155738189,0.0,0.13047936399908167,1.0,0.10533964939208056,0.4070966030298425,0.18484070847830725,0.3027230390997696
68,0.10837876746673056,0.13228095440273896,0.21162123253326945,38,32,0.01,0,0,60,0.10419721147000678,0.055,0.40820597889410576,0.46,0.18418155599672376,0.125,0.30341525363916366,0.36,0.11945597889410578,0.15145535971220878,0.0,0.1075,0.28875,0.24,0.36375,0.06335840050768346,0.1833879685074595,1.0,0.11151017538144387,0.46425141549035215,0.1257615779805661,0.29847683114763784,0.03300603815537039,0.12827384518846452,1.0,0.10950508769072193,0.3765007077451761,0.18288078899028304,0.3311134155738189,0.0,0.13228095440273896,1.0,0.10419721147000678,0.40820597889410576,0.18418155599672376,0.30341525363916366
69,0.09663122477518309,0.13402849709428644,0.21336877522481693,44,31,0.015,0,0,60,0.10308904668559522,0.04,0.409282073482441,0.445,0.18354217808958778,0.15,0.30408670174237584,0.365,0.12053207348244108,0.15145535971220878,0.0,0.1075,0.28875,0.24,0.36375,0.06339047070375972,0.1833879685074595,1.0,0.11151017538144387,0.46425141549035215,0.1257615779805661,0.29847683114763784,0.033442754836569714,0.12827384518846452,1.0,0.10950508769072193,0.3765007077451761,0.18288078899028304,0.3311134155738189,0.0,0.13402849709428644,1.0,0.10308904668559522,0.409282073482441,0.18354217808958778,0.30408670174237584
70,0.1200275251811467,0.13563219668832277,0.2149724748188533,33,30,0.015,0,1,70,0.10200684013607553,0.035,0.4102561440238254,0.47,0.1830206850450712,0.13,0.3047163307950279,0.365,0.0872629841599009,0.1299268321691401,0.0,0.09625,0.32875,0.21625,0.35875,0.202427319749205,0.29985312654991453,0.0,0.030119186899626043,0.3720497541362121,0.09068740841992899,0.5071436505442329,0.12823049447708856,0.20412365744125655,0.0,0.06318459344981302,0.35039987706810605,0.1534687042099645,0.4329468252721165,0.0,0.13563219668832277,1.0,0.10200684013607553,0.4102561440238254,0.1830206850450712,0.3047163307950279
71,0.12878545637430122,0.1368742654951683,0.2162145436256988,39,28,0.015,0,0,70,0.10112152260604992,0.04,0.41138109800651224,0.525,0.1826639337682512,0.115,0.30483344561918646,0.32,0.08750262061256225,0.1299268321691401,0.0,0.09625,0.32875,0.21625,0.35875,0.20231020492504637,0.29985312654991453,0.0,0.030119186899626043,0.3720497541362121,0.09068740841992899,0.5071436505442329,0.1281133796529299,0.20412365744125655,0.0,0.06318459344981302,0.35039987706810605,0.1534687042099645,0.4329468252721165,0.0,0.1368742654951683,1.0,0.10112152260604992,0.41138109800651224,0.1826639337682512,0.30483344561918646
72,0.12249463554876691,0.1381650863207026,0.21750536445123309,33,27,0.04,0,0,70,0.10026962066608484,0.03,0.41253792287354984,0.535,0.1822250148826819,0.13,0.3049674415776831,0.305,0.08780754353963488,0.1299268321691401,0.0,0.09625,0.32875,0.21625,0.35875,0.20217620896654964,0.29985312654991453,0.0,0.030119186899626043,0.3720497541362121,0.09068740841992899,0.5071436505442329,0.1279793836944332,0.20412365744125655,0.0,0.06318459344981302,0.35039987706810605,0.1534687042099645,0.4329468252721165,0.0,0.1381650863207026,1.0,0.10026962066608484,0.41253792287354984,0.1822250148826819,0.3049674415776831
73,0.1312425393479985,0.139417182521471,0.21875746065200152,43,28,0.035,1,0,70,0.09944327578431875,0.045,0.41366004299457665,0.51,0.18179926356367973,0.105,0.3050974176574248,0.34,0.08810331877889543,0.1299268321691401,0.0,0.09625,0.32875,0.21625,0.35875,0.20204623288680806,0.29985312654991453,0.0,0.030119186899626043,0.3720497541362121,0.09068740841992899,0.5071436505442329,0.1278494076146916,0.20412365744125655,0.0,0.06318459344981302,0.35039987706810605,0.1534687042099645,0.4329468252721165,0.0,0.139417182521471,1.0,0.09944327578431875,0.41366004299457665,0.18179926356367973,0.3050974176574248
74,0.11995020623148195,0.1407095156379876,0.22004979376851808,41,30,0.025,0,0,70,0.09868813105452973,0.05,0.4148134571815089,0.53,0.1812620751769521,0.11,0.30523633658700905,0.31,0.08850158823603876,0.1299268321691401,0.0,0.09625,0.32875,0.21625,0.35875,0.20190731395722372,0.29985312654991453,0.0,0.030119186899626043,0.3720497541362121,0.09068740841992899,0.5071436505442329,0.1277104886851073,0.20412365744125655,0.0,0.06318459344981302,0.35039987706810605,0.1534687042099645,0.4329468252721165,0.0,0.1407095156379876,1.0,0.09868813105452973,0.4148134571815089,0.1812620751769521,0.30523633658700905
75,0.14853660054612247,0.14212312132334703,0.22146339945387755,34,30,0.06,0,0,70,0.09791338820137775,0.055,0.4163449156875293,0.485,0.18062321234474468,0.075,0.3051184837663482,0.385,0.0892583038889071,0.1299268321691401,0.0,0.09625,0.32875,0.21625,0.35875,0.20202516677788465,0.29985312654991453,0.0,0.030119186899626043,0.3720497541362121,0.09068740841992899,0.5071436505442329,0.12782834150576822,0.20412365744125655,0.0,0.06318459344981302,0.35039987706810605,0.1534687042099645,0.4329468252721165,0.0,0.14212312132334703,1.0,0.09791338820137775,0.4163449156875293,0.18062321234474468,0.3051184837663482
76,0.13216540303132385,0.14349431883814567,0.22283459696867616,31,29,0.06,0,0,70,0.09716188763382035,0.05,0.41783043043836887,0.515,0.18000351539750342,0.095,0.3050041665303072,0.34,0.0899923180721893,0.1299268321691401,0.0,0.09625,0.32875,0.21625,0.35875,0.20213948401392562,0.29985312654991453,0.0,0.030119186899626043,0.3720497541362121,0.09068740841992899,0.5071436505442329,0.12794265874180916,0.20412365744125655,0.0,0.06318459344981302,0.35039987706810605,0.1534687042099645,0.4329468252721165,0.0,0.14349431883814567,1.0,0.09716188763382035,0.41783043043836887,0.18000351539750342,0.3050041665303072
77,0.11545551504550011,0.1452042068239694,0.22454448495449988,39,30,0.045,0,0,70,0.09658661049176856,0.05,0.4197901337166411,0.49,0.1788689045537316,0.11,0.3047543512378588,0.35,0.09137674420840962,0.1299268321691401,0.0,0.09625,0.32875,0.21625,0.35875,0.20238929930637412,0.29985312654991453,0.0,0.030119186899626043,0.3720497541362121,0.09068740841992899,0.5071436505442329,0.12819247403425768,0.20412365744125655,0.0,0.06318459344981302,0.35039987706810605,0.1534687042099645,0.4329468252721165,0.0,0.1452042068239694,1.0,0.09658661049176856,0.4197901337166411,0.1788689045537316,0.3047543512378588
78,0.10879692369925129,0.14686279817021825,0.2262030763007487,37,30,0.065,0,0,70,0.09602859166397834,0.055,0.4216910458965649,0.46,0.17776833203527292,0.11,0.3045120304041838,0.375,0.09294104589656495,0.1299268321691401,0.0,0.09625,0.32875,0.21625,0.35875,0.2026316201400491,0.29985312654991453,0.0,0.030119186899626043,0.3720497541362121,0.09068740841992899,0.5071436505442329,0.12843479486793266,0.20412365744125655,0.0,0.06318459344981302,0.35039987706810605,0.1534687042099645,0.4329468252721165,0.0,0.14686279817021825,1.0,0.09602859166397834,0.4216910458965649,0.17776833203527292,0.3045120304041838
79,0.14718809009338987,0.14847163177607964,0.22781190990661013,34,30,0.05,0,0,70,0.09548731340102187,0.07,0.4235349307110911,0.48,0.17670077669236792,0.055,0.30427697919551894,0.395,0.0947849307110912,0.1299268321691401,0.0,0.09625,0.32875,0.21625,0.35875,0.2028666713487139,0.29985312654991453,0.0,0.030119186899626043,0.3720497541362121,0.09068740841992899,0.5071436505442329,0.12866984607659743,0.20412365744125655,0.0,0.06318459344981302,0.35039987706810605,0.1534687042099645,0.4329468252721165,0.0,0.14847163177607964,1.0,0.09548731340102187,0.4235349307110911,0.17670077669236792,0.30427697919551894
80,0.13562752149570423,0.1500322003737653,0.22937247850429582,41,30,0.09,0,1,80,0.09496227348595407,0.055,0.42532349898118166,0.53,0.17566524800975017,0.08,0.30404897952311416,0.335,0.047201020476885874,0.1656597218694695,1.0,0.09375,0.39375,0.16125,0.35125,0.06096564869260926,0.18632574355653378,1.0,0.09361748076130105,0.4006513934713409,0.14071649755163468,0.3650146282157234,0.05408333458474758,0.17599273271300164,1.0,0.09368374038065053,0.39720069673567043,0.15098324877581734,0.3581323141078617,0.0,0.1500322003737653,1.0,0.09496227348595407,0.42532349898118166,0.17566524800975017,0.30404897952311416
81,0.15404111135080426,0.15161861051866526,0.23095888864919573,41,30,0.05,0,0,80,0.09429944886303257,0.045,0.4270981585313572,0.505,0.17474166248777168,0.07,0.30386073011783854,0.38,0.04738926988216145,0.1656597218694695,1.0,0.09375,0.39375,0.16125,0.35125,0.06115389809788484,0.18632574355653378,1.0,0.09361748076130105,0.4006513934713409,0.14071649755163468,0.3650146282157234,0.05427158399002316,0.17599273271300164,1.0,0.09368374038065053,0.39720069673567043,0.15098324877581734,0.3581323141078617,0.0,0.15161861051866526,1.0,0.09429944886303257,0.4270981585313572,0.17474166248777168,0.30386073011783854
82,0.13279616774420144,0.1528635541252681,0.23220383225579855,31,30,0.09,0,0,80,0.09367973308118399,0.04,0.4283925177034897,0.53,0.17411643466301738,0.095,0.3038113145523088,0.335,0.04750895236650714,0.1656597218694695,1.0,0.09375,0.39375,0.16125,0.35125,0.06120331366341451,0.18632574355653378,1.0,0.09361748076130105,0.4006513934713409,0.14071649755163468,0.3650146282157234,0.05432500685501937,0.17599273271300164,1.0,0.09368374038065053,0.39720069673567043,0.15098324877581734,0.3581323141078617,0.0,0.1528635541252681,1.0,0.09367973308118399,0.4283925177034897,0.17411643466301738,0.3038113145523088
83,0.1565885724457967,0.15407114942367284,0.23341142755420333,37,30,0.06,1,0,80,0.09307860877279087,0.04,0.42964804610045826,0.525,0.17350996367300575,0.07,0.303763381453745,0.365,0.048158009773464086,0.1656597218694695,1.0,0.09375,0.39375,0.16125,0.35125,0.061790118750488524,0.18632574355653378,1.0,0.09361748076130105,0.4006513934713409,0.14071649755163468,0.3650146282157234,0.05497406426197632,0.17599273271300164,1.0,0.09368374038065053,0.39720069673567043,0.15098324877581734,0.3581323141078617,0.0,0.15407114942367284,1.0,0.09307860877279087,0.42964804610045826,0.17350996367300575,0.303763381453745
84,0.11041720500634403,0.15524251686312546,0.23458279499365595,40,29,0.095,0,0,80,0.09249551819364951,0.055,0.43086590864551766,0.495,0.17292168681269443,0.1,0.3037168863481382,0.35,0.04878759545821219,0.1656597218694695,1.0,0.09375,0.39375,0.16125,0.35125,0.06241970443523663,0.18632574355653378,1.0,0.09361748076130105,0.4006513934713409,0.14071649755163468,0.3650146282157234,0.055603649946724426,0.17599273271300164,1.0,0.09368374038065053,0.39720069673567043,0.15098324877581734,0.3581323141078617,0.0,0.15524251686312546,1.0,0.09249551819364951,0.43086590864551766,0.17292168681269443,0.3037168863481382
85,0.12879541529726432,0.15686430657220518,0.23620458470273567,39,31,0.065,0,0,80,0.09185912288879801,0.05,0.43195937274175905,0.49,0.1719362924084663,0.085,0.3042452119609766,0.375,0.048895665150225386,0.1656597218694695,1.0,0.09375,0.39375,0.16125,0.35125,0.06252777412724983,0.18632574355653378,1.0,0.09361748076130105,0.4006513934713409,0.14071649755163468,0.3650146282157234,0.05571171963873762,0.17599273271300164,1.0,0.09368374038065053,0.39720069673567043,0.15098324877581734,0.3581323141078617,0.0,0.15686430657220518,1.0,0.09185912288879801,0.43195937274175905,0.1719362924084663,0.3042452119609766
86,0.10694312213053309,0.15871659973893643,0.23805687786946692,44,32,0.085,0,0,80,0.09096867728363348,0.05,0.4339976996454526,0.515,0.1709744448468995,0.105,0.30405917822401424,0.33,0.0499721444923522,0.1656597218694695,1.0,0.09375,0.39375,0.16125,0.35125,0.06360425346937663,0.18632574355653378,1.0,0.09361748076130105,0.4006513934713409,0.14071649755163468,0.3650146282157234,0.05678819898086443,0.17599273271300164,1.0,0.09368374038065053,0.39720069673567043,0.15098324877581734,0.3581323141078617,0.0,0.15871659973893643,1.0,0.09096867728363348,0.4339976996454526,0.1709744448468995,0.30405917822401424
87,0.13062779892300633,0.16003192294646318,0.23937220107699367,32,33,0.075,0,0,80,0.09051682101599424,0.05,0.4354895759599516,0.51,0.17011097790701207,0.08,0.30388262511704206,0.36,0.05060055386696368,0.1656597218694695,1.0,0.09375,0.39375,0.16125,0.35125,0.06423266284398813,0.18632574355653378,1.0,0.09361748076130105,0.4006513934713409,0.14071649755163468,0.3650146282157234,0.057416608355475914,0.17599273271300164,1.0,0.09368374038065053,0.39720069673567043,0.15098324877581734,0.3581323141078617,0.0,0.16003192294646318,1.0,0.09051682101599424,0.4354895759599516,0.17011097790701207,0.30388262511704206
88,0.06931428948426717,0.16134543238520233,0.24068571051573284,46,31,0.125,0,0,80,0.08997876356076737,0.075,0.436969562225239,0.495,0.16933552592349976,0.115,0.30371614829049376,0.315,0.05130508814873884,0.1656597218694695,1.0,0.09375,0.39375,0.16125,0.35125,0.06493719712576328,0.18632574355653378,1.0,0.09361748076130105,0.4006513934713409,0.14071649755163468,0.3650146282157234,0.05812114263725107,0.17599273271300164,1.0,0.09368374038065053,0.39720069673567043,0.15098324877581734,0.3581323141078617,0.0,0.16134543238520233,1.0,0.08997876356076737,0.436969562225239,0.16933552592349976,0.30371614829049376
89,0.09267055598222483,0.16298916588724466,0.24232944401777515,29,32,0.1,0,0,80,0.08928825954065338,0.04,0.4382665734348324,0.485,0.1683822964415715,0.125,0.3040628705829428,0.35,0.05164886987640386,0.1656597218694695,1.0,0.09375,0.39375,0.16125,0.35125,0.06528097885342829,0.18632574355653378,1.0,0.09361748076130105,0.4006513934713409,0.14071649755163468,0.3650146282157234,0.05846492436491609,0.17599273271300164,1.0,0.09368374038065053,0.39720069673567043,0.15098324877581734,0.3581323141078617,0.0,0.16298916588724466,1.0,0.08928825954065338,0.4382665734348324,0.1683822964415715,0.3040628705829428
90,0.07115393428701525,0.16450578758245427,0.24384606571298473,38,32,0.075,0,1,90,0.08857206083561872,0.065,0.43945971663860106,0.49,0.1675818734513965,0.12,0.30438634907438367,0.325,0.03204159008999759,0.1869097218694695,1.0,0.08875,0.43,0.145,0.33625,0.34632306911280597,0.3413865046292375,0.0,0.11318220755717616,0.09313664752579509,0.3108212460823123,0.4828598988347164,0.17789139287570357,0.18517093217072317,0.0,0.10096610377858808,0.2615683237628975,0.22791062304115617,0.4095549494173582,0.0,0.16450578758245427,1.0,0.08857206083561872,0.43945971663860106,0.1675818734513965,0.30438634907438367
91,0.1046159233468216,0.1660437985226479,0.2453840766531784,34,32,0.075,0,0,90,0.08788856085030759,0.045,0.4406443282038035,0.5,0.1667273624965139,0.105,0.3047397484493748,0.35,0.032371690700317514,0.1869097218694695,1.0,0.08875,0.43,0.145,0.33625,0.3475076806780085,0.3413865046292375,0.0,0.11318220755717616,0.09313664752579509,0.3108212460823123,0.4828598988347164,0.17907600444090607,0.18517093217072317,0.0,0.10096610377858808,0.2615683237628975,0.22791062304115617,0.4095549494173582,0.0,0.1660437985226479,1.0,0.08788856085030759,0.4406443282038035,0.1667273624965139,0.3047397484493748
92,0.08831341468824369,0.1673463071812258,0.2466865853117563,47,32,0.115,0,0,90,0.08720227520210573,0.06,0.44165107615251253,0.475,0.16611113948613793,0.105,0.3050355091592437,0.36,0.03276221563865051,0.1869097218694695,1.0,0.08875,0.43,0.145,0.33625,0.34851442862671755,0.3413865046292375,0.0,0.11318220755717616,0.09313664752579509,0.3108212460823123,0.4828598988347164,0.18008275238961505,0.18517093217072317,0.0,0.10096610377858808,0.2615683237628975,0.22791062304115617,0.4095549494173582,0.0,0.1673463071812258,1.0,0.08720227520210573,0.44165107615251253,0.16611113948613793,0.3050355091592437
93,0.12193677904160613,0.16872294282786338,0.2480632209583939,33,33,0.1,1,0,90,0.0867080998940731,0.045,0.44272712129586916,0.535,0.16522867914753292,0.085,0.3053360996625246,0.335,0.03295580044340218,0.1869097218694695,1.0,0.08875,0.43,0.145,0.33625,0.34959047377007413,0.3413865046292375,0.0,0.11318220755717616,0.09313664752579509,0.3108212460823123,0.4828598988347164,0.18115879753297173,0.18517093217072317,0.0,0.10096610377858808,0.2615683237628975,0.22791062304115617,0.4095549494173582,0.0,0.16872294282786338,1.0,0.0867080998940731,0.44272712129586916,0.16522867914753292,0.3053360996625246
94,0.11553256685923995,0.17012715501022957,0.24946743314076006,50,31,0.1,0,0,90,0.0862698361124254,0.045,0.44382839164272025,0.48,0.16426273074681447,0.09,0.3056390414980397,0.385,0.0330911223895348,0.1869097218694695,1.0,0.08875,0.43,0.145,0.33625,0.3506917441169253,0.3413865046292375,0.0,0.11318220755717616,0.09313664752579509,0.3108212460823123,0.4828598988347164,0.1822600678798228,0.18517093217072317,0.0,0.10096610377858808,0.2615683237628975,0.22791062304115617,0.4095549494173582,0.0,0.17012715501022957,1.0,0.0862698361124254,0.44382839164272025,0.16426273074681447,0.3056390414980397
95,0.07368907987814204,0.17197064199132747,0.25131092012185796,35,31,0.1,0,0,90,0.08543284427485673,0.055,0.4453819246612499,0.48,0.16325623560328523,0.12,0.305928995460608,0.345,0.0336381602645352,0.1869097218694695,1.0,0.08875,0.43,0.145,0.33625,0.35224527713545484,0.3413865046292375,0.0,0.11318220755717616,0.09313664752579509,0.3108212460823123,0.4828598988347164,0.18381360089835244,0.18517093217072317,0.0,0.10096610377858808,0.2615683237628975,0.22791062304115617,0.4095549494173582,0.0,0.17197064199132747,1.0,0.08543284427485673,0.4453819246612499,0.16325623560328523,0.305928995460608
96,0.1015495824811534,0.1741101393883161,0.2534504175188466,34,33,0.145,0,0,90,0.08454499520057304,0.045,0.44673728667488355,0.51,0.16200458728058043,0.1,0.3067131308439631,0.345,0.03374187395546391,0.1869097218694695,1.0,0.08875,0.43,0.145,0.33625,0.35360063914908835,0.3413865046292375,0.0,0.11318220755717616,0.09313664752579509,0.3108212460823123,0.4828598988347164,0.18516896291198595,0.18517093217072317,0.0,0.10096610377858808,0.2615683237628975,0.22791062304115617,0.4095549494173582,0.0,0.1741101393883161,1.0,0.08454499520057304,0.44673728667488355,0.16200458728058043,0.3067131308439631
97,0.11486874209178219,0.17579097977768732,0.25513125790821783,40,33,0.13,0,0,90,0.0836185484066633,0.045,0.4481687909644213,0.52,0.16125019368511898,0.085,0.3069624669437966,0.35,0.0344189846495402,0.1869097218694695,1.0,0.08875,0.43,0.145,0.33625,0.3550321434386261,0.3413865046292375,0.0,0.11318220755717616,0.09313664752579509,0.3108212460823123,0.4828598988347164,0.1866004672015237,0.18517093217072317,0.0,0.10096610377858808,0.2615683237628975,0.22791062304115617,0.4095549494173582,0.0,0.17579097977768732,1.0,0.0836185484066633,0.4481687909644213,0.16125019368511898,0.3069624669437966
98,0.08823892096209697,0.17742080090737253,0.256761079037903,46,32,0.13,0,0,90,0.08255523567369974,0.045,0.44952026821655594,0.5,0.16068368528839724,0.11,0.3072408108213471,0.345,0.03520395350495319,0.1869097218694695,1.0,0.08875,0.43,0.145,0.33625,0.35638362069076085,0.3413865046292375,0.0,0.11318220755717616,0.09313664752579509,0.3108212460823123,0.4828598988347164,0.18795194445365843,0.18517093217072317,0.0,0.10096610377858808,0.2615683237628975,0.22791062304115617,0.4095549494173582,0.0,0.17742080090737253,1.0,0.08255523567369974,0.44952026821655594,0.16068368528839724,0.3072408108213471
99,0.08665799446630218,0.17900172740316733,0.2583420055336978,32,33,0.125,0,0,90,0.08152382232272506,0.045,0.4508312011511265,0.49,0.16013417214357722,0.11,0.3075108043825714,0.355,0.035965373294703645,0.1869097218694695,1.0,0.08875,0.43,0.145,0.33625,0.3576945536253313,0.3413865046292375,0.0,0.11318220755717616,0.09313664752579509,0.3108212460823123,0.4828598988347164,0.1892628773882289,0.18517093217072317,0.0,0.10096610377858808,0.2615683237628975,0.22791062304115617,0.4095549494173582,0.0,0.17900172740316733,1.0,0.08152382232272506,0.4508312011511265,0.16013417214357722,0.3075108043825714
