scenario_order,scenario_id,scenario_kind,parameter,value,critical_alpha,critical_alpha_ci95_low,critical_alpha_ci95_high,critical_alpha_delta_vs_baseline,critical_delta_ci95_low,critical_delta_ci95_high,metric_range,maximum_internal_gradient,identification_rate,paired_identification_rate
0,baseline,baseline,baseline,registered,0.6,0.55,0.6,0.0,0.0,0.0,0.4006476190476189,1.823296507936508,1.0,1.0
1,strategy_no_response,response_strategy,response_strategy,none,0.6,0.6,0.6,0.0,0.0,0.0499999999999999,0.4594857142857142,2.227860317460317,1.0,1.0
2,heat_decay_090,parameter,heat_decay,0.9,0.6,0.55,0.6,0.0,-0.0499999999999999,0.0,0.4262039999999999,1.9834273015873023,1.0,1.0
3,heat_decay_085,parameter,heat_decay,0.85,0.55,0.55,0.6,-0.0499999999999999,-0.0499999999999999,0.0,0.4408655238095236,2.0399688888888896,1.0,1.0
4,response_delay_5,parameter,response_delay,5,0.6,0.6,0.6,0.0,0.0,0.0499999999999999,0.4457904761904761,2.1620704761904763,1.0,1.0
5,response_delay_8,parameter,response_delay,8,0.6,0.6,0.6,0.0,0.0,0.0499999999999999,0.4588761904761904,2.245827301587301,1.0,1.0
6,drift_rate_005,parameter,preference_drift_rate,0.05,0.6,0.6,0.6,0.0,0.0,0.0499999999999999,0.4246091428571427,1.9397307936507944,1.0,1.0
7,drift_rate_001,parameter,preference_drift_rate,0.01,0.55,0.55,0.6,-0.0499999999999999,-0.0499999999999999,0.0,0.3799047619047617,1.61160888888889,1.0,1.0
8,trust_update_012,parameter,trust_update_rate,0.12,0.6,0.55,0.6,0.0,0.0,0.0499999999999999,0.4103653333333333,1.8742666666666676,1.0,1.0
9,trust_update_003,parameter,trust_update_rate,0.03,0.6,0.55,0.6,0.0,0.0,0.0499999999999999,0.4060620952380952,1.8342387301587295,1.0,1.0
10,trust_feedback_050,parameter,trust_feedback_strength,0.5,0.6,0.55,0.6,0.0,-0.0499999999999999,0.0,0.3996571428571427,1.8473720634920645,1.0,1.0
11,trust_feedback_010,parameter,trust_feedback_strength,0.1,0.6,0.55,0.6,0.0,0.0,0.0499999999999999,0.4081653333333332,1.8732184126984133,1.0,1.0
12,response_threshold_030,parameter,response_threshold,0.3,0.65,0.65,0.65,0.05,0.05,0.0999999999999999,0.3799047619047617,1.5081174603174603,1.0,1.0
13,response_threshold_010,parameter,response_threshold,0.1,0.6,0.55,0.6,0.0,0.0,0.0499999999999999,0.4413230476190476,2.1393695238095245,1.0,1.0
14,response_retention_090,parameter,response_strength,0.9,0.6,0.6,0.6,0.0,0.0,0.0499999999999999,0.4539657142857142,2.22775873015873,1.0,1.0
15,response_retention_050,parameter,response_strength,0.5,0.6,0.55,0.6,0.0,-0.0499999999999999,0.0499999999999999,0.381554857142857,1.510527619047619,1.0,1.0
16,strategy_selective,response_strategy,response_strategy,selective,0.6,0.6,0.6,0.0,0.0,0.0499999999999999,0.7090095238095236,3.423619047619048,1.0,1.0
17,strategy_wait,response_strategy,response_strategy,wait,0.6,0.6,0.6,0.0,0.0,0.0499999999999999,0.4041622857142856,1.7789149206349204,1.0,1.0
18,order_new_information_after_recommendation,execution_order,execution_order,new_information_after_recommendation,0.55,0.55,0.6,-0.0499999999999999,-0.0499999999999999,0.0499999999999999,0.3684571428571427,1.652735238095239,1.0,1.0
19,order_government_action_at_end,execution_order,execution_order,government_action_at_end,0.6,0.6,0.6,0.0,0.0,0.0499999999999999,0.443931238095238,2.0474355555555546,1.0,1.0
20,order_decay_before_recommendation,execution_order,execution_order,decay_before_recommendation,0.6,0.6,0.6,0.0,0.0,0.0499999999999999,0.4205438095238094,1.8975257142857145,1.0,1.0
