scenario_order,scenario_id,scenario_kind,parameter,value,endpoint,alpha,metric,n_pairs,baseline_mean,scenario_mean,mean_paired_difference,difference_ci95_low,difference_ci95_high,hedges_gz,wilcoxon_statistic,p_raw,p_holm
1,strategy_no_response,response_strategy,response_strategy,none,critical_alpha,0.6,mean_agenda_divergence,50,0.263887619047619,0.23342857142857135,-0.030459047619047636,-0.04629115714285718,-0.015440152380952397,-0.5323899135592342,168.0,0.0006700016655179542,0.04489011158970293
1,strategy_no_response,response_strategy,response_strategy,none,critical_alpha,0.6,system_stability,50,3.4496449886613284e-05,3.550692593720918e-33,-3.4496449886613284e-05,-6.775279773241524e-05,-1.1361103673466395e-05,-0.31986738541105886,120.0,0.004091801259252079,0.2659670818513851
1,strategy_no_response,response_strategy,response_strategy,none,critical_alpha,0.6,storm_time_share,50,0.8,0.84,0.04,0.0,0.1,0.1989637850745787,0.0,0.15729920705028502,1.0
1,strategy_no_response,response_strategy,response_strategy,none,critical_alpha,0.6,mean_trust,50,0.6071326370687872,0.5917176017243382,-0.01541503534444908,-0.01752283755817622,-0.013343502391547026,-1.9728236083983925,0.0,1.7763568394002505e-15,1.4210854715202004e-13
2,heat_decay_090,parameter,heat_decay,0.9,critical_alpha,0.6,mean_agenda_divergence,50,0.263887619047619,0.28125333333333324,0.017365714285714276,-0.004089861904761933,0.0377001666666666,0.22202377686675592,265.0,0.01970420118713975,1.0
2,heat_decay_090,parameter,heat_decay,0.9,critical_alpha,0.6,system_stability,50,3.4496449886613284e-05,1.8450546938773515e-05,-1.6045902947839772e-05,-5.965426399092428e-05,3.21831801360596e-05,-0.09622960279853837,270.5,0.14677713746228488,1.0
2,heat_decay_090,parameter,heat_decay,0.9,critical_alpha,0.6,storm_time_share,50,0.8,0.8432,0.0432,0.0,0.1032,0.21419655210473534,0.0,0.10247043485974937,1.0
2,heat_decay_090,parameter,heat_decay,0.9,critical_alpha,0.6,mean_trust,50,0.6071326370687872,0.6056522658961399,-0.0014803711726473344,-0.004208857014630981,0.0012628219915235101,-0.14907118058943866,488.0,0.1515030570827971,1.0
3,heat_decay_085,parameter,heat_decay,0.85,critical_alpha,0.6,mean_agenda_divergence,50,0.263887619047619,0.30179733333333325,0.03790971428571427,0.012573271428571436,0.06329685238095235,0.39918342662833173,216.0,0.00544312619666255,0.33747382419307814
3,heat_decay_085,parameter,heat_decay,0.85,critical_alpha,0.6,system_stability,50,3.4496449886613284e-05,1.8024315646258e-05,-1.6472134240355286e-05,-6.110423900225188e-05,3.1944682403633185e-05,-0.09899012724582466,242.5,0.23471324624974155,1.0
3,heat_decay_085,parameter,heat_decay,0.85,critical_alpha,0.6,storm_time_share,50,0.8,0.86,0.06,0.0,0.14,0.24625857019438646,0.0,0.0832645166635504,1.0
3,heat_decay_085,parameter,heat_decay,0.85,critical_alpha,0.6,mean_trust,50,0.6071326370687872,0.603361486085229,-0.003771150983558158,-0.007095045341038679,-0.0005354221987758798,-0.3074920945961683,440.0,0.056738698656332076,1.0
4,response_delay_5,parameter,response_delay,5,critical_alpha,0.6,mean_agenda_divergence,50,0.263887619047619,0.2591415238095237,-0.004746095238095261,-0.01617676190476193,0.006541461904761868,-0.11281763896167567,295.0,0.3940059114897998,1.0
4,response_delay_5,parameter,response_delay,5,critical_alpha,0.6,system_stability,50,3.4496449886613284e-05,1.1945850340136034e-06,-3.3301864852599684e-05,-6.614189242629099e-05,-9.912948843534683e-06,-0.311398566867949,141.0,0.05973426583986033,1.0
4,response_delay_5,parameter,response_delay,5,critical_alpha,0.6,storm_time_share,50,0.8,0.82,0.02,0.0,0.06,0.13924564306442785,0.0,0.31731050786291415,1.0
4,response_delay_5,parameter,response_delay,5,critical_alpha,0.6,mean_trust,50,0.6071326370687872,0.599827817329793,-0.007304819738994324,-0.009101634436929523,-0.005777341056264874,-1.1967563816687246,32.0,4.9116266609416925e-12,3.6837199957062694e-10
5,response_delay_8,parameter,response_delay,8,critical_alpha,0.6,mean_agenda_divergence,50,0.263887619047619,0.24929523809523804,-0.014592380952380947,-0.026922266666666687,-0.0012995333333333176,-0.3060858244407776,214.0,0.038045491392907325,1.0
5,response_delay_8,parameter,response_delay,8,critical_alpha,0.6,system_stability,50,3.4496449886613284e-05,4.638602271056658e-33,-3.4496449886613284e-05,-6.777425990929036e-05,-1.1116578684802442e-05,-0.31986738541105886,132.5,0.02350400619376669,1.0
5,response_delay_8,parameter,response_delay,8,critical_alpha,0.6,storm_time_share,50,0.8,0.82,0.02,0.0,0.06,0.13924564306442785,0.0,0.31731050786291415,1.0
5,response_delay_8,parameter,response_delay,8,critical_alpha,0.6,mean_trust,50,0.6071326370687872,0.5969461405922765,-0.010186496476510778,-0.012003686912002048,-0.008450120267756255,-1.537101600092237,8.0,4.440892098500626e-14,3.4638958368304884e-12
6,drift_rate_005,parameter,preference_drift_rate,0.05,critical_alpha,0.6,mean_agenda_divergence,50,0.263887619047619,0.25119161904761905,-0.012695999999999994,-0.025868042857142858,-0.0008249952380952535,-0.27617748766783273,242.5,0.024357510824637326,1.0
6,drift_rate_005,parameter,preference_drift_rate,0.05,critical_alpha,0.6,system_stability,50,3.4496449886613284e-05,2.4766309297049598e-05,-9.730140589563686e-06,-4.6565583083891316e-05,2.406458321995496e-05,-0.07408707144206604,195.5,0.6341221066921707,1.0
6,drift_rate_005,parameter,preference_drift_rate,0.05,critical_alpha,0.6,storm_time_share,50,0.8,0.82,0.02,-0.04,0.1,0.07985213291410603,2.0,0.5637028616507731,1.0
6,drift_rate_005,parameter,preference_drift_rate,0.05,critical_alpha,0.6,mean_trust,50,0.6071326370687872,0.6076648261192935,0.0005321890505063731,-0.0013559425611233565,0.002408366250989547,0.07908601102446412,486.0,0.14601836144972324,1.0
7,drift_rate_001,parameter,preference_drift_rate,0.01,critical_alpha,0.6,mean_agenda_divergence,50,0.263887619047619,0.2546923809523809,-0.00919523809523809,-0.030859499999999995,0.01278558571428571,-0.11741909195492202,355.0,0.22758485936587003,1.0
7,drift_rate_001,parameter,preference_drift_rate,0.01,critical_alpha,0.6,system_stability,50,3.4496449886613284e-05,7.634041723355073e-05,4.184396734693744e-05,-2.585010158729946e-05,0.00014932864244896908,0.12104001913409344,214.5,0.03873438317446835,1.0
7,drift_rate_001,parameter,preference_drift_rate,0.01,critical_alpha,0.6,storm_time_share,50,0.8,0.8303999999999999,0.0304,0.0,0.0808,0.18937099995008136,0.0,0.17971249487899976,1.0
7,drift_rate_001,parameter,preference_drift_rate,0.01,critical_alpha,0.6,mean_trust,50,0.6071326370687872,0.6076139555442791,0.0004813184754917632,-0.002078730405158485,0.0029490231799956844,0.052071271717024775,524.0,0.27798803015155293,1.0
8,trust_update_012,parameter,trust_update_rate,0.12,critical_alpha,0.6,mean_agenda_divergence,50,0.263887619047619,0.26106495238095234,-0.0028226666666666582,-0.011742752380952362,0.0031250761904761744,-0.10069389928233342,191.5,0.17518432956506402,1.0
8,trust_update_012,parameter,trust_update_rate,0.12,critical_alpha,0.6,system_stability,50,3.4496449886613284e-05,2.3821879365077654e-05,-1.0674570521535628e-05,-2.6864431383212486e-05,6.076457596386612e-07,-0.2067347043586916,163.5,0.7604433248813884,1.0
8,trust_update_012,parameter,trust_update_rate,0.12,critical_alpha,0.6,storm_time_share,50,0.8,0.8,0.0,0.0,0.0,,,1.0,1.0
8,trust_update_012,parameter,trust_update_rate,0.12,critical_alpha,0.6,mean_trust,50,0.6071326370687872,0.6068883434611206,-0.00024429360766660136,-0.0012384512755120305,0.0008077386653825023,-0.06541150696977949,442.0,0.05935623218713815,1.0
9,trust_update_003,parameter,trust_update_rate,0.03,critical_alpha,0.6,mean_agenda_divergence,50,0.263887619047619,0.2565931428571428,-0.007294476190476196,-0.017509585714285743,0.00029912857142857363,-0.21800377155558448,154.0,0.10639417319061394,1.0
9,trust_update_003,parameter,trust_update_rate,0.03,critical_alpha,0.6,system_stability,50,3.4496449886613284e-05,2.426034648525726e-05,-1.0236103401356023e-05,-3.814667265305437e-05,8.337343945586772e-06,-0.11414698237666746,142.0,0.8190022759529896,1.0
9,trust_update_003,parameter,trust_update_rate,0.03,critical_alpha,0.6,storm_time_share,50,0.8,0.8,0.0,0.0,0.0,,,1.0,1.0
9,trust_update_003,parameter,trust_update_rate,0.03,critical_alpha,0.6,mean_trust,50,0.6071326370687872,0.6079002483549357,0.000767611286148413,-5.478575455624978e-05,0.0018192729829139525,0.21798313430004254,365.0,0.00784436585604098,0.4785063172184998
10,trust_feedback_050,parameter,trust_feedback_strength,0.5,critical_alpha,0.6,mean_agenda_divergence,50,0.263887619047619,0.268679238095238,0.004791619047619034,-0.014947404761904738,0.02460994761904761,0.06432878960787945,361.5,0.37124403364882785,1.0
10,trust_feedback_050,parameter,trust_feedback_strength,0.5,critical_alpha,0.6,system_stability,50,3.4496449886613284e-05,1.7171450340132165e-05,-1.7324999546481116e-05,-5.1085875192738156e-05,5.580816598640059e-06,-0.1609275735900762,145.5,0.2958256927693236,1.0
10,trust_feedback_050,parameter,trust_feedback_strength,0.5,critical_alpha,0.6,storm_time_share,50,0.8,0.82,0.02,0.0,0.06,0.13924564306442785,0.0,0.31731050786291415,1.0
10,trust_feedback_050,parameter,trust_feedback_strength,0.5,critical_alpha,0.6,mean_trust,50,0.6071326370687872,0.6084934237301524,0.0013607866613651743,-0.0011575603807925518,0.0038624368215629096,0.1465769210551145,522.0,0.2695104487517437,1.0
11,trust_feedback_010,parameter,trust_feedback_strength,0.1,critical_alpha,0.6,mean_agenda_divergence,50,0.263887619047619,0.25078838095238093,-0.013099238095238091,-0.03151679523809522,0.005892566666666677,-0.19040905748320397,280.0,0.08057341184531776,1.0
11,trust_feedback_010,parameter,trust_feedback_strength,0.1,critical_alpha,0.6,system_stability,50,3.4496449886613284e-05,2.149628480725321e-05,-1.3000165079360073e-05,-5.20389333786759e-05,2.0031604126981722e-05,-0.09745722450986723,238.0,0.44744231693129355,1.0
11,trust_feedback_010,parameter,trust_feedback_strength,0.1,critical_alpha,0.6,storm_time_share,50,0.8,0.82,0.02,0.0,0.06,0.13924564306442783,0.0,0.31731050786291415,1.0
11,trust_feedback_010,parameter,trust_feedback_strength,0.1,critical_alpha,0.6,mean_trust,50,0.6071326370687872,0.6087993856263625,0.0016667485575752106,-0.0011963637588462517,0.004438326935233807,0.16133557449576338,480.0,0.13045894629165566,1.0
12,response_threshold_030,parameter,response_threshold,0.3,critical_alpha,0.6,mean_agenda_divergence,50,0.263887619047619,0.10501752380952376,-0.15887009523809525,-0.1948051666666667,-0.12322614761904763,-1.2089943208224085,14.0,2.983484003221232e-08,2.1779433223514994e-06
12,response_threshold_030,parameter,response_threshold,0.3,critical_alpha,0.6,system_stability,50,3.4496449886613284e-05,0.0003052903038548584,0.0002707938539682451,8.057610204081514e-05,0.0005152612670294585,0.33191160260924346,262.0,0.02898842611485885,1.0
12,response_threshold_030,parameter,response_threshold,0.3,critical_alpha,0.6,storm_time_share,50,0.8,0.6580000000000001,-0.142,-0.2626,-0.019395000000000072,-0.3200613716906133,43.0,0.0630498815601528,1.0
12,response_threshold_030,parameter,response_threshold,0.3,critical_alpha,0.6,mean_trust,50,0.6071326370687872,0.6191105762557227,0.011977939186935524,0.006566001964925539,0.01710278367983707,0.5932362213228235,237.0,5.639617199193481e-05,0.0038913358674435017
13,response_threshold_010,parameter,response_threshold,0.1,critical_alpha,0.6,mean_agenda_divergence,50,0.263887619047619,0.27780952380952373,0.013921904761904757,0.002203609523809521,0.02497637142857138,0.33126942699325446,61.0,0.00014711781899667367,0.01000401169177381
13,response_threshold_010,parameter,response_threshold,0.1,critical_alpha,0.6,system_stability,50,3.4496449886613284e-05,8.590610516939265e-33,-3.4496449886613284e-05,-6.777016204080887e-05,-1.1003406666661915e-05,-0.31986738541105886,86.5,0.0137470089284013,0.7835795089188741
13,response_threshold_010,parameter,response_threshold,0.1,critical_alpha,0.6,storm_time_share,50,0.8,0.84,0.04,0.0,0.1,0.1989637850745787,0.0,0.15729920705028502,1.0
13,response_threshold_010,parameter,response_threshold,0.1,critical_alpha,0.6,mean_trust,50,0.6071326370687872,0.6061137666889773,-0.0010188703798099086,-0.0028742757183783446,0.000891159744490373,-0.14388544585962504,231.0,0.009732461960708759,0.564482793721108
14,response_retention_090,parameter,response_strength,0.9,critical_alpha,0.6,mean_agenda_divergence,50,0.263887619047619,0.24438095238095234,-0.01950666666666667,-0.03226130952380954,-0.006990480952380947,-0.4180023632660243,200.0,0.008013175519865438,0.4807905311919263
14,response_retention_090,parameter,response_strength,0.9,critical_alpha,0.6,system_stability,50,3.4496449886613284e-05,5.014399351455217e-33,-3.4496449886613284e-05,-6.918858920634024e-05,-1.076412335600564e-05,-0.31986738541105886,104.5,0.004900192974235948,0.30871215737686475
14,response_retention_090,parameter,response_strength,0.9,critical_alpha,0.6,storm_time_share,50,0.8,0.82,0.02,0.0,0.06,0.13924564306442785,0.0,0.31731050786291415,1.0
14,response_retention_090,parameter,response_strength,0.9,critical_alpha,0.6,mean_trust,50,0.6071326370687872,0.5969327061177565,-0.010199930951030764,-0.012068575130535296,-0.008430123531924988,-1.5413921911666792,3.0,8.881784197001252e-15,7.016609515630989e-13
15,response_retention_050,parameter,response_strength,0.5,critical_alpha,0.6,mean_agenda_divergence,50,0.263887619047619,0.2283497142857142,-0.03553790476190476,-0.05777699523809527,-0.013763795238095223,-0.43391497437824367,201.0,0.002939993508881961,0.19403957158620944
15,response_retention_050,parameter,response_strength,0.5,critical_alpha,0.6,system_stability,50,3.4496449886613284e-05,0.0004660703201813806,0.00043157387029476733,0.00021686210476189985,0.0006903739973695955,0.4835728492552504,87.0,2.3480475952967145e-05,0.0016436333167077
15,response_retention_050,parameter,response_strength,0.5,critical_alpha,0.6,storm_time_share,50,0.8,0.7803999999999999,-0.0196,-0.098,0.0404,-0.07876967266104269,2.5,0.7854947471183542,1.0
15,response_retention_050,parameter,response_strength,0.5,critical_alpha,0.6,mean_trust,50,0.6071326370687872,0.623489775521698,0.016357138452910865,0.013207509876132631,0.01956302659502073,1.3886187575970417,24.0,1.3535839116229909e-12,1.042259611949703e-10
16,strategy_selective,response_strategy,response_strategy,selective,critical_alpha,0.6,mean_agenda_divergence,50,0.263887619047619,0.3950285714285713,0.13114095238095236,0.1087019571428571,0.15465876666666659,1.5463580304308493,0.0,1.6310100430962223e-09,1.2069474318912046e-07
16,strategy_selective,response_strategy,response_strategy,selective,critical_alpha,0.6,system_stability,50,3.4496449886613284e-05,1.1556542631295609e-32,-3.4496449886613284e-05,-6.872051070293677e-05,-1.032710058956655e-05,-0.31986738541105886,340.5,0.4889406304854279,1.0
16,strategy_selective,response_strategy,response_strategy,selective,critical_alpha,0.6,storm_time_share,50,0.8,0.96,0.16,0.06,0.26,0.42540246635702883,0.0,0.0046777349810472576,0.2993750387870245
16,strategy_selective,response_strategy,response_strategy,selective,critical_alpha,0.6,mean_trust,50,0.6071326370687872,0.5877554716501436,-0.019377165418643524,-0.022883201786440086,-0.015749374473227867,-1.4838310772608114,26.0,1.8989254613188677e-12,1.4431833506023395e-10
17,strategy_wait,response_strategy,response_strategy,wait,critical_alpha,0.6,mean_agenda_divergence,50,0.263887619047619,0.23145009523809523,-0.032437523809523826,-0.04859607142857143,-0.0187783142857143,-0.5896306727855525,39.0,2.42267699193304e-06,0.00017201006642724584
17,strategy_wait,response_strategy,response_strategy,wait,critical_alpha,0.6,system_stability,50,3.4496449886613284e-05,0.00012286428117912874,8.836783129251544e-05,2.429938548752597e-05,0.00016846702548752588,0.3298355109194152,105.5,0.008949512935484325,0.5280212631935752
17,strategy_wait,response_strategy,response_strategy,wait,critical_alpha,0.6,storm_time_share,50,0.8,0.8,0.0,0.0,0.0,,,1.0,1.0
17,strategy_wait,response_strategy,response_strategy,wait,critical_alpha,0.6,mean_trust,50,0.6071326370687872,0.6141942537518696,0.007061616683082441,0.0043324622523984516,0.009918098656973993,0.6692954578413162,156.0,5.951474850718341e-07,4.285061892517206e-05
18,order_new_information_after_recommendation,execution_order,execution_order,new_information_after_recommendation,critical_alpha,0.6,mean_agenda_divergence,50,0.263887619047619,0.25065238095238096,-0.01323523809523811,-0.05810041428571426,0.03435835238095235,-0.07816273281934848,449.0,0.4394056294537051,1.0
18,order_new_information_after_recommendation,execution_order,execution_order,new_information_after_recommendation,critical_alpha,0.6,system_stability,50,3.4496449886613284e-05,2.4492097959183095e-05,-1.000435192743019e-05,-5.058962267572167e-05,3.0623560000005096e-05,-0.06618260496068133,263.0,0.27080868777155553,1.0
18,order_new_information_after_recommendation,execution_order,execution_order,new_information_after_recommendation,critical_alpha,0.6,storm_time_share,50,0.8,0.8,0.0,-0.14,0.14,0.0,39.0,1.0,1.0
18,order_new_information_after_recommendation,execution_order,execution_order,new_information_after_recommendation,critical_alpha,0.6,mean_trust,50,0.6071326370687872,0.6111273498802163,0.003994712811429177,-0.0022827210231363975,0.010213196604949964,0.17182957037581675,481.0,0.1329605561585705,1.0
19,order_government_action_at_end,execution_order,execution_order,government_action_at_end,critical_alpha,0.6,mean_agenda_divergence,50,0.263887619047619,0.2500184761904761,-0.013869142857142875,-0.04980133809523811,0.021217938095238045,-0.10363913435188227,392.0,0.32803913703375254,1.0
19,order_government_action_at_end,execution_order,execution_order,government_action_at_end,critical_alpha,0.6,system_stability,50,3.4496449886613284e-05,5.269880997732091e-05,1.8202360090707614e-05,-4.2047526666661385e-05,9.272030503401144e-05,0.07346201986112358,332.0,0.5764333660862885,1.0
19,order_government_action_at_end,execution_order,execution_order,government_action_at_end,critical_alpha,0.6,storm_time_share,50,0.8,0.84,0.04,-0.06,0.14,0.11330884048123087,7.0,0.4142161782425253,1.0
19,order_government_action_at_end,execution_order,execution_order,government_action_at_end,critical_alpha,0.6,mean_trust,50,0.6071326370687872,0.6030883379408053,-0.004044299127981872,-0.009013374562447881,0.0008005695628428752,-0.22106625534401725,506.0,0.20795951830847592,1.0
20,order_decay_before_recommendation,execution_order,execution_order,decay_before_recommendation,critical_alpha,0.6,mean_agenda_divergence,50,0.263887619047619,0.23749409523809517,-0.02639352380952382,-0.04902679047619047,-0.003607052380952414,-0.3177225672908432,294.0,0.048915548496974784,1.0
20,order_decay_before_recommendation,execution_order,execution_order,decay_before_recommendation,critical_alpha,0.6,system_stability,50,3.4496449886613284e-05,2.7141710657591876e-05,-7.354739229021407e-06,-4.8433687437631554e-05,2.9207110476191055e-05,-0.052894263952435794,272.0,0.6627145873299787,1.0
20,order_decay_before_recommendation,execution_order,execution_order,decay_before_recommendation,critical_alpha,0.6,storm_time_share,50,0.8,0.82,0.02,-0.04,0.08,0.07985213291410603,2.0,0.5637028616507731,1.0
20,order_decay_before_recommendation,execution_order,execution_order,decay_before_recommendation,critical_alpha,0.6,mean_trust,50,0.6071326370687872,0.6099703843671782,0.002837747298390909,0.00012460614350029054,0.005521954150720081,0.2731667965085313,445.0,0.06346609527860991,1.0
