experiment_id,priority,purpose,design,initial_repeats,status,gate
R0,core,Restore original innovation,Reverse black box; attention architecture; positive and negative feedback; delayed response; trust,NA,implemented_v040,Revised implementation rather than legacy numerical replication
R1,core,Development verification,12 scenarios x 5 alpha levels x 8 seeds; N=120; T=240; final window=80,8,complete_480_worlds,Development runs do not establish formal substantive findings
R2,P0,E2 double opacity,I00/I10/I01/I11: PrefInfo finite survey x RuleInfo disclosure; common restricted estimator and signal construction; fixed-packet replay separate,precision_based,formal_design_frozen_run_pending,Registered N100 T300 design; shared n184/1000; formal effects await run and reconstruction
R3,P0_P1,E3 response boundaries,Unified tick order; observation and administrative delay separated; scheduling capacity explicit; fixed-plan replay diagnostic,precision_based,formal_design_frozen_run_pending,Closed-loop and fixed-plan estimands remain distinct; three planning precision shortfalls retained; formal results pending
R4,P0,E4 same-state interventions,B0 status quo; B1 preference information; B2 faster response; B3 scheduling capacity; B4 ranking; optional B5 strength,precision_based,B0_B4_formal_design_frozen_run_pending,B0-B4 registered; optional B5 excluded; dynamic recovery remains outside this formal freeze
R5,core,Mechanism identification,Factorial emotion x drift x response plus trust and ranking alternatives; source emotion separated from topic emotion,precision_based,one_factor_pilot_complete,One-at-a-time ablations do not identify mechanism interactions or necessity
R6,P1,Nonlinear change and persistence,Fine grid; N/T; initial states; continuation; healthy-reference exposure_gap recovery criteria,precision_based,S1_dynamic_development_accepted,State-preserving return paths; candidate-reference recovery and censoring; small N/T/initial checks; formal fine-grid study pending
R7,P1,Minimal trust module,Update on/off x feedback on/off; frozen state already configurable; prediction separate,precision_based,S1_trust_2x2_accepted,Update and feedback varied independently; no new equation; held-out prediction not implemented
R8,P1,Freeze formal experiments,S0 then S1 then independent precision pilot; paired variance and joint support for all outcomes with missingness; fixed formal n and unused seeds,precision_based,formal_design_frozen_run_pending,253 tests; n184/1000 and 1000 unused nested seeds; pointwise t and all102 Holm; 3 shortfalls and 61 instability flags retained; zero formal models run
R9,required,Structural robustness,Topic relabeling; population preference/agenda alignment; supply density; consumption rule; ranking family,precision_based,partial_ranking_pilot,Separate agenda control from public preference representation and welfare
R10,P2,Empirical interface and motivation,Matched taxonomy and windows; valid denominators; TV primary and JSD/ranks/top-k offline,NA,source_feasibility_review_only,Search interest is not recommendation exposure or latent preference truth
R11,core,Legacy three-layer descriptive diagnostics,Legacy exposure divergence; active-arm perception error; executed-cohort target mismatch; missing no-action and censored pending,8,complete_480_worlds_93879_cohorts,No independent public signal in these runs; cannot rename legacy exposure output as the new platform_representation_gap
R12,P0,Government sensing and permissions,Publisher separated from sensing and evaluator; history-only packet; evidence_signature; estimate input versus latest packet; whitelist,NA,S0_S1_permissions_accepted,Legal government sensing and adaptive plans reconstruct from archived permitted inputs; no re-smoothing repeated evidence
R13,P0_P1,State and randomness,Serialize complete state and phase; stable IDs; named RNG mapping; common exogenous shock tape,NA,S0_S1_state_randomness_accepted,Snapshot restore and branch isolation accepted; controlled replay has separate queue/identity namespace
R14,P0,S0 sanity,Proposed 2 alpha x 3 seeds x 4 information cells=24 worlds; 6 parent snapshots x 5 branches=30 suffixes,3,complete_24_worlds_30_suffixes,125 tests and serial/parallel S0 accepted; historical outputs preserved
R15,P1,S1 implementation verification,Zero delay; heat accumulation/ranking/survival/response full heat-off; frozen trust; metadata invariants,NA,complete_134_records_163_tests,120 complete records and 14 dynamic checkpoints; zero delay/full heat-off/trust 2x2 and all stored diagnostics accepted; not formal
R16,P1,Formal world and event metadata,Global batch/world IDs; code/config/initial-state/snapshot/shock hashes; treatment and packet references,NA,S1_metadata_accepted,"Batch/world and engine parent references, source/config/initial/snapshot/randomness hashes, checkpoints and evaluator split accepted"
R17,P2,End-to-end reproduction,Frozen config to raw to derived to figures/tables with source and output hashes,NA,formal_pipeline_fixture_accepted_actual_run_pending,Guarded raw reconstruction and 102-row primary plus auxiliary output tested on tiny fixtures; full formal batch and substantive figures pending; raw immutable
R18,P0,Public signal and outcome semantics,P/E/S_public/S_available/P_hat; raw counts and denominators; delivery and update clocks; fixed-L completion; V01-V14 and cross-layer fixtures,NA,S0_S1_signal_outcome_accepted,P/E/S and used evidence remain separate; fixed-L and right censoring retained; summary and joint support reconstruction accepted
