run_id,scope,condition_id,alpha,seed,response_delay_days,petition_id,event_type,step,value,evidence
case_typical_22__a0.40__s73000,smoke,case_typical_22,0.4,73000,22,700024,petition_opened,0,5,case_open_time_plus_uk_submission_rule
case_typical_22__a0.40__s73000,smoke,case_typical_22,0.4,73000,22,700024,government_response_scheduled,14,36,model_rule
case_typical_22__a0.40__s73000,smoke,case_typical_22,0.4,73000,22,700024,response_threshold_reached,14,10000,case_observed
case_typical_22__a0.40__s73000,smoke,case_typical_22,0.4,73000,22,700024,government_response_published,36,no_policy_change,case_position_and_model_timing
case_typical_22__a0.40__s73000,smoke,case_typical_22,0.4,73000,22,700024,debate_threshold_reached,177,100000,case_observed
case_typical_22__a0.40__s73000,smoke,case_typical_22,0.4,73000,22,700024,petition_closed,182,110519,case_observed
case_typical_22__a0.60__s73000,smoke,case_typical_22,0.6,73000,22,700024,petition_opened,0,5,case_open_time_plus_uk_submission_rule
case_typical_22__a0.60__s73000,smoke,case_typical_22,0.6,73000,22,700024,government_response_scheduled,14,36,model_rule
case_typical_22__a0.60__s73000,smoke,case_typical_22,0.6,73000,22,700024,response_threshold_reached,14,10000,case_observed
case_typical_22__a0.60__s73000,smoke,case_typical_22,0.6,73000,22,700024,government_response_published,36,no_policy_change,case_position_and_model_timing
case_typical_22__a0.60__s73000,smoke,case_typical_22,0.6,73000,22,700024,debate_threshold_reached,177,100000,case_observed
case_typical_22__a0.60__s73000,smoke,case_typical_22,0.6,73000,22,700024,petition_closed,182,110519,case_observed
case_typical_22__a0.80__s73000,smoke,case_typical_22,0.8,73000,22,700024,petition_opened,0,5,case_open_time_plus_uk_submission_rule
case_typical_22__a0.80__s73000,smoke,case_typical_22,0.8,73000,22,700024,government_response_scheduled,14,36,model_rule
case_typical_22__a0.80__s73000,smoke,case_typical_22,0.8,73000,22,700024,response_threshold_reached,14,10000,case_observed
case_typical_22__a0.80__s73000,smoke,case_typical_22,0.8,73000,22,700024,government_response_published,36,no_policy_change,case_position_and_model_timing
case_typical_22__a0.80__s73000,smoke,case_typical_22,0.8,73000,22,700024,debate_threshold_reached,177,100000,case_observed
case_typical_22__a0.80__s73000,smoke,case_typical_22,0.8,73000,22,700024,petition_closed,182,110519,case_observed
conditional_empirical_resample__a0.40__s73000,smoke,conditional_empirical_resample,0.4,73000,34,700024,petition_opened,0,5,case_open_time_plus_uk_submission_rule
conditional_empirical_resample__a0.40__s73000,smoke,conditional_empirical_resample,0.4,73000,34,700024,government_response_scheduled,14,48,model_rule
conditional_empirical_resample__a0.40__s73000,smoke,conditional_empirical_resample,0.4,73000,34,700024,response_threshold_reached,14,10000,case_observed
conditional_empirical_resample__a0.40__s73000,smoke,conditional_empirical_resample,0.4,73000,34,700024,government_response_published,48,no_policy_change,case_position_and_model_timing
conditional_empirical_resample__a0.40__s73000,smoke,conditional_empirical_resample,0.4,73000,34,700024,debate_threshold_reached,177,100000,case_observed
conditional_empirical_resample__a0.40__s73000,smoke,conditional_empirical_resample,0.4,73000,34,700024,petition_closed,182,110519,case_observed
conditional_empirical_resample__a0.60__s73000,smoke,conditional_empirical_resample,0.6,73000,34,700024,petition_opened,0,5,case_open_time_plus_uk_submission_rule
conditional_empirical_resample__a0.60__s73000,smoke,conditional_empirical_resample,0.6,73000,34,700024,government_response_scheduled,14,48,model_rule
conditional_empirical_resample__a0.60__s73000,smoke,conditional_empirical_resample,0.6,73000,34,700024,response_threshold_reached,14,10000,case_observed
conditional_empirical_resample__a0.60__s73000,smoke,conditional_empirical_resample,0.6,73000,34,700024,government_response_published,48,no_policy_change,case_position_and_model_timing
conditional_empirical_resample__a0.60__s73000,smoke,conditional_empirical_resample,0.6,73000,34,700024,debate_threshold_reached,177,100000,case_observed
conditional_empirical_resample__a0.60__s73000,smoke,conditional_empirical_resample,0.6,73000,34,700024,petition_closed,182,110519,case_observed
conditional_empirical_resample__a0.80__s73000,smoke,conditional_empirical_resample,0.8,73000,34,700024,petition_opened,0,5,case_open_time_plus_uk_submission_rule
conditional_empirical_resample__a0.80__s73000,smoke,conditional_empirical_resample,0.8,73000,34,700024,government_response_scheduled,14,48,model_rule
conditional_empirical_resample__a0.80__s73000,smoke,conditional_empirical_resample,0.8,73000,34,700024,response_threshold_reached,14,10000,case_observed
conditional_empirical_resample__a0.80__s73000,smoke,conditional_empirical_resample,0.8,73000,34,700024,government_response_published,48,no_policy_change,case_position_and_model_timing
conditional_empirical_resample__a0.80__s73000,smoke,conditional_empirical_resample,0.8,73000,34,700024,debate_threshold_reached,177,100000,case_observed
conditional_empirical_resample__a0.80__s73000,smoke,conditional_empirical_resample,0.8,73000,34,700024,petition_closed,182,110519,case_observed
conditional_p05_11__a0.40__s73000,smoke,conditional_p05_11,0.4,73000,11,700024,petition_opened,0,5,case_open_time_plus_uk_submission_rule
conditional_p05_11__a0.40__s73000,smoke,conditional_p05_11,0.4,73000,11,700024,government_response_scheduled,14,25,model_rule
conditional_p05_11__a0.40__s73000,smoke,conditional_p05_11,0.4,73000,11,700024,response_threshold_reached,14,10000,case_observed
conditional_p05_11__a0.40__s73000,smoke,conditional_p05_11,0.4,73000,11,700024,government_response_published,25,no_policy_change,case_position_and_model_timing
conditional_p05_11__a0.40__s73000,smoke,conditional_p05_11,0.4,73000,11,700024,debate_threshold_reached,177,100000,case_observed
conditional_p05_11__a0.40__s73000,smoke,conditional_p05_11,0.4,73000,11,700024,petition_closed,182,110519,case_observed
conditional_p05_11__a0.60__s73000,smoke,conditional_p05_11,0.6,73000,11,700024,petition_opened,0,5,case_open_time_plus_uk_submission_rule
conditional_p05_11__a0.60__s73000,smoke,conditional_p05_11,0.6,73000,11,700024,government_response_scheduled,14,25,model_rule
conditional_p05_11__a0.60__s73000,smoke,conditional_p05_11,0.6,73000,11,700024,response_threshold_reached,14,10000,case_observed
conditional_p05_11__a0.60__s73000,smoke,conditional_p05_11,0.6,73000,11,700024,government_response_published,25,no_policy_change,case_position_and_model_timing
conditional_p05_11__a0.60__s73000,smoke,conditional_p05_11,0.6,73000,11,700024,debate_threshold_reached,177,100000,case_observed
conditional_p05_11__a0.60__s73000,smoke,conditional_p05_11,0.6,73000,11,700024,petition_closed,182,110519,case_observed
conditional_p05_11__a0.80__s73000,smoke,conditional_p05_11,0.8,73000,11,700024,petition_opened,0,5,case_open_time_plus_uk_submission_rule
conditional_p05_11__a0.80__s73000,smoke,conditional_p05_11,0.8,73000,11,700024,government_response_scheduled,14,25,model_rule
conditional_p05_11__a0.80__s73000,smoke,conditional_p05_11,0.8,73000,11,700024,response_threshold_reached,14,10000,case_observed
conditional_p05_11__a0.80__s73000,smoke,conditional_p05_11,0.8,73000,11,700024,government_response_published,25,no_policy_change,case_position_and_model_timing
conditional_p05_11__a0.80__s73000,smoke,conditional_p05_11,0.8,73000,11,700024,debate_threshold_reached,177,100000,case_observed
conditional_p05_11__a0.80__s73000,smoke,conditional_p05_11,0.8,73000,11,700024,petition_closed,182,110519,case_observed
conditional_p95_57__a0.40__s73000,smoke,conditional_p95_57,0.4,73000,57,700024,petition_opened,0,5,case_open_time_plus_uk_submission_rule
conditional_p95_57__a0.40__s73000,smoke,conditional_p95_57,0.4,73000,57,700024,government_response_scheduled,14,71,model_rule
conditional_p95_57__a0.40__s73000,smoke,conditional_p95_57,0.4,73000,57,700024,response_threshold_reached,14,10000,case_observed
conditional_p95_57__a0.40__s73000,smoke,conditional_p95_57,0.4,73000,57,700024,government_response_published,71,no_policy_change,case_position_and_model_timing
conditional_p95_57__a0.40__s73000,smoke,conditional_p95_57,0.4,73000,57,700024,debate_threshold_reached,177,100000,case_observed
conditional_p95_57__a0.40__s73000,smoke,conditional_p95_57,0.4,73000,57,700024,petition_closed,182,110519,case_observed
conditional_p95_57__a0.60__s73000,smoke,conditional_p95_57,0.6,73000,57,700024,petition_opened,0,5,case_open_time_plus_uk_submission_rule
conditional_p95_57__a0.60__s73000,smoke,conditional_p95_57,0.6,73000,57,700024,government_response_scheduled,14,71,model_rule
conditional_p95_57__a0.60__s73000,smoke,conditional_p95_57,0.6,73000,57,700024,response_threshold_reached,14,10000,case_observed
conditional_p95_57__a0.60__s73000,smoke,conditional_p95_57,0.6,73000,57,700024,government_response_published,71,no_policy_change,case_position_and_model_timing
conditional_p95_57__a0.60__s73000,smoke,conditional_p95_57,0.6,73000,57,700024,debate_threshold_reached,177,100000,case_observed
conditional_p95_57__a0.60__s73000,smoke,conditional_p95_57,0.6,73000,57,700024,petition_closed,182,110519,case_observed
conditional_p95_57__a0.80__s73000,smoke,conditional_p95_57,0.8,73000,57,700024,petition_opened,0,5,case_open_time_plus_uk_submission_rule
conditional_p95_57__a0.80__s73000,smoke,conditional_p95_57,0.8,73000,57,700024,government_response_scheduled,14,71,model_rule
conditional_p95_57__a0.80__s73000,smoke,conditional_p95_57,0.8,73000,57,700024,response_threshold_reached,14,10000,case_observed
conditional_p95_57__a0.80__s73000,smoke,conditional_p95_57,0.8,73000,57,700024,government_response_published,71,no_policy_change,case_position_and_model_timing
conditional_p95_57__a0.80__s73000,smoke,conditional_p95_57,0.8,73000,57,700024,debate_threshold_reached,177,100000,case_observed
conditional_p95_57__a0.80__s73000,smoke,conditional_p95_57,0.8,73000,57,700024,petition_closed,182,110519,case_observed
v1_reference_3__a0.40__s73000,smoke,v1_reference_3,0.4,73000,3,700024,petition_opened,0,5,case_open_time_plus_uk_submission_rule
v1_reference_3__a0.40__s73000,smoke,v1_reference_3,0.4,73000,3,700024,government_response_scheduled,14,17,model_rule
v1_reference_3__a0.40__s73000,smoke,v1_reference_3,0.4,73000,3,700024,response_threshold_reached,14,10000,case_observed
v1_reference_3__a0.40__s73000,smoke,v1_reference_3,0.4,73000,3,700024,government_response_published,17,no_policy_change,case_position_and_model_timing
v1_reference_3__a0.40__s73000,smoke,v1_reference_3,0.4,73000,3,700024,debate_threshold_reached,177,100000,case_observed
v1_reference_3__a0.40__s73000,smoke,v1_reference_3,0.4,73000,3,700024,petition_closed,182,110519,case_observed
v1_reference_3__a0.60__s73000,smoke,v1_reference_3,0.6,73000,3,700024,petition_opened,0,5,case_open_time_plus_uk_submission_rule
v1_reference_3__a0.60__s73000,smoke,v1_reference_3,0.6,73000,3,700024,government_response_scheduled,14,17,model_rule
v1_reference_3__a0.60__s73000,smoke,v1_reference_3,0.6,73000,3,700024,response_threshold_reached,14,10000,case_observed
v1_reference_3__a0.60__s73000,smoke,v1_reference_3,0.6,73000,3,700024,government_response_published,17,no_policy_change,case_position_and_model_timing
v1_reference_3__a0.60__s73000,smoke,v1_reference_3,0.6,73000,3,700024,debate_threshold_reached,177,100000,case_observed
v1_reference_3__a0.60__s73000,smoke,v1_reference_3,0.6,73000,3,700024,petition_closed,182,110519,case_observed
v1_reference_3__a0.80__s73000,smoke,v1_reference_3,0.8,73000,3,700024,petition_opened,0,5,case_open_time_plus_uk_submission_rule
v1_reference_3__a0.80__s73000,smoke,v1_reference_3,0.8,73000,3,700024,government_response_scheduled,14,17,model_rule
v1_reference_3__a0.80__s73000,smoke,v1_reference_3,0.8,73000,3,700024,response_threshold_reached,14,10000,case_observed
v1_reference_3__a0.80__s73000,smoke,v1_reference_3,0.8,73000,3,700024,government_response_published,17,no_policy_change,case_position_and_model_timing
v1_reference_3__a0.80__s73000,smoke,v1_reference_3,0.8,73000,3,700024,debate_threshold_reached,177,100000,case_observed
v1_reference_3__a0.80__s73000,smoke,v1_reference_3,0.8,73000,3,700024,petition_closed,182,110519,case_observed
