gtmi_year,model_predictor,term,estimate,std_error,t,df,p_value,ci_low,ci_high,covariance,n
2020,GTMI,Intercept,39.30333333333334,1.7363154858775252,22.636055286617243,26,1.2320408724581956e-18,35.734285737340585,42.8723809293261,HC3,30
2020,GTMI,z_GTMI,1.5431745742916159,1.6183774540410831,0.95353192819037,26,0.3491022392494079,-1.7834479253257347,4.869797073908966,HC3,30
2020,GTMI,z_internet_pct,0.6822324505784921,2.6861011085948623,0.25398613938824427,26,0.8015041356896238,-4.839127453309506,6.2035923544664895,HC3,30
2020,GTMI,z_log_gdp_ppp_pc,3.897175111169977,2.5995636197621175,1.4991651220009774,26,0.14587602545015568,-1.4463044368760842,9.240654659216037,HC3,30
2020,DCEI,Intercept,39.303333333333356,1.6942611318981076,23.197919490309744,26,6.704509502131597e-19,35.820729699968396,42.785936966698316,HC3,30
2020,DCEI,z_DCEI,2.3444012415912137,1.5381952929886997,1.524124571357947,26,0.13954998715178218,-0.8174044655289587,5.506206948711386,HC3,30
2020,DCEI,z_internet_pct,0.7553660942753315,2.515837030012433,0.3002444455917713,26,0.7663782697230745,-4.416010983743078,5.926743172293742,HC3,30
2020,DCEI,z_log_gdp_ppp_pc,3.919285174379556,2.5285978045767536,1.5499836183064237,26,0.13323349393938014,-1.2783220514157008,9.116892400174812,HC3,30
2020,PSDI,Intercept,39.30333333333335,1.6749916233835043,23.464793963530468,26,5.045278310588604e-19,35.860338741988336,42.74632792467836,HC3,30
2020,PSDI,z_PSDI,3.0043677639469593,1.7963003689596309,1.6725308394202516,26,0.1064124782598652,-0.6879805250946172,6.696716052988536,HC3,30
2020,PSDI,z_internet_pct,-0.07414927767326518,2.8221601292532847,-0.026273944169455873,26,0.9792394637374676,-5.875182503917569,5.7268839485710386,HC3,30
2020,PSDI,z_log_gdp_ppp_pc,4.208997237125771,2.669791066243157,1.576526826516254,26,0.1269954152769752,-1.2788368945627848,9.696831368814326,HC3,30
2020,GTEI,Intercept,39.303333333333356,1.765413232407251,22.262965186762994,26,1.8595452337265532e-18,35.67447446275058,42.93219220391613,HC3,30
2020,GTEI,z_GTEI,1.3608363475206615,2.117476967801906,0.6426687837522539,26,0.5260663260904502,-2.991699895444404,5.7133725904857275,HC3,30
2020,GTEI,z_internet_pct,0.6368571817357008,3.158799816462976,0.20161365668585265,26,0.8417878736607086,-5.856148831783652,7.129863195255054,HC3,30
2020,GTEI,z_log_gdp_ppp_pc,3.484868040768018,2.7348092179410246,1.2742636736436392,26,0.21384225996307007,-2.1366128157816524,9.106348897317687,HC3,30
2020,CGSI,Intercept,39.303333333333356,1.7218579698700012,22.826118077730143,26,1.001320912201353e-18,35.764003587103716,42.842663079562996,HC3,30
2020,CGSI,z_CGSI,-1.951526114763306,1.6086209523149495,-1.2131671615708384,26,0.2359730446822064,-5.258093837864418,1.3550416083378065,HC3,30
2020,CGSI,z_internet_pct,1.9675217332193458,2.7457071890319718,0.7165810473450436,26,0.48002048002097203,-3.676360223729245,7.611403690167936,HC3,30
2020,CGSI,z_log_gdp_ppp_pc,2.6553083152931016,2.7688757441907423,0.958984281206583,26,0.3464002139410787,-3.0361972888351634,8.346813919421367,HC3,30
2022,GTMI,Intercept,39.303333333333356,1.718911500025282,22.865245437449968,26,9.596641679526063e-19,35.77006014260961,42.8366065240571,HC3,30
2022,GTMI,z_GTMI,-1.2297723682913735,0.871330153572962,-1.4113735915698422,26,0.16998987732759677,-3.0208171497378125,0.5612724131550657,HC3,30
2022,GTMI,z_internet_pct,1.6964346407596693,2.773681190038482,0.6116184682119624,26,0.5461015574705426,-4.004948698774429,7.397817980293768,HC3,30
2022,GTMI,z_log_gdp_ppp_pc,3.0984982498624345,2.8134136604576936,1.1013304916413758,26,0.2808444644733264,-2.6845563522883604,8.881552852013229,HC3,30
2022,DCEI,Intercept,39.303333333333356,1.7397548450823135,22.5913055764324,26,1.2939792311728116e-18,35.727216033245085,42.87945063342163,HC3,30
2022,DCEI,z_DCEI,0.06581008883658956,1.1697740872885256,0.056258802064195035,26,0.9555657538595417,-2.3386949841465734,2.4703151618197525,HC3,30
2022,DCEI,z_internet_pct,1.2572162545011978,2.855119370415302,0.44033754508776446,26,0.6633318737783521,-4.611565662226963,7.125998171229358,HC3,30
2022,DCEI,z_log_gdp_ppp_pc,3.547214289015845,2.642932561270431,1.3421508898852623,26,0.19115056246195658,-1.8854113950233367,8.979839973055027,HC3,30
2022,PSDI,Intercept,39.30333333333335,1.7127097475669641,22.948040897861855,26,8.773322812395954e-19,35.78280802735885,42.82385863930785,HC3,30
2022,PSDI,z_PSDI,-1.802094536771393,1.352483277248352,-1.3324338770663264,26,0.19427874534107792,-4.582163728427572,0.9779746548847856,HC3,30
2022,PSDI,z_internet_pct,1.8460615689343873,2.646319357625532,0.6975959132123821,26,0.49162166807364105,-3.593525774715392,7.285648912584167,HC3,30
2022,PSDI,z_log_gdp_ppp_pc,3.024644824518132,2.821697177757218,1.0719239641874765,26,0.2936036187302717,-2.7754367912973437,8.824726440333608,HC3,30
2022,GTEI,Intercept,39.303333333333356,1.6725928701986617,23.498446055593384,26,4.86861604093429e-19,35.86526944977583,42.74139721689088,HC3,30
2022,GTEI,z_GTEI,-2.4765979948886483,1.1546932208032332,-2.1448103706418795,26,0.04148440102793112,-4.85010390285105,-0.10309208692624683,HC3,30
2022,GTEI,z_internet_pct,1.0778542071132922,2.547607920632246,0.4230848076676565,26,0.6757124659540015,-4.158828871866047,6.314537286092631,HC3,30
2022,GTEI,z_log_gdp_ppp_pc,4.139076063328516,2.676824114279822,1.5462637389016878,26,0.13412745992264222,-1.3632147056427932,9.641366832299825,HC3,30
2022,CGSI,Intercept,39.30333333333335,1.743544170814637,22.542206840088046,26,1.3656638746666653e-18,35.719426962649685,42.88723970401701,HC3,30
2022,CGSI,z_CGSI,-0.8718987235476928,1.3709576886074857,-0.6359778502232998,26,0.5303498304195863,-3.6899426116141694,1.946145164518784,HC3,30
2022,CGSI,z_internet_pct,1.3385024470588145,2.7178889131270405,0.4924787177996961,26,0.6265141196666114,-4.248198224834901,6.925203118952529,HC3,30
2022,CGSI,z_log_gdp_ppp_pc,3.241683237977963,2.9349469533792987,1.1045116962831265,26,0.2794884155931456,-2.791186625548398,9.274553101504324,HC3,30
2025,GTMI,Intercept,39.30333333333332,1.7349336304860368,22.654084653556808,26,1.207962338402085e-18,35.73712618177771,42.86954048488893,HC3,30
2025,GTMI,z_GTMI,-1.3818244117940761,1.6161303365723112,-0.8550204030727002,26,0.40035035750020426,-4.703827895302277,1.940179071714125,HC3,30
2025,GTMI,z_internet_pct,2.19475266133912,2.9762887172607693,0.7374125529592651,26,0.4674747508295813,-3.923096414891027,8.312601737569267,HC3,30
2025,GTMI,z_log_gdp_ppp_pc,2.826187956211028,2.7865007094219023,1.01424268318143,26,0.31981298493088217,-2.901546282804943,8.553922195226999,HC3,30
2025,DCEI,Intercept,39.303333333333356,1.7620467501313568,22.305499743638116,26,1.7737326656496378e-18,35.68139436617335,42.92527230049336,HC3,30
2025,DCEI,z_DCEI,-0.17732362668342272,1.8141565836598859,-0.09774438892462602,26,0.9228848986503749,-3.9063758907041013,3.5517286373372556,HC3,30
2025,DCEI,z_internet_pct,1.4116099915328129,2.984220259654966,0.47302473299877085,26,0.640142688930004,-4.72254260358245,7.545762586648075,HC3,30
2025,DCEI,z_log_gdp_ppp_pc,3.4105332699424595,2.75910319624056,1.236102105419439,26,0.22747195310615922,-2.260884574183657,9.081951114068577,HC3,30
2025,PSDI,Intercept,39.303333333333356,1.7081817966727768,23.008870256016664,26,8.215335895228207e-19,35.79211536371859,42.814551302948125,HC3,30
2025,PSDI,z_PSDI,-1.4120204354881278,1.0872212281628946,-1.2987425180007337,26,0.20543333451682103,-3.646835676294418,0.8227948053181624,HC3,30
2025,PSDI,z_internet_pct,1.896935125689442,2.6855858913698945,0.7063393994529185,26,0.4862591051438657,-3.623365734025338,7.417235985404222,HC3,30
2025,PSDI,z_log_gdp_ppp_pc,3.0509957306830953,2.470923001209129,1.2347595328507248,26,0.22796314322395506,-2.028059238922071,8.130050700288262,HC3,30
2025,GTEI,Intercept,39.303333333333356,1.6968349124267494,23.16273259437078,26,6.962166499997862e-19,35.81543921832317,42.79122744834354,HC3,30
2025,GTEI,z_GTEI,-2.278244204965332,1.555878372534919,-1.4642816849838312,26,0.15510435265995914,-5.476398002658621,0.9199095927279575,HC3,30
2025,GTEI,z_internet_pct,2.7121715918812406,2.6094242067359272,1.0393755008787313,26,0.3081998365722411,-2.6515766829717853,8.075919866734267,HC3,30
2025,GTEI,z_log_gdp_ppp_pc,2.6274561943454398,2.743981171293043,0.9575343380025114,26,0.3471173835757798,-3.012877882329164,8.267790271020043,HC3,30
2025,CGSI,Intercept,39.30333333333336,1.7443543880766008,22.531736441853933,26,1.3814762312238087e-18,35.717761537216035,42.88890512945069,HC3,30
2025,CGSI,z_CGSI,-1.044951892734305,1.501534309882901,-0.695922754383013,26,0.4926516699067674,-4.131399869830919,2.0414960843623087,HC3,30
2025,CGSI,z_internet_pct,1.5819205863707029,2.943408295062221,0.5374451750457074,26,0.5955305818379665,-4.4683418140753215,7.632182986816728,HC3,30
2025,CGSI,z_log_gdp_ppp_pc,3.3365202370833207,2.7215191558068996,1.2259771275040245,26,0.23119599332792276,-2.257642505508263,8.930682979674904,HC3,30
