gtmi_year,predictor,n,loo_rho_min,loo_rho_max
2020,GTMI,30,0.18253479631003963,0.3374799877796954
2020,DCEI,30,0.08155722619488147,0.24146852468575178
2020,PSDI,30,0.34536273201980505,0.46951595380153244
2020,GTEI,30,0.3086587041517944,0.4271462035109429
2020,CGSI,30,-0.16923266540485457,-0.031777312717942124
2022,GTMI,30,-0.26009852216748763,-0.13942603874693985
2022,DCEI,30,-0.08522167487684727,0.05370119513574715
2022,PSDI,30,-0.2823007780989277,-0.14977214056208377
2022,GTEI,30,-0.2300775975082011,-0.09311491633629553
2022,CGSI,30,-0.24879911507846159,-0.08621751512619956
2025,GTMI,30,-0.15395984843964206,-0.017736174540246764
2025,DCEI,30,-0.12096575511209658,0.030056664203005665
2025,PSDI,30,-0.07242271270600763,0.07266904846351105
2025,GTEI,30,-0.14730878298704952,-0.013548466662688502
2025,CGSI,30,-0.05296218786323687,0.09878063875887434
