seed,alpha,delay_condition_id,response_delay_days,metric_id,metric_label_zh,source_column,transform,value_multiplier_0_70,value_multiplier_1_00,paired_effect_1_00_minus_0_70,effect_direction
73000,0.4,early_p05_11,11,primary_log1p_post14_heat_auc,回应后14日请愿热度AUC（log1p）,petition_heat_auc_post_14_days,log1p,8.269296786891678,8.47563757194906,0.20634078505738174,positive_means_multiplier_0_70_reduced_the_endpoint
73001,0.4,early_p05_11,11,primary_log1p_post14_heat_auc,回应后14日请愿热度AUC（log1p）,petition_heat_auc_post_14_days,log1p,8.048821380985483,8.244873264666674,0.19605188368119109,positive_means_multiplier_0_70_reduced_the_endpoint
73002,0.4,early_p05_11,11,primary_log1p_post14_heat_auc,回应后14日请愿热度AUC（log1p）,petition_heat_auc_post_14_days,log1p,8.071809287071869,8.288894790963212,0.21708550389134373,positive_means_multiplier_0_70_reduced_the_endpoint
73003,0.4,early_p05_11,11,primary_log1p_post14_heat_auc,回应后14日请愿热度AUC（log1p）,petition_heat_auc_post_14_days,log1p,8.18664566408662,8.337562220216357,0.15091655612973653,positive_means_multiplier_0_70_reduced_the_endpoint
73004,0.4,early_p05_11,11,primary_log1p_post14_heat_auc,回应后14日请愿热度AUC（log1p）,petition_heat_auc_post_14_days,log1p,8.111699785385564,8.318497708451806,0.206797923066242,positive_means_multiplier_0_70_reduced_the_endpoint
73005,0.4,early_p05_11,11,primary_log1p_post14_heat_auc,回应后14日请愿热度AUC（log1p）,petition_heat_auc_post_14_days,log1p,8.002968683800008,8.187545345362032,0.18457666156202457,positive_means_multiplier_0_70_reduced_the_endpoint
73006,0.4,early_p05_11,11,primary_log1p_post14_heat_auc,回应后14日请愿热度AUC（log1p）,petition_heat_auc_post_14_days,log1p,8.155655316838006,8.394241837626481,0.2385865207884752,positive_means_multiplier_0_70_reduced_the_endpoint
73007,0.4,early_p05_11,11,primary_log1p_post14_heat_auc,回应后14日请愿热度AUC（log1p）,petition_heat_auc_post_14_days,log1p,8.019941698752486,8.1901499237998,0.17020822504731292,positive_means_multiplier_0_70_reduced_the_endpoint
73008,0.4,early_p05_11,11,primary_log1p_post14_heat_auc,回应后14日请愿热度AUC（log1p）,petition_heat_auc_post_14_days,log1p,8.042465570757352,8.253279538480987,0.21081396772363448,positive_means_multiplier_0_70_reduced_the_endpoint
73009,0.4,early_p05_11,11,primary_log1p_post14_heat_auc,回应后14日请愿热度AUC（log1p）,petition_heat_auc_post_14_days,log1p,7.932460683230669,8.151205474995232,0.2187447917645624,positive_means_multiplier_0_70_reduced_the_endpoint
73000,0.4,late_p95_57,57,primary_log1p_post14_heat_auc,回应后14日请愿热度AUC（log1p）,petition_heat_auc_post_14_days,log1p,8.429449669598725,8.678349301817962,0.24889963221923672,positive_means_multiplier_0_70_reduced_the_endpoint
73001,0.4,late_p95_57,57,primary_log1p_post14_heat_auc,回应后14日请愿热度AUC（log1p）,petition_heat_auc_post_14_days,log1p,8.17002412541122,8.399766181075256,0.22974205566403505,positive_means_multiplier_0_70_reduced_the_endpoint
73002,0.4,late_p95_57,57,primary_log1p_post14_heat_auc,回应后14日请愿热度AUC（log1p）,petition_heat_auc_post_14_days,log1p,8.231102079337132,8.471537543632575,0.2404354642954427,positive_means_multiplier_0_70_reduced_the_endpoint
73003,0.4,late_p95_57,57,primary_log1p_post14_heat_auc,回应后14日请愿热度AUC（log1p）,petition_heat_auc_post_14_days,log1p,8.285992237117544,8.50586505955536,0.21987282243781614,positive_means_multiplier_0_70_reduced_the_endpoint
73004,0.4,late_p95_57,57,primary_log1p_post14_heat_auc,回应后14日请愿热度AUC（log1p）,petition_heat_auc_post_14_days,log1p,8.276937471698698,8.498450326308,0.22151285460930126,positive_means_multiplier_0_70_reduced_the_endpoint
73005,0.4,late_p95_57,57,primary_log1p_post14_heat_auc,回应后14日请愿热度AUC（log1p）,petition_heat_auc_post_14_days,log1p,8.038851695688855,8.29436068681287,0.2555089911240156,positive_means_multiplier_0_70_reduced_the_endpoint
73006,0.4,late_p95_57,57,primary_log1p_post14_heat_auc,回应后14日请愿热度AUC（log1p）,petition_heat_auc_post_14_days,log1p,8.327242885739757,8.541519190894958,0.21427630515520057,positive_means_multiplier_0_70_reduced_the_endpoint
73007,0.4,late_p95_57,57,primary_log1p_post14_heat_auc,回应后14日请愿热度AUC（log1p）,petition_heat_auc_post_14_days,log1p,8.095963164248023,8.338056735588909,0.24209357134088627,positive_means_multiplier_0_70_reduced_the_endpoint
73008,0.4,late_p95_57,57,primary_log1p_post14_heat_auc,回应后14日请愿热度AUC（log1p）,petition_heat_auc_post_14_days,log1p,8.25516743719005,8.475997338421973,0.22082990123192303,positive_means_multiplier_0_70_reduced_the_endpoint
73009,0.4,late_p95_57,57,primary_log1p_post14_heat_auc,回应后14日请愿热度AUC（log1p）,petition_heat_auc_post_14_days,log1p,8.14853720856889,8.384357624553317,0.2358204159844277,positive_means_multiplier_0_70_reduced_the_endpoint
73000,0.6,early_p05_11,11,primary_log1p_post14_heat_auc,回应后14日请愿热度AUC（log1p）,petition_heat_auc_post_14_days,log1p,9.145602984240206,9.349069685531095,0.20346670129088906,positive_means_multiplier_0_70_reduced_the_endpoint
73001,0.6,early_p05_11,11,primary_log1p_post14_heat_auc,回应后14日请愿热度AUC（log1p）,petition_heat_auc_post_14_days,log1p,9.002720822987733,9.250334361404056,0.2476135384163225,positive_means_multiplier_0_70_reduced_the_endpoint
73002,0.6,early_p05_11,11,primary_log1p_post14_heat_auc,回应后14日请愿热度AUC（log1p）,petition_heat_auc_post_14_days,log1p,9.03575152710472,9.418416378300003,0.38266485119528326,positive_means_multiplier_0_70_reduced_the_endpoint
73003,0.6,early_p05_11,11,primary_log1p_post14_heat_auc,回应后14日请愿热度AUC（log1p）,petition_heat_auc_post_14_days,log1p,9.035848687764304,9.271620632675997,0.2357719449116935,positive_means_multiplier_0_70_reduced_the_endpoint
73004,0.6,early_p05_11,11,primary_log1p_post14_heat_auc,回应后14日请愿热度AUC（log1p）,petition_heat_auc_post_14_days,log1p,8.963439136578254,9.397771424251191,0.4343322876729374,positive_means_multiplier_0_70_reduced_the_endpoint
73005,0.6,early_p05_11,11,primary_log1p_post14_heat_auc,回应后14日请愿热度AUC（log1p）,petition_heat_auc_post_14_days,log1p,8.85093373400839,9.321426595474797,0.4704928614664077,positive_means_multiplier_0_70_reduced_the_endpoint
73006,0.6,early_p05_11,11,primary_log1p_post14_heat_auc,回应后14日请愿热度AUC（log1p）,petition_heat_auc_post_14_days,log1p,8.794426376652524,9.165476516990422,0.37105014033789807,positive_means_multiplier_0_70_reduced_the_endpoint
73007,0.6,early_p05_11,11,primary_log1p_post14_heat_auc,回应后14日请愿热度AUC（log1p）,petition_heat_auc_post_14_days,log1p,9.015430560705633,9.241454452316223,0.22602389161058944,positive_means_multiplier_0_70_reduced_the_endpoint
73008,0.6,early_p05_11,11,primary_log1p_post14_heat_auc,回应后14日请愿热度AUC（log1p）,petition_heat_auc_post_14_days,log1p,8.60512812517117,9.103992557133473,0.49886443196230346,positive_means_multiplier_0_70_reduced_the_endpoint
73009,0.6,early_p05_11,11,primary_log1p_post14_heat_auc,回应后14日请愿热度AUC（log1p）,petition_heat_auc_post_14_days,log1p,9.170078295512416,9.386638126878523,0.2165598313661068,positive_means_multiplier_0_70_reduced_the_endpoint
73000,0.6,late_p95_57,57,primary_log1p_post14_heat_auc,回应后14日请愿热度AUC（log1p）,petition_heat_auc_post_14_days,log1p,9.307095427112715,9.5406396616068,0.2335442344940848,positive_means_multiplier_0_70_reduced_the_endpoint
73001,0.6,late_p95_57,57,primary_log1p_post14_heat_auc,回应后14日请愿热度AUC（log1p）,petition_heat_auc_post_14_days,log1p,9.384269309872694,9.61394667255031,0.22967736267761651,positive_means_multiplier_0_70_reduced_the_endpoint
73002,0.6,late_p95_57,57,primary_log1p_post14_heat_auc,回应后14日请愿热度AUC（log1p）,petition_heat_auc_post_14_days,log1p,9.30372964702059,9.660433853896768,0.3567042068761772,positive_means_multiplier_0_70_reduced_the_endpoint
73003,0.6,late_p95_57,57,primary_log1p_post14_heat_auc,回应后14日请愿热度AUC（log1p）,petition_heat_auc_post_14_days,log1p,9.043388521356563,9.478136730559953,0.43474820920338964,positive_means_multiplier_0_70_reduced_the_endpoint
73004,0.6,late_p95_57,57,primary_log1p_post14_heat_auc,回应后14日请愿热度AUC（log1p）,petition_heat_auc_post_14_days,log1p,9.363758538522408,9.603516568252777,0.23975802973036942,positive_means_multiplier_0_70_reduced_the_endpoint
73005,0.6,late_p95_57,57,primary_log1p_post14_heat_auc,回应后14日请愿热度AUC（log1p）,petition_heat_auc_post_14_days,log1p,9.409873736118554,9.63847881867968,0.22860508256112588,positive_means_multiplier_0_70_reduced_the_endpoint
73006,0.6,late_p95_57,57,primary_log1p_post14_heat_auc,回应后14日请愿热度AUC（log1p）,petition_heat_auc_post_14_days,log1p,9.059889041212108,9.383941712156144,0.32405267094403634,positive_means_multiplier_0_70_reduced_the_endpoint
73007,0.6,late_p95_57,57,primary_log1p_post14_heat_auc,回应后14日请愿热度AUC（log1p）,petition_heat_auc_post_14_days,log1p,9.250246832058995,9.6207653177059,0.3705184856469046,positive_means_multiplier_0_70_reduced_the_endpoint
73008,0.6,late_p95_57,57,primary_log1p_post14_heat_auc,回应后14日请愿热度AUC（log1p）,petition_heat_auc_post_14_days,log1p,8.991619662766576,9.237628417068878,0.24600875430230218,positive_means_multiplier_0_70_reduced_the_endpoint
73009,0.6,late_p95_57,57,primary_log1p_post14_heat_auc,回应后14日请愿热度AUC（log1p）,petition_heat_auc_post_14_days,log1p,9.410510299417474,9.644445893515567,0.23393559409809228,positive_means_multiplier_0_70_reduced_the_endpoint
73000,0.8,early_p05_11,11,primary_log1p_post14_heat_auc,回应后14日请愿热度AUC（log1p）,petition_heat_auc_post_14_days,log1p,9.245605476352045,9.452240423264023,0.20663494691197748,positive_means_multiplier_0_70_reduced_the_endpoint
73001,0.8,early_p05_11,11,primary_log1p_post14_heat_auc,回应后14日请愿热度AUC（log1p）,petition_heat_auc_post_14_days,log1p,9.264380205023034,9.474281723223665,0.2099015182006312,positive_means_multiplier_0_70_reduced_the_endpoint
73002,0.8,early_p05_11,11,primary_log1p_post14_heat_auc,回应后14日请愿热度AUC（log1p）,petition_heat_auc_post_14_days,log1p,9.279158802940609,9.478665966922957,0.19950716398234825,positive_means_multiplier_0_70_reduced_the_endpoint
73003,0.8,early_p05_11,11,primary_log1p_post14_heat_auc,回应后14日请愿热度AUC（log1p）,petition_heat_auc_post_14_days,log1p,9.272386320005428,9.451664028614566,0.1792777086091384,positive_means_multiplier_0_70_reduced_the_endpoint
73004,0.8,early_p05_11,11,primary_log1p_post14_heat_auc,回应后14日请愿热度AUC（log1p）,petition_heat_auc_post_14_days,log1p,9.173794412720364,9.385594683098153,0.2118002703777897,positive_means_multiplier_0_70_reduced_the_endpoint
73005,0.8,early_p05_11,11,primary_log1p_post14_heat_auc,回应后14日请愿热度AUC（log1p）,petition_heat_auc_post_14_days,log1p,9.27955075538917,9.490878949415949,0.2113281940267786,positive_means_multiplier_0_70_reduced_the_endpoint
73006,0.8,early_p05_11,11,primary_log1p_post14_heat_auc,回应后14日请愿热度AUC（log1p）,petition_heat_auc_post_14_days,log1p,9.20184750441695,9.449613392161483,0.24776588774453323,positive_means_multiplier_0_70_reduced_the_endpoint
73007,0.8,early_p05_11,11,primary_log1p_post14_heat_auc,回应后14日请愿热度AUC（log1p）,petition_heat_auc_post_14_days,log1p,9.245031111140031,9.436703104705478,0.19167199356544629,positive_means_multiplier_0_70_reduced_the_endpoint
73008,0.8,early_p05_11,11,primary_log1p_post14_heat_auc,回应后14日请愿热度AUC（log1p）,petition_heat_auc_post_14_days,log1p,9.215609119650626,9.433200393373083,0.2175912737224568,positive_means_multiplier_0_70_reduced_the_endpoint
73009,0.8,early_p05_11,11,primary_log1p_post14_heat_auc,回应后14日请愿热度AUC（log1p）,petition_heat_auc_post_14_days,log1p,9.2456316158091,9.4468914050628,0.20125978925370092,positive_means_multiplier_0_70_reduced_the_endpoint
73000,0.8,late_p95_57,57,primary_log1p_post14_heat_auc,回应后14日请愿热度AUC（log1p）,petition_heat_auc_post_14_days,log1p,9.420166687776465,9.661351417097709,0.2411847293212439,positive_means_multiplier_0_70_reduced_the_endpoint
73001,0.8,late_p95_57,57,primary_log1p_post14_heat_auc,回应后14日请愿热度AUC（log1p）,petition_heat_auc_post_14_days,log1p,9.414526148287573,9.64135301378723,0.2268268654996568,positive_means_multiplier_0_70_reduced_the_endpoint
73002,0.8,late_p95_57,57,primary_log1p_post14_heat_auc,回应后14日请愿热度AUC（log1p）,petition_heat_auc_post_14_days,log1p,9.4258529790492,9.662656238184535,0.2368032591353355,positive_means_multiplier_0_70_reduced_the_endpoint
73003,0.8,late_p95_57,57,primary_log1p_post14_heat_auc,回应后14日请愿热度AUC（log1p）,petition_heat_auc_post_14_days,log1p,9.43912448299721,9.659431685409743,0.220307202412533,positive_means_multiplier_0_70_reduced_the_endpoint
73004,0.8,late_p95_57,57,primary_log1p_post14_heat_auc,回应后14日请愿热度AUC（log1p）,petition_heat_auc_post_14_days,log1p,9.420876212491413,9.650302167141174,0.229425954649761,positive_means_multiplier_0_70_reduced_the_endpoint
73005,0.8,late_p95_57,57,primary_log1p_post14_heat_auc,回应后14日请愿热度AUC（log1p）,petition_heat_auc_post_14_days,log1p,9.448729869989853,9.674280941485506,0.22555107149565323,positive_means_multiplier_0_70_reduced_the_endpoint
73006,0.8,late_p95_57,57,primary_log1p_post14_heat_auc,回应后14日请愿热度AUC（log1p）,petition_heat_auc_post_14_days,log1p,9.421654520624706,9.619508037583667,0.19785351695896125,positive_means_multiplier_0_70_reduced_the_endpoint
73007,0.8,late_p95_57,57,primary_log1p_post14_heat_auc,回应后14日请愿热度AUC（log1p）,petition_heat_auc_post_14_days,log1p,9.427921749387119,9.668316760232182,0.24039501084506298,positive_means_multiplier_0_70_reduced_the_endpoint
73008,0.8,late_p95_57,57,primary_log1p_post14_heat_auc,回应后14日请愿热度AUC（log1p）,petition_heat_auc_post_14_days,log1p,9.389788623871386,9.62503785801234,0.23524923414095333,positive_means_multiplier_0_70_reduced_the_endpoint
73009,0.8,late_p95_57,57,primary_log1p_post14_heat_auc,回应后14日请愿热度AUC（log1p）,petition_heat_auc_post_14_days,log1p,9.440490928094654,9.669838551473381,0.22934762337872705,positive_means_multiplier_0_70_reduced_the_endpoint
73000,0.4,early_p05_11,11,secondary_log1p_post14_exposures,回应后14日请愿曝光数（log1p）,petition_exposures_post_14_days,log1p,7.340186835320115,7.340186835320115,0.0,positive_means_multiplier_0_70_reduced_the_endpoint
73001,0.4,early_p05_11,11,secondary_log1p_post14_exposures,回应后14日请愿曝光数（log1p）,petition_exposures_post_14_days,log1p,7.034387929915503,7.034387929915503,0.0,positive_means_multiplier_0_70_reduced_the_endpoint
73002,0.4,early_p05_11,11,secondary_log1p_post14_exposures,回应后14日请愿曝光数（log1p）,petition_exposures_post_14_days,log1p,7.161622002939187,7.161622002939187,0.0,positive_means_multiplier_0_70_reduced_the_endpoint
73003,0.4,early_p05_11,11,secondary_log1p_post14_exposures,回应后14日请愿曝光数（log1p）,petition_exposures_post_14_days,log1p,7.183111701743281,7.183111701743281,0.0,positive_means_multiplier_0_70_reduced_the_endpoint
73004,0.4,early_p05_11,11,secondary_log1p_post14_exposures,回应后14日请愿曝光数（log1p）,petition_exposures_post_14_days,log1p,7.1284959456800365,7.1284959456800365,0.0,positive_means_multiplier_0_70_reduced_the_endpoint
73005,0.4,early_p05_11,11,secondary_log1p_post14_exposures,回应后14日请愿曝光数（log1p）,petition_exposures_post_14_days,log1p,6.9440872082295275,6.9440872082295275,0.0,positive_means_multiplier_0_70_reduced_the_endpoint
73006,0.4,early_p05_11,11,secondary_log1p_post14_exposures,回应后14日请愿曝光数（log1p）,petition_exposures_post_14_days,log1p,7.183111701743281,7.183111701743281,0.0,positive_means_multiplier_0_70_reduced_the_endpoint
73007,0.4,early_p05_11,11,secondary_log1p_post14_exposures,回应后14日请愿曝光数（log1p）,petition_exposures_post_14_days,log1p,7.02197642307216,7.02197642307216,0.0,positive_means_multiplier_0_70_reduced_the_endpoint
73008,0.4,early_p05_11,11,secondary_log1p_post14_exposures,回应后14日请愿曝光数（log1p）,petition_exposures_post_14_days,log1p,7.117205503164344,7.117205503164344,0.0,positive_means_multiplier_0_70_reduced_the_endpoint
73009,0.4,early_p05_11,11,secondary_log1p_post14_exposures,回应后14日请愿曝光数（log1p）,petition_exposures_post_14_days,log1p,7.0707241072602764,7.0707241072602764,0.0,positive_means_multiplier_0_70_reduced_the_endpoint
73000,0.4,late_p95_57,57,secondary_log1p_post14_exposures,回应后14日请愿曝光数（log1p）,petition_exposures_post_14_days,log1p,7.340186835320115,7.340186835320115,0.0,positive_means_multiplier_0_70_reduced_the_endpoint
73001,0.4,late_p95_57,57,secondary_log1p_post14_exposures,回应后14日请愿曝光数（log1p）,petition_exposures_post_14_days,log1p,7.034387929915503,7.034387929915503,0.0,positive_means_multiplier_0_70_reduced_the_endpoint
73002,0.4,late_p95_57,57,secondary_log1p_post14_exposures,回应后14日请愿曝光数（log1p）,petition_exposures_post_14_days,log1p,7.161622002939187,7.161622002939187,0.0,positive_means_multiplier_0_70_reduced_the_endpoint
73003,0.4,late_p95_57,57,secondary_log1p_post14_exposures,回应后14日请愿曝光数（log1p）,petition_exposures_post_14_days,log1p,7.183111701743281,7.183111701743281,0.0,positive_means_multiplier_0_70_reduced_the_endpoint
73004,0.4,late_p95_57,57,secondary_log1p_post14_exposures,回应后14日请愿曝光数（log1p）,petition_exposures_post_14_days,log1p,7.1284959456800365,7.1284959456800365,0.0,positive_means_multiplier_0_70_reduced_the_endpoint
73005,0.4,late_p95_57,57,secondary_log1p_post14_exposures,回应后14日请愿曝光数（log1p）,petition_exposures_post_14_days,log1p,6.9440872082295275,6.9440872082295275,0.0,positive_means_multiplier_0_70_reduced_the_endpoint
73006,0.4,late_p95_57,57,secondary_log1p_post14_exposures,回应后14日请愿曝光数（log1p）,petition_exposures_post_14_days,log1p,7.183111701743281,7.183111701743281,0.0,positive_means_multiplier_0_70_reduced_the_endpoint
73007,0.4,late_p95_57,57,secondary_log1p_post14_exposures,回应后14日请愿曝光数（log1p）,petition_exposures_post_14_days,log1p,7.02197642307216,7.02197642307216,0.0,positive_means_multiplier_0_70_reduced_the_endpoint
73008,0.4,late_p95_57,57,secondary_log1p_post14_exposures,回应后14日请愿曝光数（log1p）,petition_exposures_post_14_days,log1p,7.117205503164344,7.117205503164344,0.0,positive_means_multiplier_0_70_reduced_the_endpoint
73009,0.4,late_p95_57,57,secondary_log1p_post14_exposures,回应后14日请愿曝光数（log1p）,petition_exposures_post_14_days,log1p,7.0707241072602764,7.0707241072602764,0.0,positive_means_multiplier_0_70_reduced_the_endpoint
73000,0.6,early_p05_11,11,secondary_log1p_post14_exposures,回应后14日请愿曝光数（log1p）,petition_exposures_post_14_days,log1p,8.24143968982973,8.24143968982973,0.0,positive_means_multiplier_0_70_reduced_the_endpoint
73001,0.6,early_p05_11,11,secondary_log1p_post14_exposures,回应后14日请愿曝光数（log1p）,petition_exposures_post_14_days,log1p,8.209308411646937,8.30671904320269,0.09741063155575347,positive_means_multiplier_0_70_reduced_the_endpoint
73002,0.6,early_p05_11,11,secondary_log1p_post14_exposures,回应后14日请愿曝光数（log1p）,petition_exposures_post_14_days,log1p,7.944846711001996,8.342601680684194,0.3977549696821976,positive_means_multiplier_0_70_reduced_the_endpoint
73003,0.6,early_p05_11,11,secondary_log1p_post14_exposures,回应后14日请愿曝光数（log1p）,petition_exposures_post_14_days,log1p,8.087332926473351,8.126813720726114,0.03948079425276241,positive_means_multiplier_0_70_reduced_the_endpoint
73004,0.6,early_p05_11,11,secondary_log1p_post14_exposures,回应后14日请愿曝光数（log1p）,petition_exposures_post_14_days,log1p,7.698029170272805,8.343077871169383,0.6450487008965782,positive_means_multiplier_0_70_reduced_the_endpoint
73005,0.6,early_p05_11,11,secondary_log1p_post14_exposures,回应后14日请愿曝光数（log1p）,petition_exposures_post_14_days,log1p,7.552237287560802,8.299783171949787,0.7475458843889857,positive_means_multiplier_0_70_reduced_the_endpoint
73006,0.6,early_p05_11,11,secondary_log1p_post14_exposures,回应后14日请愿曝光数（log1p）,petition_exposures_post_14_days,log1p,7.656810091480378,8.083328608786376,0.42651851730599777,positive_means_multiplier_0_70_reduced_the_endpoint
73007,0.6,early_p05_11,11,secondary_log1p_post14_exposures,回应后14日请愿曝光数（log1p）,petition_exposures_post_14_days,log1p,8.165363632473982,8.267705664762426,0.10234203228844407,positive_means_multiplier_0_70_reduced_the_endpoint
73008,0.6,early_p05_11,11,secondary_log1p_post14_exposures,回应后14日请愿曝光数（log1p）,petition_exposures_post_14_days,log1p,7.340835554123275,8.010027528481734,0.6691919743584593,positive_means_multiplier_0_70_reduced_the_endpoint
73009,0.6,early_p05_11,11,secondary_log1p_post14_exposures,回应后14日请愿曝光数（log1p）,petition_exposures_post_14_days,log1p,8.301273485191347,8.333991247194975,0.03271776200362808,positive_means_multiplier_0_70_reduced_the_endpoint
73000,0.6,late_p95_57,57,secondary_log1p_post14_exposures,回应后14日请愿曝光数（log1p）,petition_exposures_post_14_days,log1p,8.24143968982973,8.24143968982973,0.0,positive_means_multiplier_0_70_reduced_the_endpoint
73001,0.6,late_p95_57,57,secondary_log1p_post14_exposures,回应后14日请愿曝光数（log1p）,petition_exposures_post_14_days,log1p,8.343077871169383,8.343077871169383,0.0,positive_means_multiplier_0_70_reduced_the_endpoint
73002,0.6,late_p95_57,57,secondary_log1p_post14_exposures,回应后14日请愿曝光数（log1p）,petition_exposures_post_14_days,log1p,7.952615111651,8.343077871169383,0.3904627595183827,positive_means_multiplier_0_70_reduced_the_endpoint
73003,0.6,late_p95_57,57,secondary_log1p_post14_exposures,回应后14日请愿曝光数（log1p）,petition_exposures_post_14_days,log1p,7.5883236773352225,8.144679183447758,0.5563555061125358,positive_means_multiplier_0_70_reduced_the_endpoint
73004,0.6,late_p95_57,57,secondary_log1p_post14_exposures,回应后14日请愿曝光数（log1p）,petition_exposures_post_14_days,log1p,8.200013648175434,8.200013648175434,0.0,positive_means_multiplier_0_70_reduced_the_endpoint
73005,0.6,late_p95_57,57,secondary_log1p_post14_exposures,回应后14日请愿曝光数（log1p）,petition_exposures_post_14_days,log1p,8.343077871169383,8.343077871169383,0.0,positive_means_multiplier_0_70_reduced_the_endpoint
73006,0.6,late_p95_57,57,secondary_log1p_post14_exposures,回应后14日请愿曝光数（log1p）,petition_exposures_post_14_days,log1p,7.656810091480378,8.094683648698815,0.43787355721843735,positive_means_multiplier_0_70_reduced_the_endpoint
73007,0.6,late_p95_57,57,secondary_log1p_post14_exposures,回应后14日请愿曝光数（log1p）,petition_exposures_post_14_days,log1p,7.912423121473705,8.343077871169383,0.43065474969567763,positive_means_multiplier_0_70_reduced_the_endpoint
73008,0.6,late_p95_57,57,secondary_log1p_post14_exposures,回应后14日请愿曝光数（log1p）,petition_exposures_post_14_days,log1p,7.83241092718792,7.83241092718792,0.0,positive_means_multiplier_0_70_reduced_the_endpoint
73009,0.6,late_p95_57,57,secondary_log1p_post14_exposures,回应后14日请愿曝光数（log1p）,petition_exposures_post_14_days,log1p,8.343077871169383,8.343077871169383,0.0,positive_means_multiplier_0_70_reduced_the_endpoint
73000,0.8,early_p05_11,11,secondary_log1p_post14_exposures,回应后14日请愿曝光数（log1p）,petition_exposures_post_14_days,log1p,8.343077871169383,8.343077871169383,0.0,positive_means_multiplier_0_70_reduced_the_endpoint
73001,0.8,early_p05_11,11,secondary_log1p_post14_exposures,回应后14日请愿曝光数（log1p）,petition_exposures_post_14_days,log1p,8.343077871169383,8.343077871169383,0.0,positive_means_multiplier_0_70_reduced_the_endpoint
73002,0.8,early_p05_11,11,secondary_log1p_post14_exposures,回应后14日请愿曝光数（log1p）,petition_exposures_post_14_days,log1p,8.343077871169383,8.343077871169383,0.0,positive_means_multiplier_0_70_reduced_the_endpoint
73003,0.8,early_p05_11,11,secondary_log1p_post14_exposures,回应后14日请愿曝光数（log1p）,petition_exposures_post_14_days,log1p,8.343077871169383,8.343077871169383,0.0,positive_means_multiplier_0_70_reduced_the_endpoint
73004,0.8,early_p05_11,11,secondary_log1p_post14_exposures,回应后14日请愿曝光数（log1p）,petition_exposures_post_14_days,log1p,8.343077871169383,8.343077871169383,0.0,positive_means_multiplier_0_70_reduced_the_endpoint
73005,0.8,early_p05_11,11,secondary_log1p_post14_exposures,回应后14日请愿曝光数（log1p）,petition_exposures_post_14_days,log1p,8.343077871169383,8.343077871169383,0.0,positive_means_multiplier_0_70_reduced_the_endpoint
73006,0.8,early_p05_11,11,secondary_log1p_post14_exposures,回应后14日请愿曝光数（log1p）,petition_exposures_post_14_days,log1p,8.343077871169383,8.343077871169383,0.0,positive_means_multiplier_0_70_reduced_the_endpoint
73007,0.8,early_p05_11,11,secondary_log1p_post14_exposures,回应后14日请愿曝光数（log1p）,petition_exposures_post_14_days,log1p,8.343077871169383,8.343077871169383,0.0,positive_means_multiplier_0_70_reduced_the_endpoint
73008,0.8,early_p05_11,11,secondary_log1p_post14_exposures,回应后14日请愿曝光数（log1p）,petition_exposures_post_14_days,log1p,8.338066525518801,8.343077871169383,0.005011345650581589,positive_means_multiplier_0_70_reduced_the_endpoint
73009,0.8,early_p05_11,11,secondary_log1p_post14_exposures,回应后14日请愿曝光数（log1p）,petition_exposures_post_14_days,log1p,8.341410211461865,8.343077871169383,0.0016676597075182542,positive_means_multiplier_0_70_reduced_the_endpoint
73000,0.8,late_p95_57,57,secondary_log1p_post14_exposures,回应后14日请愿曝光数（log1p）,petition_exposures_post_14_days,log1p,8.343077871169383,8.343077871169383,0.0,positive_means_multiplier_0_70_reduced_the_endpoint
73001,0.8,late_p95_57,57,secondary_log1p_post14_exposures,回应后14日请愿曝光数（log1p）,petition_exposures_post_14_days,log1p,8.343077871169383,8.343077871169383,0.0,positive_means_multiplier_0_70_reduced_the_endpoint
73002,0.8,late_p95_57,57,secondary_log1p_post14_exposures,回应后14日请愿曝光数（log1p）,petition_exposures_post_14_days,log1p,8.343077871169383,8.343077871169383,0.0,positive_means_multiplier_0_70_reduced_the_endpoint
73003,0.8,late_p95_57,57,secondary_log1p_post14_exposures,回应后14日请愿曝光数（log1p）,petition_exposures_post_14_days,log1p,8.343077871169383,8.343077871169383,0.0,positive_means_multiplier_0_70_reduced_the_endpoint
73004,0.8,late_p95_57,57,secondary_log1p_post14_exposures,回应后14日请愿曝光数（log1p）,petition_exposures_post_14_days,log1p,8.343077871169383,8.343077871169383,0.0,positive_means_multiplier_0_70_reduced_the_endpoint
73005,0.8,late_p95_57,57,secondary_log1p_post14_exposures,回应后14日请愿曝光数（log1p）,petition_exposures_post_14_days,log1p,8.343077871169383,8.343077871169383,0.0,positive_means_multiplier_0_70_reduced_the_endpoint
73006,0.8,late_p95_57,57,secondary_log1p_post14_exposures,回应后14日请愿曝光数（log1p）,petition_exposures_post_14_days,log1p,8.343077871169383,8.343077871169383,0.0,positive_means_multiplier_0_70_reduced_the_endpoint
73007,0.8,late_p95_57,57,secondary_log1p_post14_exposures,回应后14日请愿曝光数（log1p）,petition_exposures_post_14_days,log1p,8.343077871169383,8.343077871169383,0.0,positive_means_multiplier_0_70_reduced_the_endpoint
73008,0.8,late_p95_57,57,secondary_log1p_post14_exposures,回应后14日请愿曝光数（log1p）,petition_exposures_post_14_days,log1p,8.343077871169383,8.343077871169383,0.0,positive_means_multiplier_0_70_reduced_the_endpoint
73009,0.8,late_p95_57,57,secondary_log1p_post14_exposures,回应后14日请愿曝光数（log1p）,petition_exposures_post_14_days,log1p,8.343077871169383,8.343077871169383,0.0,positive_means_multiplier_0_70_reduced_the_endpoint
73000,0.4,early_p05_11,11,secondary_log1p_post14_heat_peak,回应后14日请愿峰值热度（log1p）,petition_heat_peak_post_14_days,log1p,5.762833556733483,5.891419951742178,0.1285863950086954,positive_means_multiplier_0_70_reduced_the_endpoint
73001,0.4,early_p05_11,11,secondary_log1p_post14_heat_peak,回应后14日请愿峰值热度（log1p）,petition_heat_peak_post_14_days,log1p,5.52724388080477,5.653943150192012,0.12669926938724174,positive_means_multiplier_0_70_reduced_the_endpoint
73002,0.4,early_p05_11,11,secondary_log1p_post14_heat_peak,回应后14日请愿峰值热度（log1p）,petition_heat_peak_post_14_days,log1p,5.575508868531409,5.713032853229511,0.13752398469810245,positive_means_multiplier_0_70_reduced_the_endpoint
73003,0.4,early_p05_11,11,secondary_log1p_post14_heat_peak,回应后14日请愿峰值热度（log1p）,petition_heat_peak_post_14_days,log1p,5.67909119930354,5.7300906157858345,0.05099941648229489,positive_means_multiplier_0_70_reduced_the_endpoint
73004,0.4,early_p05_11,11,secondary_log1p_post14_heat_peak,回应后14日请愿峰值热度（log1p）,petition_heat_peak_post_14_days,log1p,5.610884294801444,5.747378950399769,0.13649465559832485,positive_means_multiplier_0_70_reduced_the_endpoint
73005,0.4,early_p05_11,11,secondary_log1p_post14_heat_peak,回应后14日请愿峰值热度（log1p）,petition_heat_peak_post_14_days,log1p,5.5286907864103245,5.586140684271603,0.05744989786127874,positive_means_multiplier_0_70_reduced_the_endpoint
73006,0.4,early_p05_11,11,secondary_log1p_post14_heat_peak,回应后14日请愿峰值热度（log1p）,petition_heat_peak_post_14_days,log1p,5.671952540643119,5.820367159802407,0.1484146191592881,positive_means_multiplier_0_70_reduced_the_endpoint
73007,0.4,early_p05_11,11,secondary_log1p_post14_heat_peak,回应后14日请愿峰值热度（log1p）,petition_heat_peak_post_14_days,log1p,5.528176404146595,5.637289707423603,0.10911330327700863,positive_means_multiplier_0_70_reduced_the_endpoint
73008,0.4,early_p05_11,11,secondary_log1p_post14_heat_peak,回应后14日请愿峰值热度（log1p）,petition_heat_peak_post_14_days,log1p,5.575571689573555,5.705345187789229,0.1297734982156742,positive_means_multiplier_0_70_reduced_the_endpoint
73009,0.4,early_p05_11,11,secondary_log1p_post14_heat_peak,回应后14日请愿峰值热度（log1p）,petition_heat_peak_post_14_days,log1p,5.462170513998159,5.597458490398702,0.13528797640054258,positive_means_multiplier_0_70_reduced_the_endpoint
73000,0.4,late_p95_57,57,secondary_log1p_post14_heat_peak,回应后14日请愿峰值热度（log1p）,petition_heat_peak_post_14_days,log1p,5.84497325654303,6.053577592703637,0.20860433616060714,positive_means_multiplier_0_70_reduced_the_endpoint
73001,0.4,late_p95_57,57,secondary_log1p_post14_heat_peak,回应后14日请愿峰值热度（log1p）,petition_heat_peak_post_14_days,log1p,5.6259966527365854,5.781076290323168,0.1550796375865824,positive_means_multiplier_0_70_reduced_the_endpoint
73002,0.4,late_p95_57,57,secondary_log1p_post14_heat_peak,回应后14日请愿峰值热度（log1p）,petition_heat_peak_post_14_days,log1p,5.66817767272964,5.858241836404992,0.19006416367535195,positive_means_multiplier_0_70_reduced_the_endpoint
73003,0.4,late_p95_57,57,secondary_log1p_post14_heat_peak,回应后14日请愿峰值热度（log1p）,petition_heat_peak_post_14_days,log1p,5.6920861106595995,5.904097159195151,0.21201104853555197,positive_means_multiplier_0_70_reduced_the_endpoint
73004,0.4,late_p95_57,57,secondary_log1p_post14_heat_peak,回应后14日请愿峰值热度（log1p）,petition_heat_peak_post_14_days,log1p,5.722642066933982,5.882650070792531,0.16000800385854852,positive_means_multiplier_0_70_reduced_the_endpoint
73005,0.4,late_p95_57,57,secondary_log1p_post14_heat_peak,回应后14日请愿峰值热度（log1p）,petition_heat_peak_post_14_days,log1p,5.434318894232998,5.682585309031906,0.2482664147989082,positive_means_multiplier_0_70_reduced_the_endpoint
73006,0.4,late_p95_57,57,secondary_log1p_post14_heat_peak,回应后14日请愿峰值热度（log1p）,petition_heat_peak_post_14_days,log1p,5.78884515553578,5.920727842446392,0.131882686910612,positive_means_multiplier_0_70_reduced_the_endpoint
73007,0.4,late_p95_57,57,secondary_log1p_post14_heat_peak,回应后14日请愿峰值热度（log1p）,petition_heat_peak_post_14_days,log1p,5.54717579552946,5.724192035877674,0.1770162403482134,positive_means_multiplier_0_70_reduced_the_endpoint
73008,0.4,late_p95_57,57,secondary_log1p_post14_heat_peak,回应后14日请愿峰值热度（log1p）,petition_heat_peak_post_14_days,log1p,5.762157182259692,5.901718998142524,0.139561815882832,positive_means_multiplier_0_70_reduced_the_endpoint
73009,0.4,late_p95_57,57,secondary_log1p_post14_heat_peak,回应后14日请愿峰值热度（log1p）,petition_heat_peak_post_14_days,log1p,5.595760457916882,5.76939600095361,0.17363554303672846,positive_means_multiplier_0_70_reduced_the_endpoint
73000,0.6,early_p05_11,11,secondary_log1p_post14_heat_peak,回应后14日请愿峰值热度（log1p）,petition_heat_peak_post_14_days,log1p,6.649163748190352,6.79333740255398,0.1441736543636276,positive_means_multiplier_0_70_reduced_the_endpoint
73001,0.6,early_p05_11,11,secondary_log1p_post14_heat_peak,回应后14日请愿峰值热度（log1p）,petition_heat_peak_post_14_days,log1p,6.563820975018309,6.746744626860875,0.18292365184256543,positive_means_multiplier_0_70_reduced_the_endpoint
73002,0.6,early_p05_11,11,secondary_log1p_post14_heat_peak,回应后14日请愿峰值热度（log1p）,petition_heat_peak_post_14_days,log1p,6.465409498342354,6.879301358433551,0.41389186009119694,positive_means_multiplier_0_70_reduced_the_endpoint
73003,0.6,early_p05_11,11,secondary_log1p_post14_heat_peak,回应后14日请愿峰值热度（log1p）,petition_heat_peak_post_14_days,log1p,6.529628116426721,6.6866945675960565,0.15706645116933515,positive_means_multiplier_0_70_reduced_the_endpoint
73004,0.6,early_p05_11,11,secondary_log1p_post14_heat_peak,回应后14日请愿峰值热度（log1p）,petition_heat_peak_post_14_days,log1p,6.372579855794034,6.869366407486071,0.4967865516920371,positive_means_multiplier_0_70_reduced_the_endpoint
73005,0.6,early_p05_11,11,secondary_log1p_post14_heat_peak,回应后14日请愿峰值热度（log1p）,petition_heat_peak_post_14_days,log1p,6.2718219015411,6.798363770450072,0.5265418689089723,positive_means_multiplier_0_70_reduced_the_endpoint
73006,0.6,early_p05_11,11,secondary_log1p_post14_heat_peak,回应后14日请愿峰值热度（log1p）,petition_heat_peak_post_14_days,log1p,6.234493879835862,6.622904519604086,0.38841063976822454,positive_means_multiplier_0_70_reduced_the_endpoint
73007,0.6,early_p05_11,11,secondary_log1p_post14_heat_peak,回应后14日请愿峰值热度（log1p）,petition_heat_peak_post_14_days,log1p,6.576441490043569,6.733534660505742,0.15709317046217297,positive_means_multiplier_0_70_reduced_the_endpoint
73008,0.6,early_p05_11,11,secondary_log1p_post14_heat_peak,回应后14日请愿峰值热度（log1p）,petition_heat_peak_post_14_days,log1p,5.98005411710291,6.547739490429338,0.5676853733264284,positive_means_multiplier_0_70_reduced_the_endpoint
73009,0.6,early_p05_11,11,secondary_log1p_post14_heat_peak,回应后14日请愿峰值热度（log1p）,petition_heat_peak_post_14_days,log1p,6.715127883971491,6.85152859043568,0.13640070646418856,positive_means_multiplier_0_70_reduced_the_endpoint
73000,0.6,late_p95_57,57,secondary_log1p_post14_heat_peak,回应后14日请愿峰值热度（log1p）,petition_heat_peak_post_14_days,log1p,6.745784843409747,6.918276959466409,0.17249211605666215,positive_means_multiplier_0_70_reduced_the_endpoint
73001,0.6,late_p95_57,57,secondary_log1p_post14_heat_peak,回应后14日请愿峰值热度（log1p）,petition_heat_peak_post_14_days,log1p,6.8274230162538805,6.984415272620949,0.1569922563670687,positive_means_multiplier_0_70_reduced_the_endpoint
73002,0.6,late_p95_57,57,secondary_log1p_post14_heat_peak,回应后14日请愿峰值热度（log1p）,petition_heat_peak_post_14_days,log1p,6.6840900746176155,7.038348618558775,0.3542585439411594,positive_means_multiplier_0_70_reduced_the_endpoint
73003,0.6,late_p95_57,57,secondary_log1p_post14_heat_peak,回应后14日请愿峰值热度（log1p）,petition_heat_peak_post_14_days,log1p,6.4519189339850165,6.852315506315143,0.40039657233012615,positive_means_multiplier_0_70_reduced_the_endpoint
73004,0.6,late_p95_57,57,secondary_log1p_post14_heat_peak,回应后14日请愿峰值热度（log1p）,petition_heat_peak_post_14_days,log1p,6.786344230510067,6.986160422846633,0.19981619233656644,positive_means_multiplier_0_70_reduced_the_endpoint
73005,0.6,late_p95_57,57,secondary_log1p_post14_heat_peak,回应后14日请愿峰值热度（log1p）,petition_heat_peak_post_14_days,log1p,6.887160547496905,7.03641149682163,0.14925094932472494,positive_means_multiplier_0_70_reduced_the_endpoint
73006,0.6,late_p95_57,57,secondary_log1p_post14_heat_peak,回应后14日请愿峰值热度（log1p）,petition_heat_peak_post_14_days,log1p,6.438296610468579,6.765176730729822,0.3268801202612428,positive_means_multiplier_0_70_reduced_the_endpoint
73007,0.6,late_p95_57,57,secondary_log1p_post14_heat_peak,回应后14日请愿峰值热度（log1p）,petition_heat_peak_post_14_days,log1p,6.625687861979088,6.992808920641995,0.36712105866290656,positive_means_multiplier_0_70_reduced_the_endpoint
73008,0.6,late_p95_57,57,secondary_log1p_post14_heat_peak,回应后14日请愿峰值热度（log1p）,petition_heat_peak_post_14_days,log1p,6.4032042193487,6.6426000385336845,0.23939581918498476,positive_means_multiplier_0_70_reduced_the_endpoint
73009,0.6,late_p95_57,57,secondary_log1p_post14_heat_peak,回应后14日请愿峰值热度（log1p）,petition_heat_peak_post_14_days,log1p,6.84182713262421,7.019179856167342,0.17735272354313203,positive_means_multiplier_0_70_reduced_the_endpoint
73000,0.8,early_p05_11,11,secondary_log1p_post14_heat_peak,回应后14日请愿峰值热度（log1p）,petition_heat_peak_post_14_days,log1p,6.74772076724182,6.878570196216333,0.13084942897451324,positive_means_multiplier_0_70_reduced_the_endpoint
73001,0.8,early_p05_11,11,secondary_log1p_post14_heat_peak,回应后14日请愿峰值热度（log1p）,petition_heat_peak_post_14_days,log1p,6.79057929538287,6.920608270526581,0.13002897514371092,positive_means_multiplier_0_70_reduced_the_endpoint
73002,0.8,early_p05_11,11,secondary_log1p_post14_heat_peak,回应后14日请愿峰值热度（log1p）,petition_heat_peak_post_14_days,log1p,6.781420948951406,6.907686819194259,0.12626587024285296,positive_means_multiplier_0_70_reduced_the_endpoint
73003,0.8,early_p05_11,11,secondary_log1p_post14_heat_peak,回应后14日请愿峰值热度（log1p）,petition_heat_peak_post_14_days,log1p,6.8083691862954465,6.903992571136621,0.09562338484117472,positive_means_multiplier_0_70_reduced_the_endpoint
73004,0.8,early_p05_11,11,secondary_log1p_post14_heat_peak,回应后14日请愿峰值热度（log1p）,petition_heat_peak_post_14_days,log1p,6.687726505709106,6.821075646003266,0.13334914029416023,positive_means_multiplier_0_70_reduced_the_endpoint
73005,0.8,early_p05_11,11,secondary_log1p_post14_heat_peak,回应后14日请愿峰值热度（log1p）,petition_heat_peak_post_14_days,log1p,6.8160611978273,6.946326445845586,0.13026524801828643,positive_means_multiplier_0_70_reduced_the_endpoint
73006,0.8,early_p05_11,11,secondary_log1p_post14_heat_peak,回应后14日请愿峰值热度（log1p）,petition_heat_peak_post_14_days,log1p,6.729055656146462,6.882471274496684,0.15341561835022155,positive_means_multiplier_0_70_reduced_the_endpoint
73007,0.8,early_p05_11,11,secondary_log1p_post14_heat_peak,回应后14日请愿峰值热度（log1p）,petition_heat_peak_post_14_days,log1p,6.7762036798404015,6.852757237159839,0.07655355731943736,positive_means_multiplier_0_70_reduced_the_endpoint
73008,0.8,early_p05_11,11,secondary_log1p_post14_heat_peak,回应后14日请愿峰值热度（log1p）,petition_heat_peak_post_14_days,log1p,6.750127772030415,6.883901372676633,0.13377360064621868,positive_means_multiplier_0_70_reduced_the_endpoint
73009,0.8,early_p05_11,11,secondary_log1p_post14_heat_peak,回应后14日请愿峰值热度（log1p）,petition_heat_peak_post_14_days,log1p,6.746901261055314,6.879233498863101,0.13233223780778758,positive_means_multiplier_0_70_reduced_the_endpoint
73000,0.8,late_p95_57,57,secondary_log1p_post14_heat_peak,回应后14日请愿峰值热度（log1p）,petition_heat_peak_post_14_days,log1p,6.855630215355996,7.033352118850976,0.17772190349498018,positive_means_multiplier_0_70_reduced_the_endpoint
73001,0.8,late_p95_57,57,secondary_log1p_post14_heat_peak,回应后14日请愿峰值热度（log1p）,petition_heat_peak_post_14_days,log1p,6.880959045058898,7.030976898712133,0.15001785365323528,positive_means_multiplier_0_70_reduced_the_endpoint
73002,0.8,late_p95_57,57,secondary_log1p_post14_heat_peak,回应后14日请愿峰值热度（log1p）,petition_heat_peak_post_14_days,log1p,6.863122275659754,7.044154438476377,0.1810321628166225,positive_means_multiplier_0_70_reduced_the_endpoint
73003,0.8,late_p95_57,57,secondary_log1p_post14_heat_peak,回应后14日请愿峰值热度（log1p）,petition_heat_peak_post_14_days,log1p,6.873666836025179,7.0263713075578735,0.15270447153269462,positive_means_multiplier_0_70_reduced_the_endpoint
73004,0.8,late_p95_57,57,secondary_log1p_post14_heat_peak,回应后14日请愿峰值热度（log1p）,petition_heat_peak_post_14_days,log1p,6.876408856591882,7.028742099843414,0.1523332432515314,positive_means_multiplier_0_70_reduced_the_endpoint
73005,0.8,late_p95_57,57,secondary_log1p_post14_heat_peak,回应后14日请愿峰值热度（log1p）,petition_heat_peak_post_14_days,log1p,6.909505554322685,7.059421422960305,0.14991586863762052,positive_means_multiplier_0_70_reduced_the_endpoint
73006,0.8,late_p95_57,57,secondary_log1p_post14_heat_peak,回应后14日请愿峰值热度（log1p）,petition_heat_peak_post_14_days,log1p,6.8660575668555035,7.000072381609869,0.13401481475436583,positive_means_multiplier_0_70_reduced_the_endpoint
73007,0.8,late_p95_57,57,secondary_log1p_post14_heat_peak,回应后14日请愿峰值热度（log1p）,petition_heat_peak_post_14_days,log1p,6.882643435515805,7.047672814782333,0.16502937926652805,positive_means_multiplier_0_70_reduced_the_endpoint
73008,0.8,late_p95_57,57,secondary_log1p_post14_heat_peak,回应后14日请愿峰值热度（log1p）,petition_heat_peak_post_14_days,log1p,6.820250775879292,6.997964810223628,0.1777140343443362,positive_means_multiplier_0_70_reduced_the_endpoint
73009,0.8,late_p95_57,57,secondary_log1p_post14_heat_peak,回应后14日请愿峰值热度（log1p）,petition_heat_peak_post_14_days,log1p,6.8672631956811445,7.040082472174424,0.17281927649327944,positive_means_multiplier_0_70_reduced_the_endpoint
73000,0.4,early_p05_11,11,secondary_log1p_post14_interactions,回应后14日请愿互动数（log1p）,petition_interactions_post_14_days,log1p,5.648974238161206,5.6240175061873385,-0.02495673197386772,positive_means_multiplier_0_70_reduced_the_endpoint
73001,0.4,early_p05_11,11,secondary_log1p_post14_interactions,回应后14日请愿互动数（log1p）,petition_interactions_post_14_days,log1p,5.424950017481403,5.3981627015177525,-0.02678731596365047,positive_means_multiplier_0_70_reduced_the_endpoint
73002,0.4,early_p05_11,11,secondary_log1p_post14_interactions,回应后14日请愿互动数（log1p）,petition_interactions_post_14_days,log1p,5.455321115357702,5.455321115357702,0.0,positive_means_multiplier_0_70_reduced_the_endpoint
73003,0.4,early_p05_11,11,secondary_log1p_post14_interactions,回应后14日请愿互动数（log1p）,petition_interactions_post_14_days,log1p,5.579729825986222,5.4116460518550396,-0.16808377413118247,positive_means_multiplier_0_70_reduced_the_endpoint
73004,0.4,early_p05_11,11,secondary_log1p_post14_interactions,回应后14日请愿互动数（log1p）,petition_interactions_post_14_days,log1p,5.529429087511423,5.529429087511423,0.0,positive_means_multiplier_0_70_reduced_the_endpoint
73005,0.4,early_p05_11,11,secondary_log1p_post14_interactions,回应后14日请愿互动数（log1p）,petition_interactions_post_14_days,log1p,5.43372200355424,5.3230099791384085,-0.1107120244158315,positive_means_multiplier_0_70_reduced_the_endpoint
73006,0.4,early_p05_11,11,secondary_log1p_post14_interactions,回应后14日请愿互动数（log1p）,petition_interactions_post_14_days,log1p,5.564520407322694,5.602118820879701,0.037598413557007326,positive_means_multiplier_0_70_reduced_the_endpoint
73007,0.4,early_p05_11,11,secondary_log1p_post14_interactions,回应后14日请愿互动数（log1p）,petition_interactions_post_14_days,log1p,5.4510384535657,5.3981627015177525,-0.0528757520479477,positive_means_multiplier_0_70_reduced_the_endpoint
73008,0.4,early_p05_11,11,secondary_log1p_post14_interactions,回应后14日请愿互动数（log1p）,petition_interactions_post_14_days,log1p,5.480638923341991,5.480638923341991,0.0,positive_means_multiplier_0_70_reduced_the_endpoint
73009,0.4,early_p05_11,11,secondary_log1p_post14_interactions,回应后14日请愿互动数（log1p）,petition_interactions_post_14_days,log1p,5.337538079701318,5.337538079701318,0.0,positive_means_multiplier_0_70_reduced_the_endpoint
73000,0.4,late_p95_57,57,secondary_log1p_post14_interactions,回应后14日请愿互动数（log1p）,petition_interactions_post_14_days,log1p,5.605802066295998,5.652489180268651,0.046687113972653016,positive_means_multiplier_0_70_reduced_the_endpoint
73001,0.4,late_p95_57,57,secondary_log1p_post14_interactions,回应后14日请愿互动数（log1p）,petition_interactions_post_14_days,log1p,5.44673737166631,5.43372200355424,-0.013015368112069936,positive_means_multiplier_0_70_reduced_the_endpoint
73002,0.4,late_p95_57,57,secondary_log1p_post14_interactions,回应后14日请愿互动数（log1p）,petition_interactions_post_14_days,log1p,5.43372200355424,5.43372200355424,0.0,positive_means_multiplier_0_70_reduced_the_endpoint
73003,0.4,late_p95_57,57,secondary_log1p_post14_interactions,回应后14日请愿互动数（log1p）,petition_interactions_post_14_days,log1p,5.484796933490655,5.4510384535657,-0.03375847992495462,positive_means_multiplier_0_70_reduced_the_endpoint
73004,0.4,late_p95_57,57,secondary_log1p_post14_interactions,回应后14日请愿互动数（log1p）,petition_interactions_post_14_days,log1p,5.579729825986222,5.579729825986222,0.0,positive_means_multiplier_0_70_reduced_the_endpoint
73005,0.4,late_p95_57,57,secondary_log1p_post14_interactions,回应后14日请愿互动数（log1p）,petition_interactions_post_14_days,log1p,5.19295685089021,5.308267697401205,0.11531084651099466,positive_means_multiplier_0_70_reduced_the_endpoint
73006,0.4,late_p95_57,57,secondary_log1p_post14_interactions,回应后14日请愿互动数（log1p）,petition_interactions_post_14_days,log1p,5.645446897643238,5.6131281063880705,-0.032318791255167234,positive_means_multiplier_0_70_reduced_the_endpoint
73007,0.4,late_p95_57,57,secondary_log1p_post14_interactions,回应后14日请愿互动数（log1p）,petition_interactions_post_14_days,log1p,5.375278407684165,5.393627546352362,0.018349138668196652,positive_means_multiplier_0_70_reduced_the_endpoint
73008,0.4,late_p95_57,57,secondary_log1p_post14_interactions,回应后14日请愿互动数（log1p）,petition_interactions_post_14_days,log1p,5.627621113690637,5.627621113690637,0.0,positive_means_multiplier_0_70_reduced_the_endpoint
73009,0.4,late_p95_57,57,secondary_log1p_post14_interactions,回应后14日请愿互动数（log1p）,petition_interactions_post_14_days,log1p,5.37989735354046,5.37989735354046,0.0,positive_means_multiplier_0_70_reduced_the_endpoint
73000,0.6,early_p05_11,11,secondary_log1p_post14_interactions,回应后14日请愿互动数（log1p）,petition_interactions_post_14_days,log1p,6.566672429803241,6.579251212010101,0.012578782206860595,positive_means_multiplier_0_70_reduced_the_endpoint
73001,0.6,early_p05_11,11,secondary_log1p_post14_interactions,回应后14日请愿互动数（log1p）,petition_interactions_post_14_days,log1p,6.532334292222349,6.643789733147672,0.11145544092532322,positive_means_multiplier_0_70_reduced_the_endpoint
73002,0.6,early_p05_11,11,secondary_log1p_post14_interactions,回应后14日请愿互动数（log1p）,petition_interactions_post_14_days,log1p,6.253828811575473,6.697034247666484,0.44320543609101115,positive_means_multiplier_0_70_reduced_the_endpoint
73003,0.6,early_p05_11,11,secondary_log1p_post14_interactions,回应后14日请愿互动数（log1p）,petition_interactions_post_14_days,log1p,6.386879319362645,6.416732282512326,0.02985296314968089,positive_means_multiplier_0_70_reduced_the_endpoint
73004,0.6,early_p05_11,11,secondary_log1p_post14_interactions,回应后14日请愿互动数（log1p）,petition_interactions_post_14_days,log1p,6.102558594613569,6.692083742506628,0.5895251478930588,positive_means_multiplier_0_70_reduced_the_endpoint
73005,0.6,early_p05_11,11,secondary_log1p_post14_interactions,回应后14日请愿互动数（log1p）,petition_interactions_post_14_days,log1p,5.993961427306569,6.641182169740591,0.6472207424340217,positive_means_multiplier_0_70_reduced_the_endpoint
73006,0.6,early_p05_11,11,secondary_log1p_post14_interactions,回应后14日请愿互动数（log1p）,petition_interactions_post_14_days,log1p,6.028278520230698,6.432940092739179,0.40466157250848145,positive_means_multiplier_0_70_reduced_the_endpoint
73007,0.6,early_p05_11,11,secondary_log1p_post14_interactions,回应后14日请愿互动数（log1p）,petition_interactions_post_14_days,log1p,6.525029657843462,6.587550014824796,0.06252035698133351,positive_means_multiplier_0_70_reduced_the_endpoint
73008,0.6,early_p05_11,11,secondary_log1p_post14_interactions,回应后14日请愿互动数（log1p）,petition_interactions_post_14_days,log1p,5.594711379601839,6.368187186350492,0.7734758067486531,positive_means_multiplier_0_70_reduced_the_endpoint
73009,0.6,early_p05_11,11,secondary_log1p_post14_interactions,回应后14日请愿互动数（log1p）,petition_interactions_post_14_days,log1p,6.655440350367647,6.683360945766275,0.027920595398627235,positive_means_multiplier_0_70_reduced_the_endpoint
73000,0.6,late_p95_57,57,secondary_log1p_post14_interactions,回应后14日请愿互动数（log1p）,petition_interactions_post_14_days,log1p,6.530877627725885,6.52649485957079,-0.004382768155094752,positive_means_multiplier_0_70_reduced_the_endpoint
73001,0.6,late_p95_57,57,secondary_log1p_post14_interactions,回应后14日请愿互动数（log1p）,petition_interactions_post_14_days,log1p,6.648984550024776,6.648984550024776,0.0,positive_means_multiplier_0_70_reduced_the_endpoint
73002,0.6,late_p95_57,57,secondary_log1p_post14_interactions,回应后14日请愿互动数（log1p）,petition_interactions_post_14_days,log1p,6.331501849893691,6.698268054115413,0.36676620422172235,positive_means_multiplier_0_70_reduced_the_endpoint
73003,0.6,late_p95_57,57,secondary_log1p_post14_interactions,回应后14日请愿互动数（log1p）,petition_interactions_post_14_days,log1p,5.937536205082426,6.51025834052315,0.5727221354407233,positive_means_multiplier_0_70_reduced_the_endpoint
73004,0.6,late_p95_57,57,secondary_log1p_post14_interactions,回应后14日请愿互动数（log1p）,petition_interactions_post_14_days,log1p,6.558197802812269,6.558197802812269,0.0,positive_means_multiplier_0_70_reduced_the_endpoint
73005,0.6,late_p95_57,57,secondary_log1p_post14_interactions,回应后14日请愿互动数（log1p）,petition_interactions_post_14_days,log1p,6.717804695023691,6.717804695023691,0.0,positive_means_multiplier_0_70_reduced_the_endpoint
73006,0.6,late_p95_57,57,secondary_log1p_post14_interactions,回应后14日请愿互动数（log1p）,petition_interactions_post_14_days,log1p,6.1070228877422545,6.419994928147142,0.3129720404048877,positive_means_multiplier_0_70_reduced_the_endpoint
73007,0.6,late_p95_57,57,secondary_log1p_post14_interactions,回应后14日请愿互动数（log1p）,petition_interactions_post_14_days,log1p,6.2324480165505225,6.646390514847729,0.41394249829720664,positive_means_multiplier_0_70_reduced_the_endpoint
73008,0.6,late_p95_57,57,secondary_log1p_post14_interactions,回应后14日请愿互动数（log1p）,petition_interactions_post_14_days,log1p,6.142037405587356,6.142037405587356,0.0,positive_means_multiplier_0_70_reduced_the_endpoint
73009,0.6,late_p95_57,57,secondary_log1p_post14_interactions,回应后14日请愿互动数（log1p）,petition_interactions_post_14_days,log1p,6.642486801367256,6.642486801367256,0.0,positive_means_multiplier_0_70_reduced_the_endpoint
73000,0.8,early_p05_11,11,secondary_log1p_post14_interactions,回应后14日请愿互动数（log1p）,petition_interactions_post_14_days,log1p,6.666956792429207,6.666956792429207,0.0,positive_means_multiplier_0_70_reduced_the_endpoint
73001,0.8,early_p05_11,11,secondary_log1p_post14_interactions,回应后14日请愿互动数（log1p）,petition_interactions_post_14_days,log1p,6.695798917058491,6.694562058521095,-0.0012368585373963015,positive_means_multiplier_0_70_reduced_the_endpoint
73002,0.8,early_p05_11,11,secondary_log1p_post14_interactions,回应后14日请愿互动数（log1p）,petition_interactions_post_14_days,log1p,6.717804695023691,6.714170529909472,-0.003634165114219101,positive_means_multiplier_0_70_reduced_the_endpoint
73003,0.8,early_p05_11,11,secondary_log1p_post14_interactions,回应后14日请愿互动数（log1p）,petition_interactions_post_14_days,log1p,6.760414691083428,6.717804695023691,-0.04260999605973659,positive_means_multiplier_0_70_reduced_the_endpoint
73004,0.8,early_p05_11,11,secondary_log1p_post14_interactions,回应后14日请愿互动数（log1p）,petition_interactions_post_14_days,log1p,6.602587892189336,6.60934924316738,0.0067613509780439784,positive_means_multiplier_0_70_reduced_the_endpoint
73005,0.8,early_p05_11,11,secondary_log1p_post14_interactions,回应后14日请愿互动数（log1p）,petition_interactions_post_14_days,log1p,6.734591659972948,6.741700694652055,0.007109034679106507,positive_means_multiplier_0_70_reduced_the_endpoint
73006,0.8,early_p05_11,11,secondary_log1p_post14_interactions,回应后14日请愿互动数（log1p）,petition_interactions_post_14_days,log1p,6.639875833826536,6.698268054115413,0.05839222028887736,positive_means_multiplier_0_70_reduced_the_endpoint
73007,0.8,early_p05_11,11,secondary_log1p_post14_interactions,回应后14日请愿互动数（log1p）,petition_interactions_post_14_days,log1p,6.71174039505618,6.643789733147672,-0.06795066190850729,positive_means_multiplier_0_70_reduced_the_endpoint
73008,0.8,early_p05_11,11,secondary_log1p_post14_interactions,回应后14日请愿互动数（log1p）,petition_interactions_post_14_days,log1p,6.675823221634848,6.694562058521095,0.018738836886247334,positive_means_multiplier_0_70_reduced_the_endpoint
73009,0.8,early_p05_11,11,secondary_log1p_post14_interactions,回应后14日请愿互动数（log1p）,petition_interactions_post_14_days,log1p,6.669498089857879,6.668228248417403,-0.0012698414404761493,positive_means_multiplier_0_70_reduced_the_endpoint
73000,0.8,late_p95_57,57,secondary_log1p_post14_interactions,回应后14日请愿互动数（log1p）,petition_interactions_post_14_days,log1p,6.638567789166521,6.647688373563329,0.009120584396808518,positive_means_multiplier_0_70_reduced_the_endpoint
73001,0.8,late_p95_57,57,secondary_log1p_post14_interactions,回应后14日请愿互动数（log1p）,petition_interactions_post_14_days,log1p,6.717804695023691,6.717804695023691,0.0,positive_means_multiplier_0_70_reduced_the_endpoint
73002,0.8,late_p95_57,57,secondary_log1p_post14_interactions,回应后14日请愿互动数（log1p）,petition_interactions_post_14_days,log1p,6.651571873589727,6.651571873589727,0.0,positive_means_multiplier_0_70_reduced_the_endpoint
73003,0.8,late_p95_57,57,secondary_log1p_post14_interactions,回应后14日请愿互动数（log1p）,petition_interactions_post_14_days,log1p,6.704414354964107,6.684611727667927,-0.019802627296179764,positive_means_multiplier_0_70_reduced_the_endpoint
73004,0.8,late_p95_57,57,secondary_log1p_post14_interactions,回应后14日请愿互动数（log1p）,petition_interactions_post_14_days,log1p,6.70073110954781,6.70073110954781,0.0,positive_means_multiplier_0_70_reduced_the_endpoint
73005,0.8,late_p95_57,57,secondary_log1p_post14_interactions,回应后14日请愿互动数（log1p）,petition_interactions_post_14_days,log1p,6.75110146893676,6.75110146893676,0.0,positive_means_multiplier_0_70_reduced_the_endpoint
73006,0.8,late_p95_57,57,secondary_log1p_post14_interactions,回应后14日请愿互动数（log1p）,petition_interactions_post_14_days,log1p,6.695798917058491,6.61472560020376,-0.08107331685473085,positive_means_multiplier_0_70_reduced_the_endpoint
73007,0.8,late_p95_57,57,secondary_log1p_post14_interactions,回应后14日请愿互动数（log1p）,petition_interactions_post_14_days,log1p,6.703188113240863,6.728628613084702,0.025440499843838893,positive_means_multiplier_0_70_reduced_the_endpoint
73008,0.8,late_p95_57,57,secondary_log1p_post14_interactions,回应后14日请愿互动数（log1p）,petition_interactions_post_14_days,log1p,6.61472560020376,6.61472560020376,0.0,positive_means_multiplier_0_70_reduced_the_endpoint
73009,0.8,late_p95_57,57,secondary_log1p_post14_interactions,回应后14日请愿互动数（log1p）,petition_interactions_post_14_days,log1p,6.683360945766275,6.683360945766275,0.0,positive_means_multiplier_0_70_reduced_the_endpoint
73000,0.4,early_p05_11,11,secondary_log1p_threshold_to_close_heat_auc,门槛日至关闭日请愿热度AUC（log1p）,petition_heat_auc_threshold_to_close,log1p,11.07041834342897,11.096263633874607,0.025845290445635882,positive_means_multiplier_0_70_reduced_the_endpoint
73001,0.4,early_p05_11,11,secondary_log1p_threshold_to_close_heat_auc,门槛日至关闭日请愿热度AUC（log1p）,petition_heat_auc_threshold_to_close,log1p,10.813281897472095,10.839563107778138,0.02628121030604369,positive_means_multiplier_0_70_reduced_the_endpoint
73002,0.4,early_p05_11,11,secondary_log1p_threshold_to_close_heat_auc,门槛日至关闭日请愿热度AUC（log1p）,petition_heat_auc_threshold_to_close,log1p,10.906113446855617,10.933532272447577,0.027418825591960072,positive_means_multiplier_0_70_reduced_the_endpoint
73003,0.4,early_p05_11,11,secondary_log1p_threshold_to_close_heat_auc,门槛日至关闭日请愿热度AUC（log1p）,petition_heat_auc_threshold_to_close,log1p,10.951220721047159,10.98174119101208,0.030520469964921304,positive_means_multiplier_0_70_reduced_the_endpoint
73004,0.4,early_p05_11,11,secondary_log1p_threshold_to_close_heat_auc,门槛日至关闭日请愿热度AUC（log1p）,petition_heat_auc_threshold_to_close,log1p,10.949837597287962,10.975738657173515,0.02590105988555358,positive_means_multiplier_0_70_reduced_the_endpoint
73005,0.4,early_p05_11,11,secondary_log1p_threshold_to_close_heat_auc,门槛日至关闭日请愿热度AUC（log1p）,petition_heat_auc_threshold_to_close,log1p,10.752547110182245,10.783261032951161,0.030713922768915936,positive_means_multiplier_0_70_reduced_the_endpoint
73006,0.4,early_p05_11,11,secondary_log1p_threshold_to_close_heat_auc,门槛日至关闭日请愿热度AUC（log1p）,petition_heat_auc_threshold_to_close,log1p,10.97893411947892,11.007873601700428,0.028939482221508328,positive_means_multiplier_0_70_reduced_the_endpoint
73007,0.4,early_p05_11,11,secondary_log1p_threshold_to_close_heat_auc,门槛日至关闭日请愿热度AUC（log1p）,petition_heat_auc_threshold_to_close,log1p,10.7909352679094,10.812427432088814,0.021492164179413464,positive_means_multiplier_0_70_reduced_the_endpoint
73008,0.4,early_p05_11,11,secondary_log1p_threshold_to_close_heat_auc,门槛日至关闭日请愿热度AUC（log1p）,petition_heat_auc_threshold_to_close,log1p,10.92452395699466,10.949853267402975,0.02532931040831521,positive_means_multiplier_0_70_reduced_the_endpoint
73009,0.4,early_p05_11,11,secondary_log1p_threshold_to_close_heat_auc,门槛日至关闭日请愿热度AUC（log1p）,petition_heat_auc_threshold_to_close,log1p,10.82989606883893,10.855875258065943,0.025979189227012256,positive_means_multiplier_0_70_reduced_the_endpoint
73000,0.4,late_p95_57,57,secondary_log1p_threshold_to_close_heat_auc,门槛日至关闭日请愿热度AUC（log1p）,petition_heat_auc_threshold_to_close,log1p,11.082043198762978,11.116013793301908,0.03397059453893014,positive_means_multiplier_0_70_reduced_the_endpoint
73001,0.4,late_p95_57,57,secondary_log1p_threshold_to_close_heat_auc,门槛日至关闭日请愿热度AUC（log1p）,petition_heat_auc_threshold_to_close,log1p,10.822869257804598,10.856591633611796,0.033722375807197835,positive_means_multiplier_0_70_reduced_the_endpoint
73002,0.4,late_p95_57,57,secondary_log1p_threshold_to_close_heat_auc,门槛日至关闭日请愿热度AUC（log1p）,petition_heat_auc_threshold_to_close,log1p,10.92146071886593,10.956710678355067,0.03524995948913734,positive_means_multiplier_0_70_reduced_the_endpoint
73003,0.4,late_p95_57,57,secondary_log1p_threshold_to_close_heat_auc,门槛日至关闭日请愿热度AUC（log1p）,petition_heat_auc_threshold_to_close,log1p,10.932825132393532,10.965277435735308,0.032452303341775846,positive_means_multiplier_0_70_reduced_the_endpoint
73004,0.4,late_p95_57,57,secondary_log1p_threshold_to_close_heat_auc,门槛日至关闭日请愿热度AUC（log1p）,petition_heat_auc_threshold_to_close,log1p,10.91168118103548,10.9456996077146,0.03401842667912014,positive_means_multiplier_0_70_reduced_the_endpoint
73005,0.4,late_p95_57,57,secondary_log1p_threshold_to_close_heat_auc,门槛日至关闭日请愿热度AUC（log1p）,petition_heat_auc_threshold_to_close,log1p,10.715496212912367,10.757361725060832,0.041865512148465456,positive_means_multiplier_0_70_reduced_the_endpoint
73006,0.4,late_p95_57,57,secondary_log1p_threshold_to_close_heat_auc,门槛日至关闭日请愿热度AUC（log1p）,petition_heat_auc_threshold_to_close,log1p,10.969700157386372,11.000558031509355,0.03085787412298302,positive_means_multiplier_0_70_reduced_the_endpoint
73007,0.4,late_p95_57,57,secondary_log1p_threshold_to_close_heat_auc,门槛日至关闭日请愿热度AUC（log1p）,petition_heat_auc_threshold_to_close,log1p,10.756271768894083,10.81091058782854,0.05463881893445688,positive_means_multiplier_0_70_reduced_the_endpoint
73008,0.4,late_p95_57,57,secondary_log1p_threshold_to_close_heat_auc,门槛日至关闭日请愿热度AUC（log1p）,petition_heat_auc_threshold_to_close,log1p,10.914977820464983,10.948055760272425,0.033077939807441226,positive_means_multiplier_0_70_reduced_the_endpoint
73009,0.4,late_p95_57,57,secondary_log1p_threshold_to_close_heat_auc,门槛日至关闭日请愿热度AUC（log1p）,petition_heat_auc_threshold_to_close,log1p,10.825930340960415,10.860876292077831,0.034945951117416385,positive_means_multiplier_0_70_reduced_the_endpoint
73000,0.6,early_p05_11,11,secondary_log1p_threshold_to_close_heat_auc,门槛日至关闭日请愿热度AUC（log1p）,petition_heat_auc_threshold_to_close,log1p,11.966995516154052,11.99337471580714,0.026379199653089103,positive_means_multiplier_0_70_reduced_the_endpoint
73001,0.6,early_p05_11,11,secondary_log1p_threshold_to_close_heat_auc,门槛日至关闭日请愿热度AUC（log1p）,petition_heat_auc_threshold_to_close,log1p,12.026276804757476,12.056255323385594,0.029978518628118067,positive_means_multiplier_0_70_reduced_the_endpoint
73002,0.6,early_p05_11,11,secondary_log1p_threshold_to_close_heat_auc,门槛日至关闭日请愿热度AUC（log1p）,petition_heat_auc_threshold_to_close,log1p,11.76031927649378,12.100115919758979,0.3397966432651991,positive_means_multiplier_0_70_reduced_the_endpoint
73003,0.6,early_p05_11,11,secondary_log1p_threshold_to_close_heat_auc,门槛日至关闭日请愿热度AUC（log1p）,petition_heat_auc_threshold_to_close,log1p,11.888170865678415,11.918393840643644,0.030222974965228744,positive_means_multiplier_0_70_reduced_the_endpoint
73004,0.6,early_p05_11,11,secondary_log1p_threshold_to_close_heat_auc,门槛日至关闭日请愿热度AUC（log1p）,petition_heat_auc_threshold_to_close,log1p,11.396506442906954,12.006009440492463,0.6095029975855084,positive_means_multiplier_0_70_reduced_the_endpoint
73005,0.6,early_p05_11,11,secondary_log1p_threshold_to_close_heat_auc,门槛日至关闭日请愿热度AUC（log1p）,petition_heat_auc_threshold_to_close,log1p,11.414880672538505,12.07614076477267,0.6612600922341656,positive_means_multiplier_0_70_reduced_the_endpoint
73006,0.6,early_p05_11,11,secondary_log1p_threshold_to_close_heat_auc,门槛日至关闭日请愿热度AUC（log1p）,petition_heat_auc_threshold_to_close,log1p,11.456270833252564,11.846611099034124,0.39034026578156045,positive_means_multiplier_0_70_reduced_the_endpoint
73007,0.6,early_p05_11,11,secondary_log1p_threshold_to_close_heat_auc,门槛日至关闭日请愿热度AUC（log1p）,petition_heat_auc_threshold_to_close,log1p,12.055159989082785,12.080037149473164,0.02487716039037835,positive_means_multiplier_0_70_reduced_the_endpoint
73008,0.6,early_p05_11,11,secondary_log1p_threshold_to_close_heat_auc,门槛日至关闭日请愿热度AUC（log1p）,petition_heat_auc_threshold_to_close,log1p,11.147593371813262,11.70824043395015,0.5606470621368889,positive_means_multiplier_0_70_reduced_the_endpoint
73009,0.6,early_p05_11,11,secondary_log1p_threshold_to_close_heat_auc,门槛日至关闭日请愿热度AUC（log1p）,petition_heat_auc_threshold_to_close,log1p,12.055339120206131,12.081793225919167,0.026454105713035858,positive_means_multiplier_0_70_reduced_the_endpoint
73000,0.6,late_p95_57,57,secondary_log1p_threshold_to_close_heat_auc,门槛日至关闭日请愿热度AUC（log1p）,petition_heat_auc_threshold_to_close,log1p,11.948268192677563,11.98401442656862,0.035746233891057244,positive_means_multiplier_0_70_reduced_the_endpoint
73001,0.6,late_p95_57,57,secondary_log1p_threshold_to_close_heat_auc,门槛日至关闭日请愿热度AUC（log1p）,petition_heat_auc_threshold_to_close,log1p,12.011410710539975,12.047073514130728,0.035662803590753356,positive_means_multiplier_0_70_reduced_the_endpoint
73002,0.6,late_p95_57,57,secondary_log1p_threshold_to_close_heat_auc,门槛日至关闭日请愿热度AUC（log1p）,petition_heat_auc_threshold_to_close,log1p,11.859016676970793,12.090596175916923,0.2315794989461306,positive_means_multiplier_0_70_reduced_the_endpoint
73003,0.6,late_p95_57,57,secondary_log1p_threshold_to_close_heat_auc,门槛日至关闭日请愿热度AUC（log1p）,petition_heat_auc_threshold_to_close,log1p,11.605961129414192,11.91433370247025,0.30837257305605803,positive_means_multiplier_0_70_reduced_the_endpoint
73004,0.6,late_p95_57,57,secondary_log1p_threshold_to_close_heat_auc,门槛日至关闭日请愿热度AUC（log1p）,petition_heat_auc_threshold_to_close,log1p,11.971185438892409,12.009306915553312,0.03812147666090304,positive_means_multiplier_0_70_reduced_the_endpoint
73005,0.6,late_p95_57,57,secondary_log1p_threshold_to_close_heat_auc,门槛日至关闭日请愿热度AUC（log1p）,petition_heat_auc_threshold_to_close,log1p,12.044680568136606,12.079894174665464,0.035213606528857966,positive_means_multiplier_0_70_reduced_the_endpoint
73006,0.6,late_p95_57,57,secondary_log1p_threshold_to_close_heat_auc,门槛日至关闭日请愿热度AUC（log1p）,petition_heat_auc_threshold_to_close,log1p,11.578765174319562,11.841300840840276,0.2625356665207139,positive_means_multiplier_0_70_reduced_the_endpoint
73007,0.6,late_p95_57,57,secondary_log1p_threshold_to_close_heat_auc,门槛日至关闭日请愿热度AUC（log1p）,petition_heat_auc_threshold_to_close,log1p,11.771608511329784,12.046041103304626,0.2744325919748416,positive_means_multiplier_0_70_reduced_the_endpoint
73008,0.6,late_p95_57,57,secondary_log1p_threshold_to_close_heat_auc,门槛日至关闭日请愿热度AUC（log1p）,petition_heat_auc_threshold_to_close,log1p,11.637481004937944,11.67525077355574,0.03776976861779602,positive_means_multiplier_0_70_reduced_the_endpoint
73009,0.6,late_p95_57,57,secondary_log1p_threshold_to_close_heat_auc,门槛日至关闭日请愿热度AUC（log1p）,petition_heat_auc_threshold_to_close,log1p,12.037452147261082,12.073850352187153,0.03639820492607093,positive_means_multiplier_0_70_reduced_the_endpoint
73000,0.8,early_p05_11,11,secondary_log1p_threshold_to_close_heat_auc,门槛日至关闭日请愿热度AUC（log1p）,petition_heat_auc_threshold_to_close,log1p,12.074926478634811,12.105140026679468,0.03021354804465659,positive_means_multiplier_0_70_reduced_the_endpoint
73001,0.8,early_p05_11,11,secondary_log1p_threshold_to_close_heat_auc,门槛日至关闭日请愿热度AUC（log1p）,petition_heat_auc_threshold_to_close,log1p,12.085726945817337,12.112493214492577,0.026766268675240568,positive_means_multiplier_0_70_reduced_the_endpoint
73002,0.8,early_p05_11,11,secondary_log1p_threshold_to_close_heat_auc,门槛日至关闭日请愿热度AUC（log1p）,petition_heat_auc_threshold_to_close,log1p,12.075086430491627,12.10106446593616,0.02597803544453292,positive_means_multiplier_0_70_reduced_the_endpoint
73003,0.8,early_p05_11,11,secondary_log1p_threshold_to_close_heat_auc,门槛日至关闭日请愿热度AUC（log1p）,petition_heat_auc_threshold_to_close,log1p,12.078111556522128,12.109191243414683,0.031079686892555358,positive_means_multiplier_0_70_reduced_the_endpoint
73004,0.8,early_p05_11,11,secondary_log1p_threshold_to_close_heat_auc,门槛日至关闭日请愿热度AUC（log1p）,petition_heat_auc_threshold_to_close,log1p,12.063129948589445,12.088463588434438,0.025333639844992817,positive_means_multiplier_0_70_reduced_the_endpoint
73005,0.8,early_p05_11,11,secondary_log1p_threshold_to_close_heat_auc,门槛日至关闭日请愿热度AUC（log1p）,petition_heat_auc_threshold_to_close,log1p,12.08788974916013,12.115265770293373,0.027376021133243,positive_means_multiplier_0_70_reduced_the_endpoint
73006,0.8,early_p05_11,11,secondary_log1p_threshold_to_close_heat_auc,门槛日至关闭日请愿热度AUC（log1p）,petition_heat_auc_threshold_to_close,log1p,12.05157454800841,12.08271769365346,0.03114314564504994,positive_means_multiplier_0_70_reduced_the_endpoint
73007,0.8,early_p05_11,11,secondary_log1p_threshold_to_close_heat_auc,门槛日至关闭日请愿热度AUC（log1p）,petition_heat_auc_threshold_to_close,log1p,12.073760763563731,12.092473778568909,0.018713015005177525,positive_means_multiplier_0_70_reduced_the_endpoint
73008,0.8,early_p05_11,11,secondary_log1p_threshold_to_close_heat_auc,门槛日至关闭日请愿热度AUC（log1p）,petition_heat_auc_threshold_to_close,log1p,12.080157281804949,12.106600296040341,0.02644301423539197,positive_means_multiplier_0_70_reduced_the_endpoint
73009,0.8,early_p05_11,11,secondary_log1p_threshold_to_close_heat_auc,门槛日至关闭日请愿热度AUC（log1p）,petition_heat_auc_threshold_to_close,log1p,12.075765319123631,12.10150063814209,0.025735319018458824,positive_means_multiplier_0_70_reduced_the_endpoint
73000,0.8,late_p95_57,57,secondary_log1p_threshold_to_close_heat_auc,门槛日至关闭日请愿热度AUC（log1p）,petition_heat_auc_threshold_to_close,log1p,12.074712741633864,12.112285664698028,0.0375729230641646,positive_means_multiplier_0_70_reduced_the_endpoint
73001,0.8,late_p95_57,57,secondary_log1p_threshold_to_close_heat_auc,门槛日至关闭日请愿热度AUC（log1p）,petition_heat_auc_threshold_to_close,log1p,12.078945529572657,12.11285665722864,0.033911127655983364,positive_means_multiplier_0_70_reduced_the_endpoint
73002,0.8,late_p95_57,57,secondary_log1p_threshold_to_close_heat_auc,门槛日至关闭日请愿热度AUC（log1p）,petition_heat_auc_threshold_to_close,log1p,12.073512651898442,12.10965993208857,0.03614728019012858,positive_means_multiplier_0_70_reduced_the_endpoint
73003,0.8,late_p95_57,57,secondary_log1p_threshold_to_close_heat_auc,门槛日至关闭日请愿热度AUC（log1p）,petition_heat_auc_threshold_to_close,log1p,12.06717654685884,12.109480869511945,0.04230432265310391,positive_means_multiplier_0_70_reduced_the_endpoint
73004,0.8,late_p95_57,57,secondary_log1p_threshold_to_close_heat_auc,门槛日至关闭日请愿热度AUC（log1p）,petition_heat_auc_threshold_to_close,log1p,12.052963833378136,12.088411049465607,0.035447216087471034,positive_means_multiplier_0_70_reduced_the_endpoint
73005,0.8,late_p95_57,57,secondary_log1p_threshold_to_close_heat_auc,门槛日至关闭日请愿热度AUC（log1p）,petition_heat_auc_threshold_to_close,log1p,12.074360517691014,12.109372007004945,0.03501148931393061,positive_means_multiplier_0_70_reduced_the_endpoint
73006,0.8,late_p95_57,57,secondary_log1p_threshold_to_close_heat_auc,门槛日至关闭日请愿热度AUC（log1p）,petition_heat_auc_threshold_to_close,log1p,12.048230456667248,12.076486733604037,0.028256276936788893,positive_means_multiplier_0_70_reduced_the_endpoint
73007,0.8,late_p95_57,57,secondary_log1p_threshold_to_close_heat_auc,门槛日至关闭日请愿热度AUC（log1p）,petition_heat_auc_threshold_to_close,log1p,12.069084976059369,12.101625650918931,0.03254067485956291,positive_means_multiplier_0_70_reduced_the_endpoint
73008,0.8,late_p95_57,57,secondary_log1p_threshold_to_close_heat_auc,门槛日至关闭日请愿热度AUC（log1p）,petition_heat_auc_threshold_to_close,log1p,12.062255910908522,12.097277633621715,0.035021722713192815,positive_means_multiplier_0_70_reduced_the_endpoint
73009,0.8,late_p95_57,57,secondary_log1p_threshold_to_close_heat_auc,门槛日至关闭日请愿热度AUC（log1p）,petition_heat_auc_threshold_to_close,log1p,12.078371831520695,12.11360461997162,0.0352327884509247,positive_means_multiplier_0_70_reduced_the_endpoint
73000,0.4,early_p05_11,11,secondary_mean_agenda_divergence_threshold_to_close,门槛日至关闭日平均议程偏离,mean_agenda_divergence_threshold_to_close,identity,0.0952380952380952,0.0952380952380952,0.0,positive_means_multiplier_0_70_reduced_the_endpoint
73001,0.4,early_p05_11,11,secondary_mean_agenda_divergence_threshold_to_close,门槛日至关闭日平均议程偏离,mean_agenda_divergence_threshold_to_close,identity,0.0,0.0,0.0,positive_means_multiplier_0_70_reduced_the_endpoint
73002,0.4,early_p05_11,11,secondary_mean_agenda_divergence_threshold_to_close,门槛日至关闭日平均议程偏离,mean_agenda_divergence_threshold_to_close,identity,0.0095238095238093,0.0095238095238093,0.0,positive_means_multiplier_0_70_reduced_the_endpoint
73003,0.4,early_p05_11,11,secondary_mean_agenda_divergence_threshold_to_close,门槛日至关闭日平均议程偏离,mean_agenda_divergence_threshold_to_close,identity,0.0190476190476189,0.0190476190476189,0.0,positive_means_multiplier_0_70_reduced_the_endpoint
73004,0.4,early_p05_11,11,secondary_mean_agenda_divergence_threshold_to_close,门槛日至关闭日平均议程偏离,mean_agenda_divergence_threshold_to_close,identity,0.0,0.0,0.0,positive_means_multiplier_0_70_reduced_the_endpoint
73005,0.4,early_p05_11,11,secondary_mean_agenda_divergence_threshold_to_close,门槛日至关闭日平均议程偏离,mean_agenda_divergence_threshold_to_close,identity,0.0,0.0,0.0,positive_means_multiplier_0_70_reduced_the_endpoint
73006,0.4,early_p05_11,11,secondary_mean_agenda_divergence_threshold_to_close,门槛日至关闭日平均议程偏离,mean_agenda_divergence_threshold_to_close,identity,0.0190476190476189,0.0190476190476189,0.0,positive_means_multiplier_0_70_reduced_the_endpoint
73007,0.4,early_p05_11,11,secondary_mean_agenda_divergence_threshold_to_close,门槛日至关闭日平均议程偏离,mean_agenda_divergence_threshold_to_close,identity,0.0,0.0,0.0,positive_means_multiplier_0_70_reduced_the_endpoint
73008,0.4,early_p05_11,11,secondary_mean_agenda_divergence_threshold_to_close,门槛日至关闭日平均议程偏离,mean_agenda_divergence_threshold_to_close,identity,0.0,0.0,0.0,positive_means_multiplier_0_70_reduced_the_endpoint
73009,0.4,early_p05_11,11,secondary_mean_agenda_divergence_threshold_to_close,门槛日至关闭日平均议程偏离,mean_agenda_divergence_threshold_to_close,identity,0.0,0.0,0.0,positive_means_multiplier_0_70_reduced_the_endpoint
73000,0.4,late_p95_57,57,secondary_mean_agenda_divergence_threshold_to_close,门槛日至关闭日平均议程偏离,mean_agenda_divergence_threshold_to_close,identity,0.0952380952380952,0.0952380952380952,0.0,positive_means_multiplier_0_70_reduced_the_endpoint
73001,0.4,late_p95_57,57,secondary_mean_agenda_divergence_threshold_to_close,门槛日至关闭日平均议程偏离,mean_agenda_divergence_threshold_to_close,identity,0.0,0.0,0.0,positive_means_multiplier_0_70_reduced_the_endpoint
73002,0.4,late_p95_57,57,secondary_mean_agenda_divergence_threshold_to_close,门槛日至关闭日平均议程偏离,mean_agenda_divergence_threshold_to_close,identity,0.0095238095238093,0.0095238095238093,0.0,positive_means_multiplier_0_70_reduced_the_endpoint
73003,0.4,late_p95_57,57,secondary_mean_agenda_divergence_threshold_to_close,门槛日至关闭日平均议程偏离,mean_agenda_divergence_threshold_to_close,identity,0.0190476190476189,0.0190476190476189,0.0,positive_means_multiplier_0_70_reduced_the_endpoint
73004,0.4,late_p95_57,57,secondary_mean_agenda_divergence_threshold_to_close,门槛日至关闭日平均议程偏离,mean_agenda_divergence_threshold_to_close,identity,0.0,0.0,0.0,positive_means_multiplier_0_70_reduced_the_endpoint
73005,0.4,late_p95_57,57,secondary_mean_agenda_divergence_threshold_to_close,门槛日至关闭日平均议程偏离,mean_agenda_divergence_threshold_to_close,identity,0.0,0.0,0.0,positive_means_multiplier_0_70_reduced_the_endpoint
73006,0.4,late_p95_57,57,secondary_mean_agenda_divergence_threshold_to_close,门槛日至关闭日平均议程偏离,mean_agenda_divergence_threshold_to_close,identity,0.0190476190476189,0.0190476190476189,0.0,positive_means_multiplier_0_70_reduced_the_endpoint
73007,0.4,late_p95_57,57,secondary_mean_agenda_divergence_threshold_to_close,门槛日至关闭日平均议程偏离,mean_agenda_divergence_threshold_to_close,identity,0.0,0.0,0.0,positive_means_multiplier_0_70_reduced_the_endpoint
73008,0.4,late_p95_57,57,secondary_mean_agenda_divergence_threshold_to_close,门槛日至关闭日平均议程偏离,mean_agenda_divergence_threshold_to_close,identity,0.0,0.0,0.0,positive_means_multiplier_0_70_reduced_the_endpoint
73009,0.4,late_p95_57,57,secondary_mean_agenda_divergence_threshold_to_close,门槛日至关闭日平均议程偏离,mean_agenda_divergence_threshold_to_close,identity,0.0,0.0,0.0,positive_means_multiplier_0_70_reduced_the_endpoint
73000,0.6,early_p05_11,11,secondary_mean_agenda_divergence_threshold_to_close,门槛日至关闭日平均议程偏离,mean_agenda_divergence_threshold_to_close,identity,0.9165589569160996,0.9165589569160996,0.0,positive_means_multiplier_0_70_reduced_the_endpoint
73001,0.6,early_p05_11,11,secondary_mean_agenda_divergence_threshold_to_close,门槛日至关闭日平均议程偏离,mean_agenda_divergence_threshold_to_close,identity,0.2009637188208616,0.203219954648526,0.0022562358276644046,positive_means_multiplier_0_70_reduced_the_endpoint
73002,0.6,early_p05_11,11,secondary_mean_agenda_divergence_threshold_to_close,门槛日至关闭日平均议程偏离,mean_agenda_divergence_threshold_to_close,identity,0.4346995464852607,0.4348072562358276,0.0001077097505668978,positive_means_multiplier_0_70_reduced_the_endpoint
73003,0.6,early_p05_11,11,secondary_mean_agenda_divergence_threshold_to_close,门槛日至关闭日平均议程偏离,mean_agenda_divergence_threshold_to_close,identity,0.4926757369614513,0.4934467120181406,0.000770975056689327,positive_means_multiplier_0_70_reduced_the_endpoint
73004,0.6,early_p05_11,11,secondary_mean_agenda_divergence_threshold_to_close,门槛日至关闭日平均议程偏离,mean_agenda_divergence_threshold_to_close,identity,0.3455328798185941,0.4539739229024943,0.10844104308390018,positive_means_multiplier_0_70_reduced_the_endpoint
73005,0.6,early_p05_11,11,secondary_mean_agenda_divergence_threshold_to_close,门槛日至关闭日平均议程偏离,mean_agenda_divergence_threshold_to_close,identity,0.5308163265306123,0.5325170068027211,0.00170068027210879,positive_means_multiplier_0_70_reduced_the_endpoint
73006,0.6,early_p05_11,11,secondary_mean_agenda_divergence_threshold_to_close,门槛日至关闭日平均议程偏离,mean_agenda_divergence_threshold_to_close,identity,0.3682766439909296,0.3684580498866212,0.00018140589569159982,positive_means_multiplier_0_70_reduced_the_endpoint
73007,0.6,early_p05_11,11,secondary_mean_agenda_divergence_threshold_to_close,门槛日至关闭日平均议程偏离,mean_agenda_divergence_threshold_to_close,identity,0.346360544217687,0.3462528344671201,-0.00010770975056695331,positive_means_multiplier_0_70_reduced_the_endpoint
73008,0.6,early_p05_11,11,secondary_mean_agenda_divergence_threshold_to_close,门槛日至关闭日平均议程偏离,mean_agenda_divergence_threshold_to_close,identity,0.1963945578231292,0.2568367346938774,0.06044217687074821,positive_means_multiplier_0_70_reduced_the_endpoint
73009,0.6,early_p05_11,11,secondary_mean_agenda_divergence_threshold_to_close,门槛日至关闭日平均议程偏离,mean_agenda_divergence_threshold_to_close,identity,0.2772619047619046,0.2780215419501132,0.000759637188208595,positive_means_multiplier_0_70_reduced_the_endpoint
73000,0.6,late_p95_57,57,secondary_mean_agenda_divergence_threshold_to_close,门槛日至关闭日平均议程偏离,mean_agenda_divergence_threshold_to_close,identity,0.9165589569160996,0.9165589569160996,0.0,positive_means_multiplier_0_70_reduced_the_endpoint
73001,0.6,late_p95_57,57,secondary_mean_agenda_divergence_threshold_to_close,门槛日至关闭日平均议程偏离,mean_agenda_divergence_threshold_to_close,identity,0.2031235827664398,0.2031235827664398,0.0,positive_means_multiplier_0_70_reduced_the_endpoint
73002,0.6,late_p95_57,57,secondary_mean_agenda_divergence_threshold_to_close,门槛日至关闭日平均议程偏离,mean_agenda_divergence_threshold_to_close,identity,0.4348072562358276,0.4348072562358276,0.0,positive_means_multiplier_0_70_reduced_the_endpoint
73003,0.6,late_p95_57,57,secondary_mean_agenda_divergence_threshold_to_close,门槛日至关闭日平均议程偏离,mean_agenda_divergence_threshold_to_close,identity,0.4934297052154195,0.4934297052154195,0.0,positive_means_multiplier_0_70_reduced_the_endpoint
73004,0.6,late_p95_57,57,secondary_mean_agenda_divergence_threshold_to_close,门槛日至关闭日平均议程偏离,mean_agenda_divergence_threshold_to_close,identity,0.4524433106575962,0.4524433106575962,0.0,positive_means_multiplier_0_70_reduced_the_endpoint
73005,0.6,late_p95_57,57,secondary_mean_agenda_divergence_threshold_to_close,门槛日至关闭日平均议程偏离,mean_agenda_divergence_threshold_to_close,identity,0.5325170068027211,0.5325170068027211,0.0,positive_means_multiplier_0_70_reduced_the_endpoint
73006,0.6,late_p95_57,57,secondary_mean_agenda_divergence_threshold_to_close,门槛日至关闭日平均议程偏离,mean_agenda_divergence_threshold_to_close,identity,0.3684070294784579,0.3684070294784579,0.0,positive_means_multiplier_0_70_reduced_the_endpoint
73007,0.6,late_p95_57,57,secondary_mean_agenda_divergence_threshold_to_close,门槛日至关闭日平均议程偏离,mean_agenda_divergence_threshold_to_close,identity,0.3558900226757369,0.3559580498866212,6.802721088433605e-05,positive_means_multiplier_0_70_reduced_the_endpoint
73008,0.6,late_p95_57,57,secondary_mean_agenda_divergence_threshold_to_close,门槛日至关闭日平均议程偏离,mean_agenda_divergence_threshold_to_close,identity,0.25906462585034,0.25906462585034,0.0,positive_means_multiplier_0_70_reduced_the_endpoint
73009,0.6,late_p95_57,57,secondary_mean_agenda_divergence_threshold_to_close,门槛日至关闭日平均议程偏离,mean_agenda_divergence_threshold_to_close,identity,0.2780839002267572,0.2780839002267572,0.0,positive_means_multiplier_0_70_reduced_the_endpoint
73000,0.8,early_p05_11,11,secondary_mean_agenda_divergence_threshold_to_close,门槛日至关闭日平均议程偏离,mean_agenda_divergence_threshold_to_close,identity,1.0,1.0,0.0,positive_means_multiplier_0_70_reduced_the_endpoint
73001,0.8,early_p05_11,11,secondary_mean_agenda_divergence_threshold_to_close,门槛日至关闭日平均议程偏离,mean_agenda_divergence_threshold_to_close,identity,0.4285714285714285,0.4285714285714285,0.0,positive_means_multiplier_0_70_reduced_the_endpoint
73002,0.8,early_p05_11,11,secondary_mean_agenda_divergence_threshold_to_close,门槛日至关闭日平均议程偏离,mean_agenda_divergence_threshold_to_close,identity,0.7142857142857143,0.7142857142857143,0.0,positive_means_multiplier_0_70_reduced_the_endpoint
73003,0.8,early_p05_11,11,secondary_mean_agenda_divergence_threshold_to_close,门槛日至关闭日平均议程偏离,mean_agenda_divergence_threshold_to_close,identity,0.7142857142857143,0.7142857142857143,0.0,positive_means_multiplier_0_70_reduced_the_endpoint
73004,0.8,early_p05_11,11,secondary_mean_agenda_divergence_threshold_to_close,门槛日至关闭日平均议程偏离,mean_agenda_divergence_threshold_to_close,identity,0.4285714285714285,0.4285714285714285,0.0,positive_means_multiplier_0_70_reduced_the_endpoint
73005,0.8,early_p05_11,11,secondary_mean_agenda_divergence_threshold_to_close,门槛日至关闭日平均议程偏离,mean_agenda_divergence_threshold_to_close,identity,0.4285714285714285,0.4285714285714285,0.0,positive_means_multiplier_0_70_reduced_the_endpoint
73006,0.8,early_p05_11,11,secondary_mean_agenda_divergence_threshold_to_close,门槛日至关闭日平均议程偏离,mean_agenda_divergence_threshold_to_close,identity,0.4284523809523809,0.4284523809523809,0.0,positive_means_multiplier_0_70_reduced_the_endpoint
73007,0.8,early_p05_11,11,secondary_mean_agenda_divergence_threshold_to_close,门槛日至关闭日平均议程偏离,mean_agenda_divergence_threshold_to_close,identity,0.2857142857142856,0.2857142857142856,0.0,positive_means_multiplier_0_70_reduced_the_endpoint
73008,0.8,early_p05_11,11,secondary_mean_agenda_divergence_threshold_to_close,门槛日至关闭日平均议程偏离,mean_agenda_divergence_threshold_to_close,identity,0.4276133786848072,0.4277267573696144,0.00011337868480720825,positive_means_multiplier_0_70_reduced_the_endpoint
73009,0.8,early_p05_11,11,secondary_mean_agenda_divergence_threshold_to_close,门槛日至关闭日平均议程偏离,mean_agenda_divergence_threshold_to_close,identity,0.4281632653061223,0.4282029478458049,3.968253968261726e-05,positive_means_multiplier_0_70_reduced_the_endpoint
73000,0.8,late_p95_57,57,secondary_mean_agenda_divergence_threshold_to_close,门槛日至关闭日平均议程偏离,mean_agenda_divergence_threshold_to_close,identity,1.0,1.0,0.0,positive_means_multiplier_0_70_reduced_the_endpoint
73001,0.8,late_p95_57,57,secondary_mean_agenda_divergence_threshold_to_close,门槛日至关闭日平均议程偏离,mean_agenda_divergence_threshold_to_close,identity,0.4285714285714285,0.4285714285714285,0.0,positive_means_multiplier_0_70_reduced_the_endpoint
73002,0.8,late_p95_57,57,secondary_mean_agenda_divergence_threshold_to_close,门槛日至关闭日平均议程偏离,mean_agenda_divergence_threshold_to_close,identity,0.7142857142857143,0.7142857142857143,0.0,positive_means_multiplier_0_70_reduced_the_endpoint
73003,0.8,late_p95_57,57,secondary_mean_agenda_divergence_threshold_to_close,门槛日至关闭日平均议程偏离,mean_agenda_divergence_threshold_to_close,identity,0.7142857142857143,0.7142857142857143,0.0,positive_means_multiplier_0_70_reduced_the_endpoint
73004,0.8,late_p95_57,57,secondary_mean_agenda_divergence_threshold_to_close,门槛日至关闭日平均议程偏离,mean_agenda_divergence_threshold_to_close,identity,0.4285714285714285,0.4285714285714285,0.0,positive_means_multiplier_0_70_reduced_the_endpoint
73005,0.8,late_p95_57,57,secondary_mean_agenda_divergence_threshold_to_close,门槛日至关闭日平均议程偏离,mean_agenda_divergence_threshold_to_close,identity,0.4285714285714285,0.4285714285714285,0.0,positive_means_multiplier_0_70_reduced_the_endpoint
73006,0.8,late_p95_57,57,secondary_mean_agenda_divergence_threshold_to_close,门槛日至关闭日平均议程偏离,mean_agenda_divergence_threshold_to_close,identity,0.4284523809523809,0.4284523809523809,0.0,positive_means_multiplier_0_70_reduced_the_endpoint
73007,0.8,late_p95_57,57,secondary_mean_agenda_divergence_threshold_to_close,门槛日至关闭日平均议程偏离,mean_agenda_divergence_threshold_to_close,identity,0.2857142857142856,0.2857142857142856,0.0,positive_means_multiplier_0_70_reduced_the_endpoint
73008,0.8,late_p95_57,57,secondary_mean_agenda_divergence_threshold_to_close,门槛日至关闭日平均议程偏离,mean_agenda_divergence_threshold_to_close,identity,0.4277267573696144,0.4277267573696144,0.0,positive_means_multiplier_0_70_reduced_the_endpoint
73009,0.8,late_p95_57,57,secondary_mean_agenda_divergence_threshold_to_close,门槛日至关闭日平均议程偏离,mean_agenda_divergence_threshold_to_close,identity,0.4282029478458049,0.4282029478458049,0.0,positive_means_multiplier_0_70_reduced_the_endpoint
73000,0.4,early_p05_11,11,secondary_mean_trust_post14,回应后14日平均政府信任,mean_trust_post_14_days,identity,0.6184141655772253,0.6184141655772253,0.0,positive_means_multiplier_0_70_reduced_the_endpoint
73001,0.4,early_p05_11,11,secondary_mean_trust_post14,回应后14日平均政府信任,mean_trust_post_14_days,identity,0.6333668575904097,0.6333668575904097,0.0,positive_means_multiplier_0_70_reduced_the_endpoint
73002,0.4,early_p05_11,11,secondary_mean_trust_post14,回应后14日平均政府信任,mean_trust_post_14_days,identity,0.625883320981815,0.625883320981815,0.0,positive_means_multiplier_0_70_reduced_the_endpoint
73003,0.4,early_p05_11,11,secondary_mean_trust_post14,回应后14日平均政府信任,mean_trust_post_14_days,identity,0.6290475488740453,0.6290475488740453,0.0,positive_means_multiplier_0_70_reduced_the_endpoint
73004,0.4,early_p05_11,11,secondary_mean_trust_post14,回应后14日平均政府信任,mean_trust_post_14_days,identity,0.6257405187534163,0.6257405187534163,0.0,positive_means_multiplier_0_70_reduced_the_endpoint
73005,0.4,early_p05_11,11,secondary_mean_trust_post14,回应后14日平均政府信任,mean_trust_post_14_days,identity,0.6309503789372343,0.6309503789372343,0.0,positive_means_multiplier_0_70_reduced_the_endpoint
73006,0.4,early_p05_11,11,secondary_mean_trust_post14,回应后14日平均政府信任,mean_trust_post_14_days,identity,0.6244243392430795,0.6244243392430795,0.0,positive_means_multiplier_0_70_reduced_the_endpoint
73007,0.4,early_p05_11,11,secondary_mean_trust_post14,回应后14日平均政府信任,mean_trust_post_14_days,identity,0.6343054932511141,0.6343054932511141,0.0,positive_means_multiplier_0_70_reduced_the_endpoint
73008,0.4,early_p05_11,11,secondary_mean_trust_post14,回应后14日平均政府信任,mean_trust_post_14_days,identity,0.6298799847886352,0.6298799847886352,0.0,positive_means_multiplier_0_70_reduced_the_endpoint
73009,0.4,early_p05_11,11,secondary_mean_trust_post14,回应后14日平均政府信任,mean_trust_post_14_days,identity,0.6268600081222246,0.6268600081222246,0.0,positive_means_multiplier_0_70_reduced_the_endpoint
73000,0.4,late_p95_57,57,secondary_mean_trust_post14,回应后14日平均政府信任,mean_trust_post_14_days,identity,0.6062538681168056,0.6062538681168056,0.0,positive_means_multiplier_0_70_reduced_the_endpoint
73001,0.4,late_p95_57,57,secondary_mean_trust_post14,回应后14日平均政府信任,mean_trust_post_14_days,identity,0.6242984865838082,0.6242984865838082,0.0,positive_means_multiplier_0_70_reduced_the_endpoint
73002,0.4,late_p95_57,57,secondary_mean_trust_post14,回应后14日平均政府信任,mean_trust_post_14_days,identity,0.6158570495967661,0.6158570495967661,0.0,positive_means_multiplier_0_70_reduced_the_endpoint
73003,0.4,late_p95_57,57,secondary_mean_trust_post14,回应后14日平均政府信任,mean_trust_post_14_days,identity,0.6169163978827747,0.6169163978827747,0.0,positive_means_multiplier_0_70_reduced_the_endpoint
73004,0.4,late_p95_57,57,secondary_mean_trust_post14,回应后14日平均政府信任,mean_trust_post_14_days,identity,0.6145479464523518,0.6145479464523518,0.0,positive_means_multiplier_0_70_reduced_the_endpoint
73005,0.4,late_p95_57,57,secondary_mean_trust_post14,回应后14日平均政府信任,mean_trust_post_14_days,identity,0.6217901180588401,0.6217901180588401,0.0,positive_means_multiplier_0_70_reduced_the_endpoint
73006,0.4,late_p95_57,57,secondary_mean_trust_post14,回应后14日平均政府信任,mean_trust_post_14_days,identity,0.6125066008578569,0.6125066008578569,0.0,positive_means_multiplier_0_70_reduced_the_endpoint
73007,0.4,late_p95_57,57,secondary_mean_trust_post14,回应后14日平均政府信任,mean_trust_post_14_days,identity,0.6263927591580402,0.6263927591580402,0.0,positive_means_multiplier_0_70_reduced_the_endpoint
73008,0.4,late_p95_57,57,secondary_mean_trust_post14,回应后14日平均政府信任,mean_trust_post_14_days,identity,0.6181235967486128,0.6181235967486128,0.0,positive_means_multiplier_0_70_reduced_the_endpoint
73009,0.4,late_p95_57,57,secondary_mean_trust_post14,回应后14日平均政府信任,mean_trust_post_14_days,identity,0.6158559737983641,0.6158559737983641,0.0,positive_means_multiplier_0_70_reduced_the_endpoint
73000,0.6,early_p05_11,11,secondary_mean_trust_post14,回应后14日平均政府信任,mean_trust_post_14_days,identity,0.548415128390836,0.548415128390836,0.0,positive_means_multiplier_0_70_reduced_the_endpoint
73001,0.6,early_p05_11,11,secondary_mean_trust_post14,回应后14日平均政府信任,mean_trust_post_14_days,identity,0.6126230979972419,0.6116184192880728,-0.0010046787091690934,positive_means_multiplier_0_70_reduced_the_endpoint
73002,0.6,early_p05_11,11,secondary_mean_trust_post14,回应后14日平均政府信任,mean_trust_post_14_days,identity,0.5871085039622965,0.5870704519137829,-3.805204851359267e-05,positive_means_multiplier_0_70_reduced_the_endpoint
73003,0.6,early_p05_11,11,secondary_mean_trust_post14,回应后14日平均政府信任,mean_trust_post_14_days,identity,0.5862338030331224,0.5858522551798151,-0.0003815478533073513,positive_means_multiplier_0_70_reduced_the_endpoint
73004,0.6,early_p05_11,11,secondary_mean_trust_post14,回应后14日平均政府信任,mean_trust_post_14_days,identity,0.5944146639265699,0.593707127547575,-0.0007075363789948996,positive_means_multiplier_0_70_reduced_the_endpoint
73005,0.6,early_p05_11,11,secondary_mean_trust_post14,回应后14日平均政府信任,mean_trust_post_14_days,identity,0.5866470801518722,0.5861592615545976,-0.00048781859727453636,positive_means_multiplier_0_70_reduced_the_endpoint
73006,0.6,early_p05_11,11,secondary_mean_trust_post14,回应后14日平均政府信任,mean_trust_post_14_days,identity,0.5947834096355001,0.5946907476596169,-9.266197588320146e-05,positive_means_multiplier_0_70_reduced_the_endpoint
73007,0.6,early_p05_11,11,secondary_mean_trust_post14,回应后14日平均政府信任,mean_trust_post_14_days,identity,0.6067959169392078,0.6057731168895912,-0.0010228000496165235,positive_means_multiplier_0_70_reduced_the_endpoint
73008,0.6,early_p05_11,11,secondary_mean_trust_post14,回应后14日平均政府信任,mean_trust_post_14_days,identity,0.6097736255360171,0.6087535310376061,-0.001020094498411006,positive_means_multiplier_0_70_reduced_the_endpoint
73009,0.6,early_p05_11,11,secondary_mean_trust_post14,回应后14日平均政府信任,mean_trust_post_14_days,identity,0.603245163427958,0.602840197275335,-0.0004049661526229764,positive_means_multiplier_0_70_reduced_the_endpoint
73000,0.6,late_p95_57,57,secondary_mean_trust_post14,回应后14日平均政府信任,mean_trust_post_14_days,identity,0.5201315955466177,0.5201315955466177,0.0,positive_means_multiplier_0_70_reduced_the_endpoint
73001,0.6,late_p95_57,57,secondary_mean_trust_post14,回应后14日平均政府信任,mean_trust_post_14_days,identity,0.5945377894491359,0.5945377894491359,0.0,positive_means_multiplier_0_70_reduced_the_endpoint
73002,0.6,late_p95_57,57,secondary_mean_trust_post14,回应后14日平均政府信任,mean_trust_post_14_days,identity,0.567938518978741,0.5679613547821446,2.2835803403564725e-05,positive_means_multiplier_0_70_reduced_the_endpoint
73003,0.6,late_p95_57,57,secondary_mean_trust_post14,回应后14日平均政府信任,mean_trust_post_14_days,identity,0.5633500864216406,0.5633786668056902,2.8580384049514684e-05,positive_means_multiplier_0_70_reduced_the_endpoint
73004,0.6,late_p95_57,57,secondary_mean_trust_post14,回应后14日平均政府信任,mean_trust_post_14_days,identity,0.5671798826214977,0.5671798826214977,0.0,positive_means_multiplier_0_70_reduced_the_endpoint
73005,0.6,late_p95_57,57,secondary_mean_trust_post14,回应后14日平均政府信任,mean_trust_post_14_days,identity,0.5586667286095867,0.5586667286095867,0.0,positive_means_multiplier_0_70_reduced_the_endpoint
73006,0.6,late_p95_57,57,secondary_mean_trust_post14,回应后14日平均政府信任,mean_trust_post_14_days,identity,0.576169797082755,0.5761900160847961,2.021900204118854e-05,positive_means_multiplier_0_70_reduced_the_endpoint
73007,0.6,late_p95_57,57,secondary_mean_trust_post14,回应后14日平均政府信任,mean_trust_post_14_days,identity,0.5814494785841341,0.5814644113784029,1.493279426878491e-05,positive_means_multiplier_0_70_reduced_the_endpoint
73008,0.6,late_p95_57,57,secondary_mean_trust_post14,回应后14日平均政府信任,mean_trust_post_14_days,identity,0.5868014159796553,0.5868014159796553,0.0,positive_means_multiplier_0_70_reduced_the_endpoint
73009,0.6,late_p95_57,57,secondary_mean_trust_post14,回应后14日平均政府信任,mean_trust_post_14_days,identity,0.5845783191844536,0.5845783191844536,0.0,positive_means_multiplier_0_70_reduced_the_endpoint
73000,0.8,early_p05_11,11,secondary_mean_trust_post14,回应后14日平均政府信任,mean_trust_post_14_days,identity,0.5377036021771168,0.5377036021771168,0.0,positive_means_multiplier_0_70_reduced_the_endpoint
73001,0.8,early_p05_11,11,secondary_mean_trust_post14,回应后14日平均政府信任,mean_trust_post_14_days,identity,0.5884533416592931,0.5884532579084567,-8.375083637712777e-08,positive_means_multiplier_0_70_reduced_the_endpoint
73002,0.8,early_p05_11,11,secondary_mean_trust_post14,回应后14日平均政府信任,mean_trust_post_14_days,identity,0.5598864009071967,0.5598864009071967,0.0,positive_means_multiplier_0_70_reduced_the_endpoint
73003,0.8,early_p05_11,11,secondary_mean_trust_post14,回应后14日平均政府信任,mean_trust_post_14_days,identity,0.564592687726563,0.564592687726563,0.0,positive_means_multiplier_0_70_reduced_the_endpoint
73004,0.8,early_p05_11,11,secondary_mean_trust_post14,回应后14日平均政府信任,mean_trust_post_14_days,identity,0.5869749572229287,0.5869749572229287,0.0,positive_means_multiplier_0_70_reduced_the_endpoint
73005,0.8,early_p05_11,11,secondary_mean_trust_post14,回应后14日平均政府信任,mean_trust_post_14_days,identity,0.5874372533138617,0.5874372533138617,0.0,positive_means_multiplier_0_70_reduced_the_endpoint
73006,0.8,early_p05_11,11,secondary_mean_trust_post14,回应后14日平均政府信任,mean_trust_post_14_days,identity,0.5889928492761415,0.5889928492761415,0.0,positive_means_multiplier_0_70_reduced_the_endpoint
73007,0.8,early_p05_11,11,secondary_mean_trust_post14,回应后14日平均政府信任,mean_trust_post_14_days,identity,0.598154670629471,0.598154670629471,0.0,positive_means_multiplier_0_70_reduced_the_endpoint
73008,0.8,early_p05_11,11,secondary_mean_trust_post14,回应后14日平均政府信任,mean_trust_post_14_days,identity,0.5907193893752372,0.5906433135812021,-7.607579403501319e-05,positive_means_multiplier_0_70_reduced_the_endpoint
73009,0.8,early_p05_11,11,secondary_mean_trust_post14,回应后14日平均政府信任,mean_trust_post_14_days,identity,0.5883630581119965,0.5883350111374288,-2.8046974567708105e-05,positive_means_multiplier_0_70_reduced_the_endpoint
73000,0.8,late_p95_57,57,secondary_mean_trust_post14,回应后14日平均政府信任,mean_trust_post_14_days,identity,0.5112222640821625,0.5112222640821625,0.0,positive_means_multiplier_0_70_reduced_the_endpoint
73001,0.8,late_p95_57,57,secondary_mean_trust_post14,回应后14日平均政府信任,mean_trust_post_14_days,identity,0.571203632848019,0.571203632848019,0.0,positive_means_multiplier_0_70_reduced_the_endpoint
73002,0.8,late_p95_57,57,secondary_mean_trust_post14,回应后14日平均政府信任,mean_trust_post_14_days,identity,0.5383478246285465,0.5383478246285465,0.0,positive_means_multiplier_0_70_reduced_the_endpoint
73003,0.8,late_p95_57,57,secondary_mean_trust_post14,回应后14日平均政府信任,mean_trust_post_14_days,identity,0.5406551641756607,0.5406551641756607,0.0,positive_means_multiplier_0_70_reduced_the_endpoint
73004,0.8,late_p95_57,57,secondary_mean_trust_post14,回应后14日平均政府信任,mean_trust_post_14_days,identity,0.5681934866849238,0.5681934866849238,0.0,positive_means_multiplier_0_70_reduced_the_endpoint
73005,0.8,late_p95_57,57,secondary_mean_trust_post14,回应后14日平均政府信任,mean_trust_post_14_days,identity,0.5694239623744846,0.5694239623744846,0.0,positive_means_multiplier_0_70_reduced_the_endpoint
73006,0.8,late_p95_57,57,secondary_mean_trust_post14,回应后14日平均政府信任,mean_trust_post_14_days,identity,0.5701390658547348,0.5701390658547348,0.0,positive_means_multiplier_0_70_reduced_the_endpoint
73007,0.8,late_p95_57,57,secondary_mean_trust_post14,回应后14日平均政府信任,mean_trust_post_14_days,identity,0.5821859310110122,0.5821859310110122,0.0,positive_means_multiplier_0_70_reduced_the_endpoint
73008,0.8,late_p95_57,57,secondary_mean_trust_post14,回应后14日平均政府信任,mean_trust_post_14_days,identity,0.5693314758645979,0.5693314758645979,0.0,positive_means_multiplier_0_70_reduced_the_endpoint
73009,0.8,late_p95_57,57,secondary_mean_trust_post14,回应后14日平均政府信任,mean_trust_post_14_days,identity,0.5681419209800818,0.5681419209800818,0.0,positive_means_multiplier_0_70_reduced_the_endpoint
