seed,alpha,metric_id,metric_label_zh,source_column,transform,cooling_benefit_early,cooling_benefit_late,timing_interaction_early_minus_late,early_minus_late_multiplier_0_70,early_minus_late_multiplier_1_00,interaction_direction
73000,0.4,primary_log1p_post14_heat_auc,回应后14日请愿热度AUC（log1p）,petition_heat_auc_post_14_days,log1p,0.20634078505738174,0.24889963221923672,-0.042558847161854985,-0.16015288270704708,-0.20271172986890207,positive_means_cooling_benefit_is_larger_when_early
73001,0.4,primary_log1p_post14_heat_auc,回应后14日请愿热度AUC（log1p）,petition_heat_auc_post_14_days,log1p,0.19605188368119109,0.22974205566403505,-0.033690171982843964,-0.12120274442573731,-0.15489291640858127,positive_means_cooling_benefit_is_larger_when_early
73002,0.4,primary_log1p_post14_heat_auc,回应后14日请愿热度AUC（log1p）,petition_heat_auc_post_14_days,log1p,0.21708550389134373,0.2404354642954427,-0.02334996040409898,-0.15929279226526383,-0.1826427526693628,positive_means_cooling_benefit_is_larger_when_early
73003,0.4,primary_log1p_post14_heat_auc,回应后14日请愿热度AUC（log1p）,petition_heat_auc_post_14_days,log1p,0.15091655612973653,0.21987282243781614,-0.0689562663080796,-0.09934657303092287,-0.16830283933900247,positive_means_cooling_benefit_is_larger_when_early
73004,0.4,primary_log1p_post14_heat_auc,回应后14日请愿热度AUC（log1p）,petition_heat_auc_post_14_days,log1p,0.206797923066242,0.22151285460930126,-0.014714931543059251,-0.16523768631313374,-0.179952617856193,positive_means_cooling_benefit_is_larger_when_early
73005,0.4,primary_log1p_post14_heat_auc,回应后14日请愿热度AUC（log1p）,petition_heat_auc_post_14_days,log1p,0.18457666156202457,0.2555089911240156,-0.07093232956199103,-0.03588301188884735,-0.10681534145083837,positive_means_cooling_benefit_is_larger_when_early
73006,0.4,primary_log1p_post14_heat_auc,回应后14日请愿热度AUC（log1p）,petition_heat_auc_post_14_days,log1p,0.2385865207884752,0.21427630515520057,0.024310215633274623,-0.1715875689017512,-0.14727735326847657,positive_means_cooling_benefit_is_larger_when_early
73007,0.4,primary_log1p_post14_heat_auc,回应后14日请愿热度AUC（log1p）,petition_heat_auc_post_14_days,log1p,0.17020822504731292,0.24209357134088627,-0.07188534629357335,-0.07602146549553623,-0.14790681178910958,positive_means_cooling_benefit_is_larger_when_early
73008,0.4,primary_log1p_post14_heat_auc,回应后14日请愿热度AUC（log1p）,petition_heat_auc_post_14_days,log1p,0.21081396772363448,0.22082990123192303,-0.010015933508288555,-0.21270186643269717,-0.22271779994098573,positive_means_cooling_benefit_is_larger_when_early
73009,0.4,primary_log1p_post14_heat_auc,回应后14日请愿热度AUC（log1p）,petition_heat_auc_post_14_days,log1p,0.2187447917645624,0.2358204159844277,-0.017075624219865304,-0.2160765253382202,-0.2331521495580855,positive_means_cooling_benefit_is_larger_when_early
73000,0.6,primary_log1p_post14_heat_auc,回应后14日请愿热度AUC（log1p）,petition_heat_auc_post_14_days,log1p,0.20346670129088906,0.2335442344940848,-0.030077533203195728,-0.1614924428725093,-0.19156997607570503,positive_means_cooling_benefit_is_larger_when_early
73001,0.6,primary_log1p_post14_heat_auc,回应后14日请愿热度AUC（log1p）,petition_heat_auc_post_14_days,log1p,0.2476135384163225,0.22967736267761651,0.017936175738705984,-0.38154848688496124,-0.36361231114625525,positive_means_cooling_benefit_is_larger_when_early
73002,0.6,primary_log1p_post14_heat_auc,回应后14日请愿热度AUC（log1p）,petition_heat_auc_post_14_days,log1p,0.38266485119528326,0.3567042068761772,0.025960644319106052,-0.2679781199158704,-0.24201747559676434,positive_means_cooling_benefit_is_larger_when_early
73003,0.6,primary_log1p_post14_heat_auc,回应后14日请愿热度AUC（log1p）,petition_heat_auc_post_14_days,log1p,0.2357719449116935,0.43474820920338964,-0.19897626429169613,-0.007539833592259626,-0.20651609788395575,positive_means_cooling_benefit_is_larger_when_early
73004,0.6,primary_log1p_post14_heat_auc,回应后14日请愿热度AUC（log1p）,petition_heat_auc_post_14_days,log1p,0.4343322876729374,0.23975802973036942,0.194574257942568,-0.40031940194415405,-0.20574514400158606,positive_means_cooling_benefit_is_larger_when_early
73005,0.6,primary_log1p_post14_heat_auc,回应后14日请愿热度AUC（log1p）,petition_heat_auc_post_14_days,log1p,0.4704928614664077,0.22860508256112588,0.2418877789052818,-0.5589400021101643,-0.31705222320488247,positive_means_cooling_benefit_is_larger_when_early
73006,0.6,primary_log1p_post14_heat_auc,回应后14日请愿热度AUC（log1p）,petition_heat_auc_post_14_days,log1p,0.37105014033789807,0.32405267094403634,0.046997469393861735,-0.26546266455958367,-0.21846519516572194,positive_means_cooling_benefit_is_larger_when_early
73007,0.6,primary_log1p_post14_heat_auc,回应后14日请愿热度AUC（log1p）,petition_heat_auc_post_14_days,log1p,0.22602389161058944,0.3705184856469046,-0.14449459403631515,-0.23481627135336147,-0.3793108653896766,positive_means_cooling_benefit_is_larger_when_early
73008,0.6,primary_log1p_post14_heat_auc,回应后14日请愿热度AUC（log1p）,petition_heat_auc_post_14_days,log1p,0.49886443196230346,0.24600875430230218,0.2528556776600013,-0.3864915375954059,-0.1336358599354046,positive_means_cooling_benefit_is_larger_when_early
73009,0.6,primary_log1p_post14_heat_auc,回应后14日请愿热度AUC（log1p）,petition_heat_auc_post_14_days,log1p,0.2165598313661068,0.23393559409809228,-0.01737576273198549,-0.2404320039050578,-0.2578077666370433,positive_means_cooling_benefit_is_larger_when_early
73000,0.8,primary_log1p_post14_heat_auc,回应后14日请愿热度AUC（log1p）,petition_heat_auc_post_14_days,log1p,0.20663494691197748,0.2411847293212439,-0.03454978240926643,-0.17456121142441994,-0.20911099383368636,positive_means_cooling_benefit_is_larger_when_early
73001,0.8,primary_log1p_post14_heat_auc,回应后14日请愿热度AUC（log1p）,petition_heat_auc_post_14_days,log1p,0.2099015182006312,0.2268268654996568,-0.016925347299025617,-0.15014594326453867,-0.1670712905635643,positive_means_cooling_benefit_is_larger_when_early
73002,0.8,primary_log1p_post14_heat_auc,回应后14日请愿热度AUC（log1p）,petition_heat_auc_post_14_days,log1p,0.19950716398234825,0.2368032591353355,-0.03729609515298726,-0.14669417610859092,-0.1839902712615782,positive_means_cooling_benefit_is_larger_when_early
73003,0.8,primary_log1p_post14_heat_auc,回应后14日请愿热度AUC（log1p）,petition_heat_auc_post_14_days,log1p,0.1792777086091384,0.220307202412533,-0.0410294938033946,-0.16673816299178235,-0.20776765679517695,positive_means_cooling_benefit_is_larger_when_early
73004,0.8,primary_log1p_post14_heat_auc,回应后14日请愿热度AUC（log1p）,petition_heat_auc_post_14_days,log1p,0.2118002703777897,0.229425954649761,-0.01762568427197131,-0.24708179977104905,-0.26470748404302036,positive_means_cooling_benefit_is_larger_when_early
73005,0.8,primary_log1p_post14_heat_auc,回应后14日请愿热度AUC（log1p）,petition_heat_auc_post_14_days,log1p,0.2113281940267786,0.22555107149565323,-0.014222877468874628,-0.16917911460068247,-0.1834019920695571,positive_means_cooling_benefit_is_larger_when_early
73006,0.8,primary_log1p_post14_heat_auc,回应后14日请愿热度AUC（log1p）,petition_heat_auc_post_14_days,log1p,0.24776588774453323,0.19785351695896125,0.04991237078557198,-0.21980701620775633,-0.16989464542218435,positive_means_cooling_benefit_is_larger_when_early
73007,0.8,primary_log1p_post14_heat_auc,回应后14日请愿热度AUC（log1p）,petition_heat_auc_post_14_days,log1p,0.19167199356544629,0.24039501084506298,-0.0487230172796167,-0.18289063824708762,-0.23161365552670432,positive_means_cooling_benefit_is_larger_when_early
73008,0.8,primary_log1p_post14_heat_auc,回应后14日请愿热度AUC（log1p）,petition_heat_auc_post_14_days,log1p,0.2175912737224568,0.23524923414095333,-0.017657960418496543,-0.1741795042207599,-0.19183746463925644,positive_means_cooling_benefit_is_larger_when_early
73009,0.8,primary_log1p_post14_heat_auc,回应后14日请愿热度AUC（log1p）,petition_heat_auc_post_14_days,log1p,0.20125978925370092,0.22934762337872705,-0.028087834125026134,-0.19485931228555486,-0.222947146410581,positive_means_cooling_benefit_is_larger_when_early
73000,0.4,secondary_log1p_post14_exposures,回应后14日请愿曝光数（log1p）,petition_exposures_post_14_days,log1p,0.0,0.0,0.0,0.0,0.0,positive_means_cooling_benefit_is_larger_when_early
73001,0.4,secondary_log1p_post14_exposures,回应后14日请愿曝光数（log1p）,petition_exposures_post_14_days,log1p,0.0,0.0,0.0,0.0,0.0,positive_means_cooling_benefit_is_larger_when_early
73002,0.4,secondary_log1p_post14_exposures,回应后14日请愿曝光数（log1p）,petition_exposures_post_14_days,log1p,0.0,0.0,0.0,0.0,0.0,positive_means_cooling_benefit_is_larger_when_early
73003,0.4,secondary_log1p_post14_exposures,回应后14日请愿曝光数（log1p）,petition_exposures_post_14_days,log1p,0.0,0.0,0.0,0.0,0.0,positive_means_cooling_benefit_is_larger_when_early
73004,0.4,secondary_log1p_post14_exposures,回应后14日请愿曝光数（log1p）,petition_exposures_post_14_days,log1p,0.0,0.0,0.0,0.0,0.0,positive_means_cooling_benefit_is_larger_when_early
73005,0.4,secondary_log1p_post14_exposures,回应后14日请愿曝光数（log1p）,petition_exposures_post_14_days,log1p,0.0,0.0,0.0,0.0,0.0,positive_means_cooling_benefit_is_larger_when_early
73006,0.4,secondary_log1p_post14_exposures,回应后14日请愿曝光数（log1p）,petition_exposures_post_14_days,log1p,0.0,0.0,0.0,0.0,0.0,positive_means_cooling_benefit_is_larger_when_early
73007,0.4,secondary_log1p_post14_exposures,回应后14日请愿曝光数（log1p）,petition_exposures_post_14_days,log1p,0.0,0.0,0.0,0.0,0.0,positive_means_cooling_benefit_is_larger_when_early
73008,0.4,secondary_log1p_post14_exposures,回应后14日请愿曝光数（log1p）,petition_exposures_post_14_days,log1p,0.0,0.0,0.0,0.0,0.0,positive_means_cooling_benefit_is_larger_when_early
73009,0.4,secondary_log1p_post14_exposures,回应后14日请愿曝光数（log1p）,petition_exposures_post_14_days,log1p,0.0,0.0,0.0,0.0,0.0,positive_means_cooling_benefit_is_larger_when_early
73000,0.6,secondary_log1p_post14_exposures,回应后14日请愿曝光数（log1p）,petition_exposures_post_14_days,log1p,0.0,0.0,0.0,0.0,0.0,positive_means_cooling_benefit_is_larger_when_early
73001,0.6,secondary_log1p_post14_exposures,回应后14日请愿曝光数（log1p）,petition_exposures_post_14_days,log1p,0.09741063155575347,0.0,0.09741063155575347,-0.1337694595224459,-0.03635882796669243,positive_means_cooling_benefit_is_larger_when_early
73002,0.6,secondary_log1p_post14_exposures,回应后14日请愿曝光数（log1p）,petition_exposures_post_14_days,log1p,0.3977549696821976,0.3904627595183827,0.007292210163814872,-0.007768400649004192,-0.0004761904851893206,positive_means_cooling_benefit_is_larger_when_early
73003,0.6,secondary_log1p_post14_exposures,回应后14日请愿曝光数（log1p）,petition_exposures_post_14_days,log1p,0.03948079425276241,0.5563555061125358,-0.5168747118597734,0.49900924913812883,-0.017865462721644576,positive_means_cooling_benefit_is_larger_when_early
73004,0.6,secondary_log1p_post14_exposures,回应后14日请愿曝光数（log1p）,petition_exposures_post_14_days,log1p,0.6450487008965782,0.0,0.6450487008965782,-0.5019844779026288,0.14306422299394939,positive_means_cooling_benefit_is_larger_when_early
73005,0.6,secondary_log1p_post14_exposures,回应后14日请愿曝光数（log1p）,petition_exposures_post_14_days,log1p,0.7475458843889857,0.0,0.7475458843889857,-0.7908405836085812,-0.0432946992195955,positive_means_cooling_benefit_is_larger_when_early
73006,0.6,secondary_log1p_post14_exposures,回应后14日请愿曝光数（log1p）,petition_exposures_post_14_days,log1p,0.42651851730599777,0.43787355721843735,-0.01135503991243958,0.0,-0.01135503991243958,positive_means_cooling_benefit_is_larger_when_early
73007,0.6,secondary_log1p_post14_exposures,回应后14日请愿曝光数（log1p）,petition_exposures_post_14_days,log1p,0.10234203228844407,0.43065474969567763,-0.32831271740723356,0.2529405110002765,-0.07537220640695708,positive_means_cooling_benefit_is_larger_when_early
73008,0.6,secondary_log1p_post14_exposures,回应后14日请愿曝光数（log1p）,petition_exposures_post_14_days,log1p,0.6691919743584593,0.0,0.6691919743584593,-0.49157537306464505,0.1776166012938143,positive_means_cooling_benefit_is_larger_when_early
73009,0.6,secondary_log1p_post14_exposures,回应后14日请愿曝光数（log1p）,petition_exposures_post_14_days,log1p,0.03271776200362808,0.0,0.03271776200362808,-0.04180438597803615,-0.00908662397440807,positive_means_cooling_benefit_is_larger_when_early
73000,0.8,secondary_log1p_post14_exposures,回应后14日请愿曝光数（log1p）,petition_exposures_post_14_days,log1p,0.0,0.0,0.0,0.0,0.0,positive_means_cooling_benefit_is_larger_when_early
73001,0.8,secondary_log1p_post14_exposures,回应后14日请愿曝光数（log1p）,petition_exposures_post_14_days,log1p,0.0,0.0,0.0,0.0,0.0,positive_means_cooling_benefit_is_larger_when_early
73002,0.8,secondary_log1p_post14_exposures,回应后14日请愿曝光数（log1p）,petition_exposures_post_14_days,log1p,0.0,0.0,0.0,0.0,0.0,positive_means_cooling_benefit_is_larger_when_early
73003,0.8,secondary_log1p_post14_exposures,回应后14日请愿曝光数（log1p）,petition_exposures_post_14_days,log1p,0.0,0.0,0.0,0.0,0.0,positive_means_cooling_benefit_is_larger_when_early
73004,0.8,secondary_log1p_post14_exposures,回应后14日请愿曝光数（log1p）,petition_exposures_post_14_days,log1p,0.0,0.0,0.0,0.0,0.0,positive_means_cooling_benefit_is_larger_when_early
73005,0.8,secondary_log1p_post14_exposures,回应后14日请愿曝光数（log1p）,petition_exposures_post_14_days,log1p,0.0,0.0,0.0,0.0,0.0,positive_means_cooling_benefit_is_larger_when_early
73006,0.8,secondary_log1p_post14_exposures,回应后14日请愿曝光数（log1p）,petition_exposures_post_14_days,log1p,0.0,0.0,0.0,0.0,0.0,positive_means_cooling_benefit_is_larger_when_early
73007,0.8,secondary_log1p_post14_exposures,回应后14日请愿曝光数（log1p）,petition_exposures_post_14_days,log1p,0.0,0.0,0.0,0.0,0.0,positive_means_cooling_benefit_is_larger_when_early
73008,0.8,secondary_log1p_post14_exposures,回应后14日请愿曝光数（log1p）,petition_exposures_post_14_days,log1p,0.005011345650581589,0.0,0.005011345650581589,-0.005011345650581589,0.0,positive_means_cooling_benefit_is_larger_when_early
73009,0.8,secondary_log1p_post14_exposures,回应后14日请愿曝光数（log1p）,petition_exposures_post_14_days,log1p,0.0016676597075182542,0.0,0.0016676597075182542,-0.0016676597075182542,0.0,positive_means_cooling_benefit_is_larger_when_early
73000,0.4,secondary_log1p_post14_heat_peak,回应后14日请愿峰值热度（log1p）,petition_heat_peak_post_14_days,log1p,0.1285863950086954,0.20860433616060714,-0.08001794115191174,-0.08213969980954694,-0.16215764096145868,positive_means_cooling_benefit_is_larger_when_early
73001,0.4,secondary_log1p_post14_heat_peak,回应后14日请愿峰值热度（log1p）,petition_heat_peak_post_14_days,log1p,0.12669926938724174,0.1550796375865824,-0.028380368199340644,-0.09875277193181553,-0.12713314013115617,positive_means_cooling_benefit_is_larger_when_early
73002,0.4,secondary_log1p_post14_heat_peak,回应后14日请愿峰值热度（log1p）,petition_heat_peak_post_14_days,log1p,0.13752398469810245,0.19006416367535195,-0.052540178977249496,-0.09266880419823131,-0.1452089831754808,positive_means_cooling_benefit_is_larger_when_early
73003,0.4,secondary_log1p_post14_heat_peak,回应后14日请愿峰值热度（log1p）,petition_heat_peak_post_14_days,log1p,0.05099941648229489,0.21201104853555197,-0.16101163205325708,-0.012994911356059902,-0.17400654340931698,positive_means_cooling_benefit_is_larger_when_early
73004,0.4,secondary_log1p_post14_heat_peak,回应后14日请愿峰值热度（log1p）,petition_heat_peak_post_14_days,log1p,0.13649465559832485,0.16000800385854852,-0.023513348260223665,-0.11175777213253824,-0.1352711203927619,positive_means_cooling_benefit_is_larger_when_early
73005,0.4,secondary_log1p_post14_heat_peak,回应后14日请愿峰值热度（log1p）,petition_heat_peak_post_14_days,log1p,0.05744989786127874,0.2482664147989082,-0.19081651693762947,0.09437189217732644,-0.09644462476030302,positive_means_cooling_benefit_is_larger_when_early
73006,0.4,secondary_log1p_post14_heat_peak,回应后14日请愿峰值热度（log1p）,petition_heat_peak_post_14_days,log1p,0.1484146191592881,0.131882686910612,0.016531932248676107,-0.11689261489266123,-0.10036068264398512,positive_means_cooling_benefit_is_larger_when_early
73007,0.4,secondary_log1p_post14_heat_peak,回应后14日请愿峰值热度（log1p）,petition_heat_peak_post_14_days,log1p,0.10911330327700863,0.1770162403482134,-0.06790293707120476,-0.01899939138286566,-0.08690232845407042,positive_means_cooling_benefit_is_larger_when_early
73008,0.4,secondary_log1p_post14_heat_peak,回应后14日请愿峰值热度（log1p）,petition_heat_peak_post_14_days,log1p,0.1297734982156742,0.139561815882832,-0.00978831766715782,-0.18658549268613722,-0.19637381035329504,positive_means_cooling_benefit_is_larger_when_early
73009,0.4,secondary_log1p_post14_heat_peak,回应后14日请愿峰值热度（log1p）,petition_heat_peak_post_14_days,log1p,0.13528797640054258,0.17363554303672846,-0.03834756663618588,-0.13358994391872248,-0.17193751055490836,positive_means_cooling_benefit_is_larger_when_early
73000,0.6,secondary_log1p_post14_heat_peak,回应后14日请愿峰值热度（log1p）,petition_heat_peak_post_14_days,log1p,0.1441736543636276,0.17249211605666215,-0.028318461693034536,-0.09662109521939488,-0.12493955691242942,positive_means_cooling_benefit_is_larger_when_early
73001,0.6,secondary_log1p_post14_heat_peak,回应后14日请愿峰值热度（log1p）,petition_heat_peak_post_14_days,log1p,0.18292365184256543,0.1569922563670687,0.02593139547549672,-0.26360204123557107,-0.23767064576007435,positive_means_cooling_benefit_is_larger_when_early
73002,0.6,secondary_log1p_post14_heat_peak,回应后14日请愿峰值热度（log1p）,petition_heat_peak_post_14_days,log1p,0.41389186009119694,0.3542585439411594,0.05963331615003753,-0.21868057627526127,-0.15904726012522374,positive_means_cooling_benefit_is_larger_when_early
73003,0.6,secondary_log1p_post14_heat_peak,回应后14日请愿峰值热度（log1p）,petition_heat_peak_post_14_days,log1p,0.15706645116933515,0.40039657233012615,-0.243330121160791,0.07770918244170488,-0.16562093871908612,positive_means_cooling_benefit_is_larger_when_early
73004,0.6,secondary_log1p_post14_heat_peak,回应后14日请愿峰值热度（log1p）,petition_heat_peak_post_14_days,log1p,0.4967865516920371,0.19981619233656644,0.29697035935547067,-0.4137643747160329,-0.11679401536056222,positive_means_cooling_benefit_is_larger_when_early
73005,0.6,secondary_log1p_post14_heat_peak,回应后14日请愿峰值热度（log1p）,petition_heat_peak_post_14_days,log1p,0.5265418689089723,0.14925094932472494,0.3772909195842473,-0.6153386459558057,-0.23804772637155835,positive_means_cooling_benefit_is_larger_when_early
73006,0.6,secondary_log1p_post14_heat_peak,回应后14日请愿峰值热度（log1p）,petition_heat_peak_post_14_days,log1p,0.38841063976822454,0.3268801202612428,0.06153051950698174,-0.20380273063271748,-0.14227221112573574,positive_means_cooling_benefit_is_larger_when_early
73007,0.6,secondary_log1p_post14_heat_peak,回应后14日请愿峰值热度（log1p）,petition_heat_peak_post_14_days,log1p,0.15709317046217297,0.36712105866290656,-0.2100278882007336,-0.04924637193551895,-0.25927426013625254,positive_means_cooling_benefit_is_larger_when_early
73008,0.6,secondary_log1p_post14_heat_peak,回应后14日请愿峰值热度（log1p）,petition_heat_peak_post_14_days,log1p,0.5676853733264284,0.23939581918498476,0.3282895541414437,-0.4231501022457902,-0.09486054810434652,positive_means_cooling_benefit_is_larger_when_early
73009,0.6,secondary_log1p_post14_heat_peak,回应后14日请愿峰值热度（log1p）,petition_heat_peak_post_14_days,log1p,0.13640070646418856,0.17735272354313203,-0.04095201707894347,-0.1266992486527183,-0.16765126573166178,positive_means_cooling_benefit_is_larger_when_early
73000,0.8,secondary_log1p_post14_heat_peak,回应后14日请愿峰值热度（log1p）,petition_heat_peak_post_14_days,log1p,0.13084942897451324,0.17772190349498018,-0.046872474520466945,-0.10790944811417624,-0.1547819226346432,positive_means_cooling_benefit_is_larger_when_early
73001,0.8,secondary_log1p_post14_heat_peak,回应后14日请愿峰值热度（log1p）,petition_heat_peak_post_14_days,log1p,0.13002897514371092,0.15001785365323528,-0.019988878509524355,-0.09037974967602747,-0.11036862818555182,positive_means_cooling_benefit_is_larger_when_early
73002,0.8,secondary_log1p_post14_heat_peak,回应后14日请愿峰值热度（log1p）,petition_heat_peak_post_14_days,log1p,0.12626587024285296,0.1810321628166225,-0.054766292573769526,-0.08170132670834818,-0.1364676192821177,positive_means_cooling_benefit_is_larger_when_early
73003,0.8,secondary_log1p_post14_heat_peak,回应后14日请愿峰值热度（log1p）,petition_heat_peak_post_14_days,log1p,0.09562338484117472,0.15270447153269462,-0.0570810866915199,-0.0652976497297324,-0.1223787364212523,positive_means_cooling_benefit_is_larger_when_early
73004,0.8,secondary_log1p_post14_heat_peak,回应后14日请愿峰值热度（log1p）,petition_heat_peak_post_14_days,log1p,0.13334914029416023,0.1523332432515314,-0.018984102957371185,-0.18868235088277618,-0.20766645384014737,positive_means_cooling_benefit_is_larger_when_early
73005,0.8,secondary_log1p_post14_heat_peak,回应后14日请愿峰值热度（log1p）,petition_heat_peak_post_14_days,log1p,0.13026524801828643,0.14991586863762052,-0.01965062061933409,-0.09344435649538507,-0.11309497711471916,positive_means_cooling_benefit_is_larger_when_early
73006,0.8,secondary_log1p_post14_heat_peak,回应后14日请愿峰值热度（log1p）,petition_heat_peak_post_14_days,log1p,0.15341561835022155,0.13401481475436583,0.01940080359585572,-0.13700191070904122,-0.1176011071131855,positive_means_cooling_benefit_is_larger_when_early
73007,0.8,secondary_log1p_post14_heat_peak,回应后14日请愿峰值热度（log1p）,petition_heat_peak_post_14_days,log1p,0.07655355731943736,0.16502937926652805,-0.0884758219470907,-0.10643975567540309,-0.19491557762249379,positive_means_cooling_benefit_is_larger_when_early
73008,0.8,secondary_log1p_post14_heat_peak,回应后14日请愿峰值热度（log1p）,petition_heat_peak_post_14_days,log1p,0.13377360064621868,0.1777140343443362,-0.04394043369811751,-0.07012300384887737,-0.11406343754699488,positive_means_cooling_benefit_is_larger_when_early
73009,0.8,secondary_log1p_post14_heat_peak,回应后14日请愿峰值热度（log1p）,petition_heat_peak_post_14_days,log1p,0.13233223780778758,0.17281927649327944,-0.04048703868549186,-0.12036193462583089,-0.16084897331132275,positive_means_cooling_benefit_is_larger_when_early
73000,0.4,secondary_log1p_post14_interactions,回应后14日请愿互动数（log1p）,petition_interactions_post_14_days,log1p,-0.02495673197386772,0.046687113972653016,-0.07164384594652073,0.0431721718652085,-0.028471674081312237,positive_means_cooling_benefit_is_larger_when_early
73001,0.4,secondary_log1p_post14_interactions,回应后14日请愿互动数（log1p）,petition_interactions_post_14_days,log1p,-0.02678731596365047,-0.013015368112069936,-0.013771947851580535,-0.02178735418490696,-0.035559302036487495,positive_means_cooling_benefit_is_larger_when_early
73002,0.4,secondary_log1p_post14_interactions,回应后14日请愿互动数（log1p）,petition_interactions_post_14_days,log1p,0.0,0.0,0.0,0.021599111803461746,0.021599111803461746,positive_means_cooling_benefit_is_larger_when_early
73003,0.4,secondary_log1p_post14_interactions,回应后14日请愿互动数（log1p）,petition_interactions_post_14_days,log1p,-0.16808377413118247,-0.03375847992495462,-0.13432529420622785,0.09493289249556724,-0.03939240171066061,positive_means_cooling_benefit_is_larger_when_early
73004,0.4,secondary_log1p_post14_interactions,回应后14日请愿互动数（log1p）,petition_interactions_post_14_days,log1p,0.0,0.0,0.0,-0.050300738474798656,-0.050300738474798656,positive_means_cooling_benefit_is_larger_when_early
73005,0.4,secondary_log1p_post14_interactions,回应后14日请愿互动数（log1p）,petition_interactions_post_14_days,log1p,-0.1107120244158315,0.11531084651099466,-0.22602287092682616,0.24076515266402954,0.014742281737203378,positive_means_cooling_benefit_is_larger_when_early
73006,0.4,secondary_log1p_post14_interactions,回应后14日请愿互动数（log1p）,petition_interactions_post_14_days,log1p,0.037598413557007326,-0.032318791255167234,0.06991720481217456,-0.080926490320544,-0.011009285508369437,positive_means_cooling_benefit_is_larger_when_early
73007,0.4,secondary_log1p_post14_interactions,回应后14日请愿互动数（log1p）,petition_interactions_post_14_days,log1p,-0.0528757520479477,0.018349138668196652,-0.07122489071614435,0.07576004588153484,0.004535155165390492,positive_means_cooling_benefit_is_larger_when_early
73008,0.4,secondary_log1p_post14_interactions,回应后14日请愿互动数（log1p）,petition_interactions_post_14_days,log1p,0.0,0.0,0.0,-0.14698219034864568,-0.14698219034864568,positive_means_cooling_benefit_is_larger_when_early
73009,0.4,secondary_log1p_post14_interactions,回应后14日请愿互动数（log1p）,petition_interactions_post_14_days,log1p,0.0,0.0,0.0,-0.04235927383914184,-0.04235927383914184,positive_means_cooling_benefit_is_larger_when_early
73000,0.6,secondary_log1p_post14_interactions,回应后14日请愿互动数（log1p）,petition_interactions_post_14_days,log1p,0.012578782206860595,-0.004382768155094752,0.016961550361955346,0.03579480207735575,0.052756352439311094,positive_means_cooling_benefit_is_larger_when_early
73001,0.6,secondary_log1p_post14_interactions,回应后14日请愿互动数（log1p）,petition_interactions_post_14_days,log1p,0.11145544092532322,0.0,0.11145544092532322,-0.11665025780242733,-0.0051948168771041026,positive_means_cooling_benefit_is_larger_when_early
73002,0.6,secondary_log1p_post14_interactions,回应后14日请愿互动数（log1p）,petition_interactions_post_14_days,log1p,0.44320543609101115,0.36676620422172235,0.0764392318692888,-0.07767303831821781,-0.001233806448929009,positive_means_cooling_benefit_is_larger_when_early
73003,0.6,secondary_log1p_post14_interactions,回应后14日请愿互动数（log1p）,petition_interactions_post_14_days,log1p,0.02985296314968089,0.5727221354407233,-0.5428691722910424,0.4493431142802189,-0.09352605801082348,positive_means_cooling_benefit_is_larger_when_early
73004,0.6,secondary_log1p_post14_interactions,回应后14日请愿互动数（log1p）,petition_interactions_post_14_days,log1p,0.5895251478930588,0.0,0.5895251478930588,-0.45563920819869974,0.13388593969435902,positive_means_cooling_benefit_is_larger_when_early
73005,0.6,secondary_log1p_post14_interactions,回应后14日请愿互动数（log1p）,petition_interactions_post_14_days,log1p,0.6472207424340217,0.0,0.6472207424340217,-0.7238432677171218,-0.0766225252831001,positive_means_cooling_benefit_is_larger_when_early
73006,0.6,secondary_log1p_post14_interactions,回应后14日请愿互动数（log1p）,petition_interactions_post_14_days,log1p,0.40466157250848145,0.3129720404048877,0.09168953210359376,-0.07874436751155667,0.012945164592037095,positive_means_cooling_benefit_is_larger_when_early
73007,0.6,secondary_log1p_post14_interactions,回应后14日请愿互动数（log1p）,petition_interactions_post_14_days,log1p,0.06252035698133351,0.41394249829720664,-0.3514221413158731,0.29258164129293984,-0.058840500022933284,positive_means_cooling_benefit_is_larger_when_early
73008,0.6,secondary_log1p_post14_interactions,回应后14日请愿互动数（log1p）,petition_interactions_post_14_days,log1p,0.7734758067486531,0.0,0.7734758067486531,-0.5473260259855168,0.2261497807631363,positive_means_cooling_benefit_is_larger_when_early
73009,0.6,secondary_log1p_post14_interactions,回应后14日请愿互动数（log1p）,petition_interactions_post_14_days,log1p,0.027920595398627235,0.0,0.027920595398627235,0.012953549000391362,0.0408741443990186,positive_means_cooling_benefit_is_larger_when_early
73000,0.8,secondary_log1p_post14_interactions,回应后14日请愿互动数（log1p）,petition_interactions_post_14_days,log1p,0.0,0.009120584396808518,-0.009120584396808518,0.028389003262685897,0.01926841886587738,positive_means_cooling_benefit_is_larger_when_early
73001,0.8,secondary_log1p_post14_interactions,回应后14日请愿互动数（log1p）,petition_interactions_post_14_days,log1p,-0.0012368585373963015,0.0,-0.0012368585373963015,-0.02200577796519987,-0.02324263650259617,positive_means_cooling_benefit_is_larger_when_early
73002,0.8,secondary_log1p_post14_interactions,回应后14日请愿互动数（log1p）,petition_interactions_post_14_days,log1p,-0.003634165114219101,0.0,-0.003634165114219101,0.0662328214339638,0.0625986563197447,positive_means_cooling_benefit_is_larger_when_early
73003,0.8,secondary_log1p_post14_interactions,回应后14日请愿互动数（log1p）,petition_interactions_post_14_days,log1p,-0.04260999605973659,-0.019802627296179764,-0.022807368763556823,0.05600033611932087,0.03319296735576405,positive_means_cooling_benefit_is_larger_when_early
73004,0.8,secondary_log1p_post14_interactions,回应后14日请愿互动数（log1p）,petition_interactions_post_14_days,log1p,0.0067613509780439784,0.0,0.0067613509780439784,-0.09814321735847376,-0.09138186638042978,positive_means_cooling_benefit_is_larger_when_early
73005,0.8,secondary_log1p_post14_interactions,回应后14日请愿互动数（log1p）,petition_interactions_post_14_days,log1p,0.007109034679106507,0.0,0.007109034679106507,-0.0165098089638116,-0.009400774284705093,positive_means_cooling_benefit_is_larger_when_early
73006,0.8,secondary_log1p_post14_interactions,回应后14日请愿互动数（log1p）,petition_interactions_post_14_days,log1p,0.05839222028887736,-0.08107331685473085,0.1394655371436082,-0.055923083231955495,0.08354245391165271,positive_means_cooling_benefit_is_larger_when_early
73007,0.8,secondary_log1p_post14_interactions,回应后14日请愿互动数（log1p）,petition_interactions_post_14_days,log1p,-0.06795066190850729,0.025440499843838893,-0.09339116175234619,0.008552281815316753,-0.08483887993702943,positive_means_cooling_benefit_is_larger_when_early
73008,0.8,secondary_log1p_post14_interactions,回应后14日请愿互动数（log1p）,petition_interactions_post_14_days,log1p,0.018738836886247334,0.0,0.018738836886247334,0.06109762143108721,0.07983645831733455,positive_means_cooling_benefit_is_larger_when_early
73009,0.8,secondary_log1p_post14_interactions,回应后14日请愿互动数（log1p）,petition_interactions_post_14_days,log1p,-0.0012698414404761493,0.0,-0.0012698414404761493,-0.01386285590839531,-0.01513269734887146,positive_means_cooling_benefit_is_larger_when_early
73000,0.4,secondary_log1p_threshold_to_close_heat_auc,门槛日至关闭日请愿热度AUC（log1p）,petition_heat_auc_threshold_to_close,log1p,0.025845290445635882,0.03397059453893014,-0.008125304093294261,-0.011624855334007478,-0.01975015942730174,positive_means_cooling_benefit_is_larger_when_early
73001,0.4,secondary_log1p_threshold_to_close_heat_auc,门槛日至关闭日请愿热度AUC（log1p）,petition_heat_auc_threshold_to_close,log1p,0.02628121030604369,0.033722375807197835,-0.0074411655011541455,-0.009587360332503181,-0.017028525833657326,positive_means_cooling_benefit_is_larger_when_early
73002,0.4,secondary_log1p_threshold_to_close_heat_auc,门槛日至关闭日请愿热度AUC（log1p）,petition_heat_auc_threshold_to_close,log1p,0.027418825591960072,0.03524995948913734,-0.007831133897177267,-0.015347272010313162,-0.02317840590749043,positive_means_cooling_benefit_is_larger_when_early
73003,0.4,secondary_log1p_threshold_to_close_heat_auc,门槛日至关闭日请愿热度AUC（log1p）,petition_heat_auc_threshold_to_close,log1p,0.030520469964921304,0.032452303341775846,-0.0019318333768545415,0.018395588653627115,0.016463755276772574,positive_means_cooling_benefit_is_larger_when_early
73004,0.4,secondary_log1p_threshold_to_close_heat_auc,门槛日至关闭日请愿热度AUC（log1p）,petition_heat_auc_threshold_to_close,log1p,0.02590105988555358,0.03401842667912014,-0.00811736679356656,0.03815641625248212,0.030039049458915557,positive_means_cooling_benefit_is_larger_when_early
73005,0.4,secondary_log1p_threshold_to_close_heat_auc,门槛日至关闭日请愿热度AUC（log1p）,petition_heat_auc_threshold_to_close,log1p,0.030713922768915936,0.041865512148465456,-0.01115158937954952,0.037050897269878647,0.025899307890329126,positive_means_cooling_benefit_is_larger_when_early
73006,0.4,secondary_log1p_threshold_to_close_heat_auc,门槛日至关闭日请愿热度AUC（log1p）,petition_heat_auc_threshold_to_close,log1p,0.028939482221508328,0.03085787412298302,-0.001918391901474692,0.009233962092547898,0.007315570191073206,positive_means_cooling_benefit_is_larger_when_early
73007,0.4,secondary_log1p_threshold_to_close_heat_auc,门槛日至关闭日请愿热度AUC（log1p）,petition_heat_auc_threshold_to_close,log1p,0.021492164179413464,0.05463881893445688,-0.033146654755043414,0.03466349901531807,0.0015168442602746524,positive_means_cooling_benefit_is_larger_when_early
73008,0.4,secondary_log1p_threshold_to_close_heat_auc,门槛日至关闭日请愿热度AUC（log1p）,petition_heat_auc_threshold_to_close,log1p,0.02532931040831521,0.033077939807441226,-0.007748629399126017,0.00954613652967673,0.0017975071305507129,positive_means_cooling_benefit_is_larger_when_early
73009,0.4,secondary_log1p_threshold_to_close_heat_auc,门槛日至关闭日请愿热度AUC（log1p）,petition_heat_auc_threshold_to_close,log1p,0.025979189227012256,0.034945951117416385,-0.008966761890404129,0.003965727878515679,-0.00500103401188845,positive_means_cooling_benefit_is_larger_when_early
73000,0.6,secondary_log1p_threshold_to_close_heat_auc,门槛日至关闭日请愿热度AUC（log1p）,petition_heat_auc_threshold_to_close,log1p,0.026379199653089103,0.035746233891057244,-0.009367034237968141,0.018727323476488422,0.00936028923852028,positive_means_cooling_benefit_is_larger_when_early
73001,0.6,secondary_log1p_threshold_to_close_heat_auc,门槛日至关闭日请愿热度AUC（log1p）,petition_heat_auc_threshold_to_close,log1p,0.029978518628118067,0.035662803590753356,-0.005684284962635289,0.014866094217500958,0.00918180925486567,positive_means_cooling_benefit_is_larger_when_early
73002,0.6,secondary_log1p_threshold_to_close_heat_auc,门槛日至关闭日请愿热度AUC（log1p）,petition_heat_auc_threshold_to_close,log1p,0.3397966432651991,0.2315794989461306,0.10821714431906848,-0.09869740047701292,0.009519743842055561,positive_means_cooling_benefit_is_larger_when_early
73003,0.6,secondary_log1p_threshold_to_close_heat_auc,门槛日至关闭日请愿热度AUC（log1p）,petition_heat_auc_threshold_to_close,log1p,0.030222974965228744,0.30837257305605803,-0.2781495980908293,0.28220973626422285,0.004060138173393568,positive_means_cooling_benefit_is_larger_when_early
73004,0.6,secondary_log1p_threshold_to_close_heat_auc,门槛日至关闭日请愿热度AUC（log1p）,petition_heat_auc_threshold_to_close,log1p,0.6095029975855084,0.03812147666090304,0.5713815209246054,-0.5746789959854546,-0.0032974750608492087,positive_means_cooling_benefit_is_larger_when_early
73005,0.6,secondary_log1p_threshold_to_close_heat_auc,门槛日至关闭日请愿热度AUC（log1p）,petition_heat_auc_threshold_to_close,log1p,0.6612600922341656,0.035213606528857966,0.6260464857053076,-0.6297998955981008,-0.003753409892793158,positive_means_cooling_benefit_is_larger_when_early
73006,0.6,secondary_log1p_threshold_to_close_heat_auc,门槛日至关闭日请愿热度AUC（log1p）,petition_heat_auc_threshold_to_close,log1p,0.39034026578156045,0.2625356665207139,0.12780459926084653,-0.1224943410669983,0.005310258193848227,positive_means_cooling_benefit_is_larger_when_early
73007,0.6,secondary_log1p_threshold_to_close_heat_auc,门槛日至关闭日请愿热度AUC（log1p）,petition_heat_auc_threshold_to_close,log1p,0.02487716039037835,0.2744325919748416,-0.24955543158446325,0.2835514777530008,0.033996046168537575,positive_means_cooling_benefit_is_larger_when_early
73008,0.6,secondary_log1p_threshold_to_close_heat_auc,门槛日至关闭日请愿热度AUC（log1p）,petition_heat_auc_threshold_to_close,log1p,0.5606470621368889,0.03776976861779602,0.5228772935190928,-0.48988763312468286,0.03298966039440998,positive_means_cooling_benefit_is_larger_when_early
73009,0.6,secondary_log1p_threshold_to_close_heat_auc,门槛日至关闭日请愿热度AUC（log1p）,petition_heat_auc_threshold_to_close,log1p,0.026454105713035858,0.03639820492607093,-0.009944099213035074,0.017886972945049706,0.007942873732014633,positive_means_cooling_benefit_is_larger_when_early
73000,0.8,secondary_log1p_threshold_to_close_heat_auc,门槛日至关闭日请愿热度AUC（log1p）,petition_heat_auc_threshold_to_close,log1p,0.03021354804465659,0.0375729230641646,-0.007359375019508008,0.00021373700094784454,-0.007145638018560163,positive_means_cooling_benefit_is_larger_when_early
73001,0.8,secondary_log1p_threshold_to_close_heat_auc,门槛日至关闭日请愿热度AUC（log1p）,petition_heat_auc_threshold_to_close,log1p,0.026766268675240568,0.033911127655983364,-0.0071448589807427965,0.006781416244679761,-0.00036344273606303545,positive_means_cooling_benefit_is_larger_when_early
73002,0.8,secondary_log1p_threshold_to_close_heat_auc,门槛日至关闭日请愿热度AUC（log1p）,petition_heat_auc_threshold_to_close,log1p,0.02597803544453292,0.03614728019012858,-0.010169244745595662,0.0015737785931850823,-0.00859546615241058,positive_means_cooling_benefit_is_larger_when_early
73003,0.8,secondary_log1p_threshold_to_close_heat_auc,门槛日至关闭日请愿热度AUC（log1p）,petition_heat_auc_threshold_to_close,log1p,0.031079686892555358,0.04230432265310391,-0.011224635760548551,0.010935009663286976,-0.00028962609726157496,positive_means_cooling_benefit_is_larger_when_early
73004,0.8,secondary_log1p_threshold_to_close_heat_auc,门槛日至关闭日请愿热度AUC（log1p）,petition_heat_auc_threshold_to_close,log1p,0.025333639844992817,0.035447216087471034,-0.010113576242478217,0.010166115211308835,5.2538968830617705e-05,positive_means_cooling_benefit_is_larger_when_early
73005,0.8,secondary_log1p_threshold_to_close_heat_auc,门槛日至关闭日请愿热度AUC（log1p）,petition_heat_auc_threshold_to_close,log1p,0.027376021133243,0.03501148931393061,-0.00763546818068761,0.013529231469115999,0.005893763288428389,positive_means_cooling_benefit_is_larger_when_early
73006,0.8,secondary_log1p_threshold_to_close_heat_auc,门槛日至关闭日请愿热度AUC（log1p）,petition_heat_auc_threshold_to_close,log1p,0.03114314564504994,0.028256276936788893,0.002886868708261048,0.003344091341162425,0.006230960049423473,positive_means_cooling_benefit_is_larger_when_early
73007,0.8,secondary_log1p_threshold_to_close_heat_auc,门槛日至关闭日请愿热度AUC（log1p）,petition_heat_auc_threshold_to_close,log1p,0.018713015005177525,0.03254067485956291,-0.013827659854385388,0.004675787504362816,-0.009151872350022572,positive_means_cooling_benefit_is_larger_when_early
73008,0.8,secondary_log1p_threshold_to_close_heat_auc,门槛日至关闭日请愿热度AUC（log1p）,petition_heat_auc_threshold_to_close,log1p,0.02644301423539197,0.035021722713192815,-0.008578708477800845,0.017901370896426627,0.009322662418625782,positive_means_cooling_benefit_is_larger_when_early
73009,0.8,secondary_log1p_threshold_to_close_heat_auc,门槛日至关闭日请愿热度AUC（log1p）,petition_heat_auc_threshold_to_close,log1p,0.025735319018458824,0.0352327884509247,-0.009497469432465877,-0.002606512397063554,-0.012103981829529431,positive_means_cooling_benefit_is_larger_when_early
73000,0.4,secondary_mean_agenda_divergence_threshold_to_close,门槛日至关闭日平均议程偏离,mean_agenda_divergence_threshold_to_close,identity,0.0,0.0,0.0,0.0,0.0,positive_means_cooling_benefit_is_larger_when_early
73001,0.4,secondary_mean_agenda_divergence_threshold_to_close,门槛日至关闭日平均议程偏离,mean_agenda_divergence_threshold_to_close,identity,0.0,0.0,0.0,0.0,0.0,positive_means_cooling_benefit_is_larger_when_early
73002,0.4,secondary_mean_agenda_divergence_threshold_to_close,门槛日至关闭日平均议程偏离,mean_agenda_divergence_threshold_to_close,identity,0.0,0.0,0.0,0.0,0.0,positive_means_cooling_benefit_is_larger_when_early
73003,0.4,secondary_mean_agenda_divergence_threshold_to_close,门槛日至关闭日平均议程偏离,mean_agenda_divergence_threshold_to_close,identity,0.0,0.0,0.0,0.0,0.0,positive_means_cooling_benefit_is_larger_when_early
73004,0.4,secondary_mean_agenda_divergence_threshold_to_close,门槛日至关闭日平均议程偏离,mean_agenda_divergence_threshold_to_close,identity,0.0,0.0,0.0,0.0,0.0,positive_means_cooling_benefit_is_larger_when_early
73005,0.4,secondary_mean_agenda_divergence_threshold_to_close,门槛日至关闭日平均议程偏离,mean_agenda_divergence_threshold_to_close,identity,0.0,0.0,0.0,0.0,0.0,positive_means_cooling_benefit_is_larger_when_early
73006,0.4,secondary_mean_agenda_divergence_threshold_to_close,门槛日至关闭日平均议程偏离,mean_agenda_divergence_threshold_to_close,identity,0.0,0.0,0.0,0.0,0.0,positive_means_cooling_benefit_is_larger_when_early
73007,0.4,secondary_mean_agenda_divergence_threshold_to_close,门槛日至关闭日平均议程偏离,mean_agenda_divergence_threshold_to_close,identity,0.0,0.0,0.0,0.0,0.0,positive_means_cooling_benefit_is_larger_when_early
73008,0.4,secondary_mean_agenda_divergence_threshold_to_close,门槛日至关闭日平均议程偏离,mean_agenda_divergence_threshold_to_close,identity,0.0,0.0,0.0,0.0,0.0,positive_means_cooling_benefit_is_larger_when_early
73009,0.4,secondary_mean_agenda_divergence_threshold_to_close,门槛日至关闭日平均议程偏离,mean_agenda_divergence_threshold_to_close,identity,0.0,0.0,0.0,0.0,0.0,positive_means_cooling_benefit_is_larger_when_early
73000,0.6,secondary_mean_agenda_divergence_threshold_to_close,门槛日至关闭日平均议程偏离,mean_agenda_divergence_threshold_to_close,identity,0.0,0.0,0.0,0.0,0.0,positive_means_cooling_benefit_is_larger_when_early
73001,0.6,secondary_mean_agenda_divergence_threshold_to_close,门槛日至关闭日平均议程偏离,mean_agenda_divergence_threshold_to_close,identity,0.0022562358276644046,0.0,0.0022562358276644046,-0.002159863945578211,9.637188208619363e-05,positive_means_cooling_benefit_is_larger_when_early
73002,0.6,secondary_mean_agenda_divergence_threshold_to_close,门槛日至关闭日平均议程偏离,mean_agenda_divergence_threshold_to_close,identity,0.0001077097505668978,0.0,0.0001077097505668978,-0.0001077097505668978,0.0,positive_means_cooling_benefit_is_larger_when_early
73003,0.6,secondary_mean_agenda_divergence_threshold_to_close,门槛日至关闭日平均议程偏离,mean_agenda_divergence_threshold_to_close,identity,0.000770975056689327,0.0,0.000770975056689327,-0.0007539682539682291,1.700680272109789e-05,positive_means_cooling_benefit_is_larger_when_early
73004,0.6,secondary_mean_agenda_divergence_threshold_to_close,门槛日至关闭日平均议程偏离,mean_agenda_divergence_threshold_to_close,identity,0.10844104308390018,0.0,0.10844104308390018,-0.10691043083900209,0.0015306122448980886,positive_means_cooling_benefit_is_larger_when_early
73005,0.6,secondary_mean_agenda_divergence_threshold_to_close,门槛日至关闭日平均议程偏离,mean_agenda_divergence_threshold_to_close,identity,0.00170068027210879,0.0,0.00170068027210879,-0.00170068027210879,0.0,positive_means_cooling_benefit_is_larger_when_early
73006,0.6,secondary_mean_agenda_divergence_threshold_to_close,门槛日至关闭日平均议程偏离,mean_agenda_divergence_threshold_to_close,identity,0.00018140589569159982,0.0,0.00018140589569159982,-0.00013038548752830614,5.1020408163293673e-05,positive_means_cooling_benefit_is_larger_when_early
73007,0.6,secondary_mean_agenda_divergence_threshold_to_close,门槛日至关闭日平均议程偏离,mean_agenda_divergence_threshold_to_close,identity,-0.00010770975056695331,6.802721088433605e-05,-0.00017573696145128936,-0.009529478458049856,-0.009705215419501145,positive_means_cooling_benefit_is_larger_when_early
73008,0.6,secondary_mean_agenda_divergence_threshold_to_close,门槛日至关闭日平均议程偏离,mean_agenda_divergence_threshold_to_close,identity,0.06044217687074821,0.0,0.06044217687074821,-0.06267006802721081,-0.0022278911564626025,positive_means_cooling_benefit_is_larger_when_early
73009,0.6,secondary_mean_agenda_divergence_threshold_to_close,门槛日至关闭日平均议程偏离,mean_agenda_divergence_threshold_to_close,identity,0.000759637188208595,0.0,0.000759637188208595,-0.0008219954648526206,-6.23582766440256e-05,positive_means_cooling_benefit_is_larger_when_early
73000,0.8,secondary_mean_agenda_divergence_threshold_to_close,门槛日至关闭日平均议程偏离,mean_agenda_divergence_threshold_to_close,identity,0.0,0.0,0.0,0.0,0.0,positive_means_cooling_benefit_is_larger_when_early
73001,0.8,secondary_mean_agenda_divergence_threshold_to_close,门槛日至关闭日平均议程偏离,mean_agenda_divergence_threshold_to_close,identity,0.0,0.0,0.0,0.0,0.0,positive_means_cooling_benefit_is_larger_when_early
73002,0.8,secondary_mean_agenda_divergence_threshold_to_close,门槛日至关闭日平均议程偏离,mean_agenda_divergence_threshold_to_close,identity,0.0,0.0,0.0,0.0,0.0,positive_means_cooling_benefit_is_larger_when_early
73003,0.8,secondary_mean_agenda_divergence_threshold_to_close,门槛日至关闭日平均议程偏离,mean_agenda_divergence_threshold_to_close,identity,0.0,0.0,0.0,0.0,0.0,positive_means_cooling_benefit_is_larger_when_early
73004,0.8,secondary_mean_agenda_divergence_threshold_to_close,门槛日至关闭日平均议程偏离,mean_agenda_divergence_threshold_to_close,identity,0.0,0.0,0.0,0.0,0.0,positive_means_cooling_benefit_is_larger_when_early
73005,0.8,secondary_mean_agenda_divergence_threshold_to_close,门槛日至关闭日平均议程偏离,mean_agenda_divergence_threshold_to_close,identity,0.0,0.0,0.0,0.0,0.0,positive_means_cooling_benefit_is_larger_when_early
73006,0.8,secondary_mean_agenda_divergence_threshold_to_close,门槛日至关闭日平均议程偏离,mean_agenda_divergence_threshold_to_close,identity,0.0,0.0,0.0,0.0,0.0,positive_means_cooling_benefit_is_larger_when_early
73007,0.8,secondary_mean_agenda_divergence_threshold_to_close,门槛日至关闭日平均议程偏离,mean_agenda_divergence_threshold_to_close,identity,0.0,0.0,0.0,0.0,0.0,positive_means_cooling_benefit_is_larger_when_early
73008,0.8,secondary_mean_agenda_divergence_threshold_to_close,门槛日至关闭日平均议程偏离,mean_agenda_divergence_threshold_to_close,identity,0.00011337868480720825,0.0,0.00011337868480720825,-0.00011337868480720825,0.0,positive_means_cooling_benefit_is_larger_when_early
73009,0.8,secondary_mean_agenda_divergence_threshold_to_close,门槛日至关闭日平均议程偏离,mean_agenda_divergence_threshold_to_close,identity,3.968253968261726e-05,0.0,3.968253968261726e-05,-3.968253968261726e-05,0.0,positive_means_cooling_benefit_is_larger_when_early
73000,0.4,secondary_mean_trust_post14,回应后14日平均政府信任,mean_trust_post_14_days,identity,0.0,0.0,0.0,0.012160297460419689,0.012160297460419689,positive_means_cooling_benefit_is_larger_when_early
73001,0.4,secondary_mean_trust_post14,回应后14日平均政府信任,mean_trust_post_14_days,identity,0.0,0.0,0.0,0.009068371006601517,0.009068371006601517,positive_means_cooling_benefit_is_larger_when_early
73002,0.4,secondary_mean_trust_post14,回应后14日平均政府信任,mean_trust_post_14_days,identity,0.0,0.0,0.0,0.010026271385048857,0.010026271385048857,positive_means_cooling_benefit_is_larger_when_early
73003,0.4,secondary_mean_trust_post14,回应后14日平均政府信任,mean_trust_post_14_days,identity,0.0,0.0,0.0,0.0121311509912706,0.0121311509912706,positive_means_cooling_benefit_is_larger_when_early
73004,0.4,secondary_mean_trust_post14,回应后14日平均政府信任,mean_trust_post_14_days,identity,0.0,0.0,0.0,0.011192572301064518,0.011192572301064518,positive_means_cooling_benefit_is_larger_when_early
73005,0.4,secondary_mean_trust_post14,回应后14日平均政府信任,mean_trust_post_14_days,identity,0.0,0.0,0.0,0.009160260878394166,0.009160260878394166,positive_means_cooling_benefit_is_larger_when_early
73006,0.4,secondary_mean_trust_post14,回应后14日平均政府信任,mean_trust_post_14_days,identity,0.0,0.0,0.0,0.011917738385222587,0.011917738385222587,positive_means_cooling_benefit_is_larger_when_early
73007,0.4,secondary_mean_trust_post14,回应后14日平均政府信任,mean_trust_post_14_days,identity,0.0,0.0,0.0,0.007912734093073914,0.007912734093073914,positive_means_cooling_benefit_is_larger_when_early
73008,0.4,secondary_mean_trust_post14,回应后14日平均政府信任,mean_trust_post_14_days,identity,0.0,0.0,0.0,0.011756388040022325,0.011756388040022325,positive_means_cooling_benefit_is_larger_when_early
73009,0.4,secondary_mean_trust_post14,回应后14日平均政府信任,mean_trust_post_14_days,identity,0.0,0.0,0.0,0.011004034323860545,0.011004034323860545,positive_means_cooling_benefit_is_larger_when_early
73000,0.6,secondary_mean_trust_post14,回应后14日平均政府信任,mean_trust_post_14_days,identity,0.0,0.0,0.0,0.02828353284421825,0.02828353284421825,positive_means_cooling_benefit_is_larger_when_early
73001,0.6,secondary_mean_trust_post14,回应后14日平均政府信任,mean_trust_post_14_days,identity,-0.0010046787091690934,0.0,-0.0010046787091690934,0.01808530854810597,0.017080629838936878,positive_means_cooling_benefit_is_larger_when_early
73002,0.6,secondary_mean_trust_post14,回应后14日平均政府信任,mean_trust_post_14_days,identity,-3.805204851359267e-05,2.2835803403564725e-05,-6.08878519171574e-05,0.019169984983555488,0.01910909713163833,positive_means_cooling_benefit_is_larger_when_early
73003,0.6,secondary_mean_trust_post14,回应后14日平均政府信任,mean_trust_post_14_days,identity,-0.0003815478533073513,2.8580384049514684e-05,-0.000410128237356866,0.022883716611481808,0.022473588374124942,positive_means_cooling_benefit_is_larger_when_early
73004,0.6,secondary_mean_trust_post14,回应后14日平均政府信任,mean_trust_post_14_days,identity,-0.0007075363789948996,0.0,-0.0007075363789948996,0.027234781305072286,0.026527244926077387,positive_means_cooling_benefit_is_larger_when_early
73005,0.6,secondary_mean_trust_post14,回应后14日平均政府信任,mean_trust_post_14_days,identity,-0.00048781859727453636,0.0,-0.00048781859727453636,0.02798035154228551,0.027492532945010972,positive_means_cooling_benefit_is_larger_when_early
73006,0.6,secondary_mean_trust_post14,回应后14日平均政府信任,mean_trust_post_14_days,identity,-9.266197588320146e-05,2.021900204118854e-05,-0.00011288097792439,0.018613612552745185,0.018500731574820795,positive_means_cooling_benefit_is_larger_when_early
73007,0.6,secondary_mean_trust_post14,回应后14日平均政府信任,mean_trust_post_14_days,identity,-0.0010228000496165235,1.493279426878491e-05,-0.0010377328438853084,0.025346438355073664,0.024308705511188355,positive_means_cooling_benefit_is_larger_when_early
73008,0.6,secondary_mean_trust_post14,回应后14日平均政府信任,mean_trust_post_14_days,identity,-0.001020094498411006,0.0,-0.001020094498411006,0.02297220955636181,0.021952115057950805,positive_means_cooling_benefit_is_larger_when_early
73009,0.6,secondary_mean_trust_post14,回应后14日平均政府信任,mean_trust_post_14_days,identity,-0.0004049661526229764,0.0,-0.0004049661526229764,0.0186668442435044,0.018261878090881423,positive_means_cooling_benefit_is_larger_when_early
73000,0.8,secondary_mean_trust_post14,回应后14日平均政府信任,mean_trust_post_14_days,identity,0.0,0.0,0.0,0.026481338094954232,0.026481338094954232,positive_means_cooling_benefit_is_larger_when_early
73001,0.8,secondary_mean_trust_post14,回应后14日平均政府信任,mean_trust_post_14_days,identity,-8.375083637712777e-08,0.0,-8.375083637712777e-08,0.017249708811274078,0.0172496250604377,positive_means_cooling_benefit_is_larger_when_early
73002,0.8,secondary_mean_trust_post14,回应后14日平均政府信任,mean_trust_post_14_days,identity,0.0,0.0,0.0,0.02153857627865019,0.02153857627865019,positive_means_cooling_benefit_is_larger_when_early
73003,0.8,secondary_mean_trust_post14,回应后14日平均政府信任,mean_trust_post_14_days,identity,0.0,0.0,0.0,0.023937523550902284,0.023937523550902284,positive_means_cooling_benefit_is_larger_when_early
73004,0.8,secondary_mean_trust_post14,回应后14日平均政府信任,mean_trust_post_14_days,identity,0.0,0.0,0.0,0.01878147053800494,0.01878147053800494,positive_means_cooling_benefit_is_larger_when_early
73005,0.8,secondary_mean_trust_post14,回应后14日平均政府信任,mean_trust_post_14_days,identity,0.0,0.0,0.0,0.01801329093937709,0.01801329093937709,positive_means_cooling_benefit_is_larger_when_early
73006,0.8,secondary_mean_trust_post14,回应后14日平均政府信任,mean_trust_post_14_days,identity,0.0,0.0,0.0,0.018853783421406645,0.018853783421406645,positive_means_cooling_benefit_is_larger_when_early
73007,0.8,secondary_mean_trust_post14,回应后14日平均政府信任,mean_trust_post_14_days,identity,0.0,0.0,0.0,0.015968739618458794,0.015968739618458794,positive_means_cooling_benefit_is_larger_when_early
73008,0.8,secondary_mean_trust_post14,回应后14日平均政府信任,mean_trust_post_14_days,identity,-7.607579403501319e-05,0.0,-7.607579403501319e-05,0.02138791351063929,0.021311837716604276,positive_means_cooling_benefit_is_larger_when_early
73009,0.8,secondary_mean_trust_post14,回应后14日平均政府信任,mean_trust_post_14_days,identity,-2.8046974567708105e-05,0.0,-2.8046974567708105e-05,0.020221137131914757,0.02019309015734705,positive_means_cooling_benefit_is_larger_when_early
