source,observed_at,region,topic,rank,heat,count,record_id,access_route,license_note,data_scope
weibo_hot,2026-01-01T08:00:00+08:00,示例地区,公共服务,1,,1,w-20260101-1,synthetic_fixture,generated_no_external_content,synthetic
weibo_hot,2026-01-01T08:00:00+08:00,示例地区,文娱,2,,1,w-20260101-2,synthetic_fixture,generated_no_external_content,synthetic
leader_board,2026-01-01T12:00:00+08:00,示例地区,公共服务,,,4,l-20260101-1,synthetic_fixture,generated_no_external_content,synthetic
leader_board,2026-01-01T12:00:00+08:00,示例地区,文娱,,,1,l-20260101-2,synthetic_fixture,generated_no_external_content,synthetic
government_daily,2026-01-01T18:00:00+08:00,示例地区,公共服务,,,1,g-20260101-1,synthetic_fixture,generated_no_external_content,synthetic
weibo_hot,2026-01-02T08:00:00+08:00,示例地区,公共服务,1,,1,w-20260102-1,synthetic_fixture,generated_no_external_content,synthetic
weibo_hot,2026-01-02T08:00:00+08:00,示例地区,文娱,2,,1,w-20260102-2,synthetic_fixture,generated_no_external_content,synthetic
leader_board,2026-01-02T12:00:00+08:00,示例地区,公共服务,,,4,l-20260102-1,synthetic_fixture,generated_no_external_content,synthetic
leader_board,2026-01-02T12:00:00+08:00,示例地区,文娱,,,1,l-20260102-2,synthetic_fixture,generated_no_external_content,synthetic
government_daily,2026-01-02T18:00:00+08:00,示例地区,公共服务,,,1,g-20260102-1,synthetic_fixture,generated_no_external_content,synthetic
weibo_hot,2026-01-03T08:00:00+08:00,示例地区,公共服务,1,,1,w-20260103-1,synthetic_fixture,generated_no_external_content,synthetic
weibo_hot,2026-01-03T08:00:00+08:00,示例地区,文娱,2,,1,w-20260103-2,synthetic_fixture,generated_no_external_content,synthetic
leader_board,2026-01-03T12:00:00+08:00,示例地区,公共服务,,,4,l-20260103-1,synthetic_fixture,generated_no_external_content,synthetic
leader_board,2026-01-03T12:00:00+08:00,示例地区,文娱,,,1,l-20260103-2,synthetic_fixture,generated_no_external_content,synthetic
government_daily,2026-01-03T18:00:00+08:00,示例地区,公共服务,,,1,g-20260103-1,synthetic_fixture,generated_no_external_content,synthetic
weibo_hot,2026-01-04T08:00:00+08:00,示例地区,公共服务,1,,1,w-20260104-1,synthetic_fixture,generated_no_external_content,synthetic
weibo_hot,2026-01-04T08:00:00+08:00,示例地区,文娱,2,,1,w-20260104-2,synthetic_fixture,generated_no_external_content,synthetic
leader_board,2026-01-04T12:00:00+08:00,示例地区,公共服务,,,4,l-20260104-1,synthetic_fixture,generated_no_external_content,synthetic
leader_board,2026-01-04T12:00:00+08:00,示例地区,文娱,,,1,l-20260104-2,synthetic_fixture,generated_no_external_content,synthetic
government_daily,2026-01-04T18:00:00+08:00,示例地区,公共服务,,,1,g-20260104-1,synthetic_fixture,generated_no_external_content,synthetic
weibo_hot,2026-01-05T08:00:00+08:00,示例地区,公共服务,1,,1,w-20260105-1,synthetic_fixture,generated_no_external_content,synthetic
weibo_hot,2026-01-05T08:00:00+08:00,示例地区,文娱,2,,1,w-20260105-2,synthetic_fixture,generated_no_external_content,synthetic
leader_board,2026-01-05T12:00:00+08:00,示例地区,公共服务,,,4,l-20260105-1,synthetic_fixture,generated_no_external_content,synthetic
leader_board,2026-01-05T12:00:00+08:00,示例地区,文娱,,,1,l-20260105-2,synthetic_fixture,generated_no_external_content,synthetic
government_daily,2026-01-05T18:00:00+08:00,示例地区,公共服务,,,1,g-20260105-1,synthetic_fixture,generated_no_external_content,synthetic
weibo_hot,2026-01-06T08:00:00+08:00,示例地区,公共服务,1,,1,w-20260106-1,synthetic_fixture,generated_no_external_content,synthetic
weibo_hot,2026-01-06T08:00:00+08:00,示例地区,文娱,2,,1,w-20260106-2,synthetic_fixture,generated_no_external_content,synthetic
leader_board,2026-01-06T12:00:00+08:00,示例地区,公共服务,,,4,l-20260106-1,synthetic_fixture,generated_no_external_content,synthetic
leader_board,2026-01-06T12:00:00+08:00,示例地区,文娱,,,1,l-20260106-2,synthetic_fixture,generated_no_external_content,synthetic
government_daily,2026-01-06T18:00:00+08:00,示例地区,公共服务,,,1,g-20260106-1,synthetic_fixture,generated_no_external_content,synthetic
weibo_hot,2026-01-07T08:00:00+08:00,示例地区,公共服务,1,,1,w-20260107-1,synthetic_fixture,generated_no_external_content,synthetic
weibo_hot,2026-01-07T08:00:00+08:00,示例地区,文娱,2,,1,w-20260107-2,synthetic_fixture,generated_no_external_content,synthetic
leader_board,2026-01-07T12:00:00+08:00,示例地区,公共服务,,,4,l-20260107-1,synthetic_fixture,generated_no_external_content,synthetic
leader_board,2026-01-07T12:00:00+08:00,示例地区,文娱,,,1,l-20260107-2,synthetic_fixture,generated_no_external_content,synthetic
government_daily,2026-01-07T18:00:00+08:00,示例地区,公共服务,,,1,g-20260107-1,synthetic_fixture,generated_no_external_content,synthetic
