condition_order,condition_id,condition_label,removed_mechanism,alpha,metric,metric_label,is_primary_alpha,difference_direction,bootstrap_samples,bootstrap_unit,signflip_samples,n_pairs,baseline_mean,ablation_mean,mean_difference,median_difference,difference_sd,difference_se,t_ci_low,t_ci_high,bootstrap_ci_low,bootstrap_ci_high,t_statistic,t_df,t_p_raw,wilcoxon_statistic,wilcoxon_p_raw,signflip_p_raw,signflip_mc_se,cohen_dz,hedges_gz,hedges_gz_ci_low,hedges_gz_ci_high,hedges_gz_valid_bootstrap_draws,rank_biserial,zero_variance,holm_t_p_within_metric_all_alpha,holm_wilcoxon_p_within_metric_all_alpha,holm_t_p_primary_global,holm_wilcoxon_p_primary_global,holm_signflip_p_primary_global
1,no_emotion,No emotion advantage,emotion_advantage,0.6,mean_agenda_divergence,Agenda divergence,True,ablation_minus_full,10000,paired seed,99999,50,0.263887619047619,0.0410645714285714,-0.2228230476190476,-0.2357142857142855,0.1684536980360657,0.0238229504394506,-0.2706970588975247,-0.1749490363405705,-0.2702853714285713,-0.177364238095238,-9.353293505159396,49,1.7654116495923718e-12,0.0,1.8189894035458565e-12,1e-05,9.999949999875e-06,-1.32275545278526,-1.3024053688962562,-1.669117532006689,-1.048290544458662,10000,-1.0,False,1.4652916691616682e-10,1.5279510989785194e-10,2.4715763094293207e-11,2.5465851649641987e-11,0.00016
1,no_emotion,No emotion advantage,emotion_advantage,0.6,system_stability,Agenda-divergence variance,True,ablation_minus_full,10000,paired seed,99999,50,3.4496449886613284e-05,2.4976535147390664e-05,-9.51991473922262e-06,-7.703719777548943e-34,0.0001011070569298,1.4298697116176257e-05,-3.825422238710168e-05,1.921439290865645e-05,-3.314324535146085e-05,2.218288485261553e-05,-0.6657889639785884,49,0.5086682825799926,31.5,3.447566564464692e-05,0.6172,0.0015370886766871,-0.0941567782536851,-0.0927082124343977,-0.5189823223904115,0.1446431063272645,10000,-0.864516129032258,False,1.0,0.0025856749233485,1.0,0.0003447566564464,1.0
1,no_emotion,No emotion advantage,emotion_advantage,0.6,storm_time_share,Storm time share,True,ablation_minus_full,10000,paired seed,99999,50,0.8,0.26,-0.54,-1.0,0.5034574339058885,0.0711996331107263,-0.6830810195920027,-0.3969189804079973,-0.68,-0.4,-7.58430874440346,49,8.298731366871876e-10,0.0,2.0345546145444246e-07,1e-05,9.999949999875e-06,-1.0725832287560233,-1.056081948313623,-1.420885630982086,-0.795855140298315,10000,-1.0,False,6.721972407166221e-08,1.6683347839264278e-05,1.078835077693344e-08,2.441465537453309e-06,0.00016
1,no_emotion,No emotion advantage,emotion_advantage,0.6,mean_trust,Government trust,True,ablation_minus_full,10000,paired seed,99999,50,0.6071326370687872,0.6455803081566843,0.038447671087897,0.0364015411074413,0.0212030453702983,0.0029985634326288,0.0324218322667249,0.0444735099090691,0.0327141798371005,0.044269134225729,12.822030266069929,49,2.8384824341631706e-17,5.0,1.7763568394002505e-14,1e-05,9.999949999875e-06,1.8133089099434396,1.7854118497904634,1.4231113884889373,2.3025364549311487,10000,0.992156862745098,False,1.8166287578644296e-15,9.414691248821327e-13,4.2577236512447573e-16,2.664535259100376e-13,0.00016
2,no_drift,No preference drift,preference_drift,0.6,mean_agenda_divergence,Agenda divergence,True,ablation_minus_full,10000,paired seed,99999,50,0.263887619047619,0.1522365714285713,-0.1116510476190476,-0.1291047619047617,0.1455834246229879,0.020588605355855,-0.1530253991092004,-0.0702766961288949,-0.1510212285714286,-0.0722810238095238,-5.422953409872218,49,1.787599328589678e-06,136.0,9.899974492811752e-06,1e-05,9.999949999875e-06,-0.7669214260358712,-0.7551226348660887,-1.0791041112484607,-0.4929016928965256,10000,-0.7483811285846439,False,0.000130494750987,0.0007028981889896,2.1451191943076137e-05,0.0001088997194209,0.00016
2,no_drift,No preference drift,preference_drift,0.6,system_stability,Agenda-divergence variance,True,ablation_minus_full,10000,paired seed,99999,50,3.4496449886613284e-05,0.0001446531664398,0.0001101567165532,0.0001033893424035,0.0001587535408713,2.245114105749601e-05,6.503945943882802e-05,0.0001552739736677,6.598532176869147e-05,0.0001532134475283,4.906508594425686,49,1.0652485962718494e-05,84.0,3.346190169395413e-08,1e-05,9.999949999875e-06,0.6938850998136956,0.6832099444319465,0.3508072593187964,1.221168201789326,10000,0.8445883441258094,False,0.0008735038489429,2.7104140372102847e-06,0.0001171773455899,4.350047220214037e-07,0.00016
2,no_drift,No preference drift,preference_drift,0.6,storm_time_share,Storm time share,True,ablation_minus_full,10000,paired seed,99999,50,0.8,0.9072,0.1072,0.0,0.328671040801018,0.046481104346008,0.0137927237118419,0.200607276288158,0.0216,0.2036,2.306313533387609,49,0.0253635900650869,1.0,0.03125,0.03257,0.0005613305185004,0.326161987800137,0.3211441110647503,0.1098057730108936,0.4868133924464608,9998,0.9285714285714286,False,1.0,1.0,0.1981353438608822,0.1763776647076156,0.19542
2,no_drift,No preference drift,preference_drift,0.6,mean_trust,Government trust,True,ablation_minus_full,10000,paired seed,99999,50,0.6071326370687872,0.6169985878947737,0.0098659508259864,0.0133590625092703,0.0198976431217592,0.0028139516762051,0.0042111032190062,0.0155207984329666,0.0043896126025285,0.0152209329181128,3.506083956385308,49,0.0009832394175079,287.0,0.0005086665780176,0.00095,9.74216351741234e-05,0.4958351481938821,0.4882069151447454,0.2046266305467848,0.8397984425688569,10000,0.5498039215686275,False,0.0403128161178258,0.0213639962767402,0.0088491547575715,0.0040693326241409,0.00855
3,no_response,No effective response,government_response,0.6,mean_agenda_divergence,Agenda divergence,True,ablation_minus_full,10000,paired seed,99999,50,0.263887619047619,0.2334285714285713,-0.0304590476190476,-0.0052380952380951,0.0563317337962867,0.0079665101926699,-0.0464683492285748,-0.0144497460095204,-0.0460850428571428,-0.0153791380952381,-3.8233865120857087,49,0.0003723812513363,168.0,0.0004305447373553,0.00042,6.479379599930846e-05,-0.5407085059585972,-0.5323899135592342,-0.8320252872528315,-0.2745050823894001,10000,-0.6097560975609756,False,0.0242047813368636,0.0279854079280994,0.0037238125133636,0.0038749026361983,0.0042
3,no_response,No effective response,government_response,0.6,system_stability,Agenda-divergence variance,True,ablation_minus_full,10000,paired seed,99999,50,3.4496449886613284e-05,3.550692593720918e-33,-3.4496449886613284e-05,0.0,0.0001061869287777,1.5017099482425702e-05,-6.467444114000229e-05,-4.318458633224279e-06,-6.703911682538722e-05,-1.092820117913486e-05,-2.297144660124546,49,0.0259225245506612,120.0,0.004091801259252,0.00179,0.0001336710851306,-0.3248653133081066,-0.3198673854110588,-0.5134441790938692,-0.2322218879246385,10000,-0.5721925133689839,False,1.0,0.2536916780736289,0.1981353438608822,0.0286426088147645,0.01432
3,no_response,No effective response,government_response,0.6,storm_time_share,Storm time share,True,ablation_minus_full,10000,paired seed,99999,50,0.8,0.84,0.04,0.0,0.1979486637221574,0.0279941684889506,-0.0162563877794187,0.0962563877794187,0.0,0.1,1.4288690166235207,49,0.1593860519746162,0.0,0.5,0.49942,0.0015811377662936,0.202072594216369,0.1989637850745787,0.1392456430644278,0.3249065004836649,8707,1.0,False,1.0,1.0,0.6375442078984651,1.0,1.0
3,no_response,No effective response,government_response,0.6,mean_trust,Government trust,True,ablation_minus_full,10000,paired seed,99999,50,0.6071326370687872,0.5917176017243382,-0.015415035344449,-0.0163105614254028,0.007693481003533,0.0010880225177056,-0.0176014984534692,-0.0132285722354288,-0.0176321916042417,-0.0133575909780989,-14.16793778951908,49,5.912236081966039e-19,0.0,1.7763568394002505e-15,1e-05,9.999949999875e-06,-2.0036489772796173,-1.9728236083983923,-2.651577001929983,-1.620837355197699,10000,-1.0,False,3.961198174917245e-17,1.4921397450962106e-13,9.45957773114566e-18,2.8421709430404014e-14,0.00016
4,no_trust,No trust feedback,trust_feedback,0.6,mean_agenda_divergence,Agenda divergence,True,ablation_minus_full,10000,paired seed,99999,50,0.263887619047619,0.2441998095238094,-0.0196878095238095,-0.0119047619047618,0.0601017502825327,0.0084996710371918,-0.0367685379638949,-0.0026070810837241,-0.0361262095238094,-0.0033709619047618,-2.3163025295522464,49,0.0247669179826102,263.0,0.0293962774512692,0.02468,0.000490621010557,-0.3275746451851893,-0.3225350352592634,-0.6104992734659189,-0.0566582535568666,10000,-0.389082462253194,False,1.0,1.0,0.1981353438608822,0.1763776647076156,0.17276
4,no_trust,No trust feedback,trust_feedback,0.6,system_stability,Agenda-divergence variance,True,ablation_minus_full,10000,paired seed,99999,50,3.4496449886613284e-05,1.1290722902492296e-05,-2.3205726984120983e-05,0.0,9.090890050745412e-05,1.2856460003806797e-05,-4.9041750644913605e-05,2.630296676671633e-06,-5.154941306122371e-05,-2.7039297959164327e-06,-1.8049857408065495,49,0.0772234697074228,186.5,0.2278405064871693,0.04273,0.0006395635003656,-0.255263531453867,-0.2513364002007306,-0.4200005628039021,-0.0631258044394427,10000,-0.2479838709677419,False,1.0,1.0,0.386117348537114,0.6835215194615081,0.2136499999999999
4,no_trust,No trust feedback,trust_feedback,0.6,storm_time_share,Storm time share,True,ablation_minus_full,10000,paired seed,99999,50,0.8,0.82,0.02,0.0,0.2466096643090295,0.0348758731878105,-0.0500856911314837,0.0900856911314837,-0.04,0.0804999999999927,0.5734623443633284,49,0.5689544686260504,2.0,1.0,1.0,0.0,0.0810998224908889,0.079852132914106,-0.1989637850745787,0.2874290999925215,9539,0.3333333333333333,False,1.0,1.0,1.0,1.0,1.0
4,no_trust,No trust feedback,trust_feedback,0.6,mean_trust,Government trust,True,ablation_minus_full,10000,paired seed,99999,50,0.6071326370687872,0.6088359977938427,0.0017033607250554,0.0023179256035633,0.0089615279385219,0.0012673514350243,-0.0008434773355096,0.0042501987856204,-0.0007442672741118,0.0041828979965197,1.344031874649466,49,0.1851283317143766,486.0,0.1460183614497232,0.18579,0.0012299271356466,0.190074810539101,0.1871505826846533,-0.0820592802322731,0.4943574809776766,10000,0.2376470588235294,False,1.0,1.0,0.6375442078984651,0.584073445798893,0.74316
