condition_order,condition_id,metric,metric_label,alpha_min,alpha_max,alpha_count,auc_method,difference_direction,bootstrap_samples,signflip_samples,n_pairs,baseline_mean,ablation_mean,mean_difference,median_difference,difference_sd,difference_se,t_ci_low,t_ci_high,bootstrap_ci_low,bootstrap_ci_high,t_statistic,t_df,t_p_raw,wilcoxon_statistic,wilcoxon_p_raw,signflip_p_raw,signflip_mc_se,cohen_dz,hedges_gz,hedges_gz_ci_low,hedges_gz_ci_high,hedges_gz_valid_bootstrap_draws,rank_biserial,zero_variance,holm_t_p_global,holm_wilcoxon_p_global,holm_signflip_p_global
1,no_emotion,mean_agenda_divergence,Agenda divergence,0.0,1.0,21,per-seed trapezoidal integration,ablation_minus_full,10000,99999,50,0.16155524761904758,0.03423463809523807,-0.1273206095238095,-0.1259447619047619,0.08920902228585827,0.012616060920270443,-0.1526735331392989,-0.10196768590832009,-0.1521638173809524,-0.1031157438095238,-10.091946315766538,49,1.4843640955163622e-13,0.0,3.552713678800501e-15,1e-05,9.999949999874999e-06,-1.4272167350498226,-1.4052595545105946,-1.7644627673003213,-1.1694650626238259,10000,-1.0,False,1.929673324171271e-12,4.973799150320701e-14,0.00016
1,no_emotion,system_stability,Agenda-divergence variance,0.0,1.0,21,per-seed trapezoidal integration,ablation_minus_full,10000,99999,50,1.846732852607576e-05,5.510445623582485e-06,-1.2956882902493275e-05,-1.0428910648856883e-32,4.1388059196343395e-05,5.853155463576933e-06,-2.4719239181165194e-05,-1.1945266238213575e-06,-2.479830486167665e-05,-2.0387259750558232e-06,-2.213657741216935,49,0.03153829203831379,241.0,0.0004285619138642005,0.0292,0.000532422388710317,-0.31305848000811803,-0.30824219570030087,-0.5552854024744281,-0.05310045502709126,10000,-0.5726950354609929,False,0.25230633630651034,0.0038570572247778045,0.2336
1,no_emotion,storm_time_share,Storm time share,0.0,1.0,21,per-seed trapezoidal integration,ablation_minus_full,10000,99999,50,0.50482,0.19022999999999995,-0.31459,-0.32500000000000007,0.1865042180953207,0.026375679467019214,-0.36759391231937993,-0.26158608768062,-0.36523049999999996,-0.26367975000000005,-11.927275670504372,49,4.2269530405872373e-16,0.0,1.6254154256776267e-09,1e-05,9.999949999874999e-06,-1.6867715015389932,-1.6608211707460858,-2.114835524702605,-1.3732441279296919,10000,-1.0,False,5.917734256822132e-15,2.1130400533809146e-08,0.00016
1,no_emotion,mean_trust,Government trust,0.0,1.0,21,per-seed trapezoidal integration,ablation_minus_full,10000,99999,50,0.6203352440575468,0.6430077625470092,0.02267251848946234,0.021775528645949227,0.008518954769093623,0.0012047621371695158,0.020251458331975582,0.0250935786469491,0.020350873240666017,0.02500682397340225,18.819082862887324,49,4.542109324051132e-24,0.0,1.7763568394002505e-15,1e-05,9.999949999874999e-06,2.6614202216118343,2.6204752951254986,2.233428650413601,3.2370915555890645,10000,1.0,False,6.813163986076697e-23,2.842170943040401e-14,0.00016
2,no_drift,mean_agenda_divergence,Agenda divergence,0.0,1.0,21,per-seed trapezoidal integration,ablation_minus_full,10000,99999,50,0.16155524761904758,0.1269889523809523,-0.03456629523809525,-0.034640714285714316,0.03778438737250551,0.0053435193068156,-0.045304499316193875,-0.023828091159996623,-0.045208953095238105,-0.024541908809523835,-6.468825740744741,49,4.413917800133845e-08,120.0,9.050144811340033e-08,1e-05,9.999949999874999e-06,-0.9148301095189395,-0.9007558001417251,-1.2213951196745005,-0.6647397378422014,10000,-0.8040816326530612,False,5.296701360160614e-07,1.086017377360804e-06,0.00016
2,no_drift,system_stability,Agenda-divergence variance,0.0,1.0,21,per-seed trapezoidal integration,ablation_minus_full,10000,99999,50,1.846732852607576e-05,3.225850231291922e-05,1.3791173786843456e-05,2.0838419501128495e-05,3.823231281917604e-05,5.40686553097695e-06,2.925670705304541e-06,2.465667686838237e-05,2.6501308684763997e-06,2.3646515770970824e-05,2.550678153142745,49,0.013926254847053825,296.0,0.001292570680803351,0.01426,0.00037492202389296896,0.36072036374232286,0.3551708196847487,0.05673443321026785,0.8508184784182388,10000,0.516734693877551,False,0.12533629362348442,0.010340565446426808,0.12834
2,no_drift,storm_time_share,Storm time share,0.0,1.0,21,per-seed trapezoidal integration,ablation_minus_full,10000,99999,50,0.50482,0.5290699999999999,0.024249999999999997,0.0022499999999999742,0.08921347077289919,0.012616690031340977,-0.001104187861518155,0.04960418786151815,0.0004200000000000006,0.049129999999999986,1.9220572067444668,49,0.060423208424771835,379.0,0.11797303074531691,0.05969,0.0007491802446674632,0.2718199369434973,0.26763809175975123,0.005288256559915551,0.5217885587153172,10000,0.26763285024154587,False,0.362539250548631,0.7078381844719015,0.35814
2,no_drift,mean_trust,Government trust,0.0,1.0,21,per-seed trapezoidal integration,ablation_minus_full,10000,99999,50,0.6203352440575468,0.6231688889503701,0.0028336448928232196,0.002921123737175735,0.0048606362503289865,0.0006873977706977559,0.0014522673547711664,0.004215022430875273,0.0015103927824689908,0.004139508623802763,4.122278269751844,49,0.00014435743247282392,267.0,0.0002211422351869885,0.00016,3.9996799871989764e-05,0.5829781836958953,0.5740092885621123,0.31032345295903097,0.9016953424930164,10000,0.5811764705882353,False,0.0015879317572010632,0.002211422351869885,0.0016
3,no_response,mean_agenda_divergence,Agenda divergence,0.0,1.0,21,per-seed trapezoidal integration,ablation_minus_full,10000,99999,50,0.16155524761904758,0.16542352380952377,0.0038682761904761907,0.00019047619047619143,0.015727776606663923,0.0022242434983118413,-0.0006015084650769966,0.008338060846029378,-0.0003012014285714343,0.00838625976190476,1.7391424065809966,49,0.08828917091086914,481.0,0.277433181791892,0.0886,0.0008986102603464975,0.2459518778285029,0.24216800278498748,-0.023015344866261552,0.48335574431277273,10000,0.18197278911564627,False,0.4414458545543457,1.0,0.443
3,no_response,system_stability,Agenda-divergence variance,0.0,1.0,21,per-seed trapezoidal integration,ablation_minus_full,10000,99999,50,1.846732852607576e-05,4.8761904761904984e-08,-1.8418566621313853e-05,-1.790068027210872e-07,3.4554565954154074e-05,4.88675358142803e-06,-2.8238865608504244e-05,-8.59826763412346e-06,-2.8495373011336216e-05,-9.725441514738086e-06,-3.769080293164996,49,0.0004408905603442947,137.0,3.732772356396312e-06,1e-05,9.999949999874999e-06,-0.5330284468267098,-0.524828009183222,-0.6798896956773244,-0.40228676794465623,10000,-0.7670068027210885,False,0.004408905603442947,4.1060495920359435e-05,0.00016
3,no_response,storm_time_share,Storm time share,0.0,1.0,21,per-seed trapezoidal integration,ablation_minus_full,10000,99999,50,0.50482,0.503,-0.0018200000000000015,0.0,0.04228254814401587,0.005979655303696058,-0.013836567224876122,0.010196567224876118,-0.013392750000000004,0.009719999999999993,-0.3043653701702587,49,0.7621384549671386,84.5,0.965134548562552,0.80778,0.0012460797390215442,-0.043043763441148734,-0.04238155169590029,-0.32685945671131394,0.23174666669559127,10000,-0.011695906432748537,False,1.0,1.0,1.0
3,no_response,mean_trust,Government trust,0.0,1.0,21,per-seed trapezoidal integration,ablation_minus_full,10000,99999,50,0.6203352440575468,0.6005520486760784,-0.01978319538146857,-0.018729592044343712,0.004091937536797297,0.0005786873560922293,-0.020946111162311303,-0.018620279600625834,-0.020999998114702535,-0.01873900329668242,-34.18632733754699,49,7.537227496615867e-36,0.0,1.7763568394002505e-15,1e-05,9.999949999874999e-06,-4.8346767768485055,-4.760297134127759,-7.492609733784787,-3.859150897395289,10000,-1.0,False,1.2059563994585387e-34,2.842170943040401e-14,0.00016
4,no_trust,mean_agenda_divergence,Agenda divergence,0.0,1.0,21,per-seed trapezoidal integration,ablation_minus_full,10000,99999,50,0.16155524761904758,0.15952755238095234,-0.0020276952380952422,-0.001811904761904749,0.019116222597978787,0.002703442125940464,-0.007460465589397225,0.003405075113206741,-0.007177562857142861,0.0033475645238095143,-0.7500420366460978,49,0.45681577602957923,478.0,0.36894435814075166,0.45811,0.0015755799817844857,-0.10607196205748495,-0.10444008571813904,-0.40769208569428955,0.16769663327411424,10000,-0.1524822695035461,False,1.0,1.0,1.0
4,no_trust,system_stability,Agenda-divergence variance,0.0,1.0,21,per-seed trapezoidal integration,ablation_minus_full,10000,99999,50,1.846732852607576e-05,8.301541315192055e-06,-1.0165787210883707e-05,-5.158633448696599e-34,3.524243513822207e-05,4.984032974352777e-06,-2.0181576457178638e-05,-1.4999796458877776e-07,-1.986586168253878e-05,-2.5207133106559155e-07,-2.039670937811929,49,0.0467937404323047,359.0,0.02953668383963759,0.04514,0.0006565240315479701,-0.288453030303188,-0.2840152913754466,-0.5740513370987944,-0.006276210749196106,10000,-0.36347517730496454,False,0.3275561830261329,0.20675678687746313,0.31598
4,no_trust,storm_time_share,Storm time share,0.0,1.0,21,per-seed trapezoidal integration,ablation_minus_full,10000,99999,50,0.50482,0.5130000000000001,0.008179999999999986,0.0,0.06834380075793865,0.009665272993600146,-0.011243093268032859,0.02760309326803283,-0.00928100000000002,0.028179999999999972,0.8463289143944892,49,0.4014836582919467,142.0,0.8179934621734672,0.42928,0.0015652433727698705,0.11968898289651848,0.11784761392887974,-0.19563031133412756,0.33499438295796696,10000,-0.05333333333333334,False,1.0,1.0,1.0
4,no_trust,mean_trust,Government trust,0.0,1.0,21,per-seed trapezoidal integration,ablation_minus_full,10000,99999,50,0.6203352440575468,0.6198363647745474,-0.0004988792829994182,-0.00023466682673839445,0.003199771750190792,0.0004525160605618113,-0.0014082443527077093,0.0004104857867088729,-0.0014152256827225285,0.00033563579633773835,-1.1024565235984016,49,0.2756487525374689,560.0,0.46061015880625966,0.28509,0.0014276333279242257,-0.15591089675995534,-0.15351226757903297,-0.39052065954352533,0.12982943764996338,10000,-0.12156862745098039,False,1.0,1.0,1.0
