condition_order,condition_id,condition_label,alpha,metric,metric_label,n,mean,sd,se,mean_t_ci_low,mean_t_ci_high
0,full,Full model,0.0,mean_agenda_divergence,Agenda divergence,50,9.5238095238094e-05,0.0006734350297014649,9.523809523809398e-05,-9.615002258373579e-05,0.00028662621305992377
0,full,Full model,0.0,system_stability,Agenda-divergence variance,50,0.0,0.0,0.0,0.0,0.0
0,full,Full model,0.0,storm_time_share,Storm time share,50,0.02,0.1414213562373095,0.02,-0.020191504742584788,0.06019150474258479
0,full,Full model,0.0,mean_trust,Government trust,50,0.640378701125294,0.005544711599662693,0.0007841406343690398,0.6388029115240392,0.6419544907265489
0,full,Full model,0.05,mean_agenda_divergence,Agenda divergence,50,0.00028571428571428,0.0014935032925237875,0.00021121326117360122,-0.00013873465369349962,0.0007101632251220596
0,full,Full model,0.05,system_stability,Agenda-divergence variance,50,0.0,0.0,0.0,0.0,0.0
0,full,Full model,0.05,storm_time_share,Storm time share,50,0.04,0.19794866372215741,0.027994168488950606,-0.01625638777941879,0.09625638777941879
0,full,Full model,0.05,mean_trust,Government trust,50,0.6399814659180451,0.006179485550402494,0.0008739112273867776,0.6382252755560394,0.6417376562800508
0,full,Full model,0.1,mean_agenda_divergence,Agenda divergence,50,0.00057142857142856,0.00207231921247993,0.0002930701935855448,-1.7518032341623307e-05,0.0011603751751987433
0,full,Full model,0.1,system_stability,Agenda-divergence variance,50,0.0,0.0,0.0,0.0,0.0
0,full,Full model,0.1,storm_time_share,Storm time share,50,0.08,0.27404751561786966,0.03875617133214439,0.0021165578049845146,0.1578834421950155
0,full,Full model,0.1,mean_trust,Government trust,50,0.6395030341010653,0.006326580475144825,0.000894713591139463,0.6377050398239885,0.6413010283781422
0,full,Full model,0.15,mean_agenda_divergence,Agenda divergence,50,0.0013333333333333242,0.0048140968742732045,0.000680816109017509,-3.4817860386942385e-05,0.0027014845270535905
0,full,Full model,0.15,system_stability,Agenda-divergence variance,50,5.416677968589101e-37,3.830169723093126e-36,5.416677968589101e-37,-5.468543944591068e-37,1.630189988176927e-36
0,full,Full model,0.15,storm_time_share,Storm time share,50,0.08,0.27404751561786966,0.03875617133214439,0.0021165578049845146,0.1578834421950155
0,full,Full model,0.15,mean_trust,Government trust,50,0.6391184212351292,0.006416837369002072,0.0009074778434785218,0.6372947762326313,0.6409420662376271
0,full,Full model,0.2,mean_agenda_divergence,Agenda divergence,50,0.002666666666666644,0.008000647851966842,0.0011314624700022678,0.00039290770520900194,0.004940425628124286
0,full,Full model,0.2,system_stability,Agenda-divergence variance,50,5.416677968589101e-37,3.830169723093126e-36,5.416677968589101e-37,-5.468543944591068e-37,1.630189988176927e-36
0,full,Full model,0.2,storm_time_share,Storm time share,50,0.14,0.3505098327538656,0.0495695759225642,0.040386207711017225,0.2396137922889828
0,full,Full model,0.2,mean_trust,Government trust,50,0.6385615195125919,0.00706119123542719,0.0009986032411651163,0.6365547511674294,0.6405682878577543
0,full,Full model,0.25,mean_agenda_divergence,Agenda divergence,50,0.004519428571428548,0.012206752255590604,0.00172629545923846,0.001050307964574291,0.007988549178282806
0,full,Full model,0.25,system_stability,Agenda-divergence variance,50,1.228299319727828e-08,8.685387783063704e-08,1.2282993197278279e-08,-1.240060576979905e-08,3.696659216435561e-08
0,full,Full model,0.25,storm_time_share,Storm time share,50,0.16,0.3703280399090205,0.05237229365663816,0.05475393555595921,0.2652460644440408
0,full,Full model,0.25,mean_trust,Government trust,50,0.637443280801184,0.006717455259186666,0.0009499916332176257,0.6355342011395898,0.6393523604627781
0,full,Full model,0.3,mean_agenda_divergence,Agenda divergence,50,0.007333333333333316,0.01638905262242208,0.0023177620493075647,0.0026756161134869148,0.011991050553179717
0,full,Full model,0.3,system_stability,Agenda-divergence variance,50,5.89816045468591e-36,1.5198599824209833e-35,2.1494066000478883e-36,1.578766176707523e-36,1.0217554732664296e-35
0,full,Full model,0.3,storm_time_share,Storm time share,50,0.22,0.41845195759648035,0.05917804336345138,0.10107726947504779,0.3389227305249522
0,full,Full model,0.3,mean_trust,Government trust,50,0.6365163916730335,0.006836193326859542,0.0009667837317849213,0.6345735670259791,0.638459216320088
0,full,Full model,0.35,mean_agenda_divergence,Agenda divergence,50,0.013999999999999957,0.023415792101227097,0.0033114930763264152,0.007345305515889467,0.020654694484110447
0,full,Full model,0.35,system_stability,Agenda-divergence variance,50,1.59491073519568e-35,4.7070075557514074e-35,6.656713923536273e-36,2.5719398905648847e-36,2.9326274813348713e-35
0,full,Full model,0.35,storm_time_share,Storm time share,50,0.36,0.48487322138506117,0.06857142857142857,0.22220055516828072,0.49779944483171923
0,full,Full model,0.35,mean_trust,Government trust,50,0.6348641463738341,0.007259976708794201,0.0010267157524089545,0.6328008838222225,0.6369274089254457
0,full,Full model,0.4,mean_agenda_divergence,Agenda divergence,50,0.02161904761904757,0.03327372151251111,0.0047056148233618625,0.012162760594551292,0.031075334643543846
0,full,Full model,0.4,system_stability,Agenda-divergence variance,50,5.392603844284261e-35,1.5704278397250847e-34,2.220920349667496e-35,9.294973059560496e-36,9.855710382612471e-35
0,full,Full model,0.4,storm_time_share,Storm time share,50,0.42,0.4985693819032899,0.07050835816716038,0.27830814941663534,0.5616918505833646
0,full,Full model,0.4,mean_trust,Government trust,50,0.633874843683825,0.008431199031276078,0.001192351601709753,0.6314787234310777,0.6362709639365722
0,full,Full model,0.45,mean_agenda_divergence,Agenda divergence,50,0.0331428571428571,0.04846632046625936,0.006854172772170469,0.019368881268897853,0.046916833016816345
0,full,Full model,0.45,system_stability,Agenda-divergence variance,50,2.0769950744001095e-34,6.287751529845606e-34,8.892223490339832e-35,2.9003586147952347e-35,3.863954287320696e-34
0,full,Full model,0.45,storm_time_share,Storm time share,50,0.46,0.5034574339058886,0.07119963311072637,0.31691898040799726,0.6030810195920028
0,full,Full model,0.45,mean_trust,Government trust,50,0.6318396700321678,0.010093658277256343,0.001427458842965537,0.6289710840893231,0.6347082559750125
0,full,Full model,0.5,mean_agenda_divergence,Agenda divergence,50,0.06318095238095232,0.08197854384632518,0.01159351685310705,0.03988290800170789,0.08647899676019676
0,full,Full model,0.5,system_stability,Agenda-divergence variance,50,5.417279821696722e-34,1.5119292496793672e-33,2.1381908502451387e-34,1.1204244367877781e-34,9.714135206605666e-34
0,full,Full model,0.5,storm_time_share,Storm time share,50,0.6,0.4948716593053935,0.06998542122237651,0.459359030551453,0.740640969448547
0,full,Full model,0.5,mean_trust,Government trust,50,0.6300793384516044,0.013991789567771067,0.001978737856861223,0.6261029158536858,0.6340557610495229
0,full,Full model,0.55,mean_agenda_divergence,Agenda divergence,50,0.13684019047619042,0.12477820886635159,0.01764630352674172,0.10137861588198391,0.17230176507039693
0,full,Full model,0.55,system_stability,Agenda-divergence variance,50,8.94862240362776e-05,0.0003806975333166346,5.383876147783678e-05,-1.87068178272908e-05,0.000197679265899846
0,full,Full model,0.55,storm_time_share,Storm time share,50,0.7764,0.410265021364364,0.05802023573807711,0.6598039710083593,0.8929960289916407
0,full,Full model,0.55,mean_trust,Government trust,50,0.6202380751722057,0.019470048152322356,0.0027534806157071498,0.6147047487109653,0.6257714016334462
0,full,Full model,0.6,mean_agenda_divergence,Agenda divergence,50,0.263887619047619,0.20356817253688722,0.028788887046917212,0.20603418453362343,0.32174105356161453
0,full,Full model,0.6,system_stability,Agenda-divergence variance,50,3.4496449886613284e-05,0.00010618692877776207,1.5017099482425702e-05,4.318458633224279e-06,6.467444114000229e-05
0,full,Full model,0.6,storm_time_share,Storm time share,50,0.8,0.4040610178208843,0.05714285714285715,0.6851671293069006,0.9148328706930995
0,full,Full model,0.6,mean_trust,Government trust,50,0.6071326370687872,0.028103845725657856,0.003974483978006648,0.5991456124862181,0.6151196616513562
0,full,Full model,0.65,mean_agenda_divergence,Agenda divergence,50,0.3472958095238095,0.2836254546905472,0.04011069646576076,0.2666903471622094,0.4279012718854096
0,full,Full model,0.65,system_stability,Agenda-divergence variance,50,0.0001032807673469281,0.0003376925184708305,4.775693395333754e-05,7.3096154730843975e-06,0.00019925191922077183
0,full,Full model,0.65,storm_time_share,Storm time share,50,0.78,0.41845195759648024,0.05917804336345136,0.6610772694750479,0.8989227305249522
0,full,Full model,0.65,mean_trust,Government trust,50,0.6000621271879926,0.03557559092071054,0.005031148316950599,0.5899516561159242,0.610172598260061
0,full,Full model,0.7,mean_agenda_divergence,Agenda divergence,50,0.39971428571428563,0.3386111959685667,0.04788685457101209,0.3034820485843706,0.49594652284420065
0,full,Full model,0.7,system_stability,Agenda-divergence variance,50,0.000142070846258499,0.0005099081462569727,7.211190160011344e-05,-2.843445499389318e-06,0.00028698513801638734
0,full,Full model,0.7,storm_time_share,Storm time share,50,0.76,0.4314191105869001,0.06101187572589322,0.6373920453704385,0.8826079546295615
0,full,Full model,0.7,mean_trust,Government trust,50,0.5968664758632811,0.04085625114505895,0.005777946447706366,0.5852552577605116,0.6084776939660507
0,full,Full model,0.75,mean_agenda_divergence,Agenda divergence,50,0.400742857142857,0.3222573149477689,0.045574066537307265,0.309158341574204,0.49232737271151
0,full,Full model,0.75,system_stability,Agenda-divergence variance,50,1.56696067687776e-32,2.0660285207927416e-32,2.921805554354719e-33,9.798018679039686e-33,2.1541194858515512e-32
0,full,Full model,0.75,storm_time_share,Storm time share,50,0.8,0.4040610178208843,0.05714285714285715,0.6851671293069006,0.9148328706930995
0,full,Full model,0.75,mean_trust,Government trust,50,0.5966118822990236,0.039026321942497805,0.00551915537806191,0.5855207243214018,0.6077030402766455
0,full,Full model,0.8,mean_agenda_divergence,Agenda divergence,50,0.3411999999999999,0.30313296508430343,0.04286947504245918,0.255050564525944,0.4273494354740558
0,full,Full model,0.8,system_stability,Agenda-divergence variance,50,1.0184317545919704e-32,1.670872709649123e-32,2.362970846984872e-33,5.4357498457606e-33,1.4932885246078807e-32
0,full,Full model,0.8,storm_time_share,Storm time share,50,0.8,0.4040610178208843,0.05714285714285715,0.6851671293069006,0.9148328706930995
0,full,Full model,0.8,mean_trust,Government trust,50,0.6023667320115931,0.03806334714550543,0.005382970176248902,0.5915492484431981,0.613184215579988
0,full,Full model,0.85,mean_agenda_divergence,Agenda divergence,50,0.3398666666666666,0.3053170363165037,0.043178349358235835,0.2530965250162407,0.4266368083170925
0,full,Full model,0.85,system_stability,Agenda-divergence variance,50,1.0338391941470682e-32,1.669407825444305e-32,2.3608991878751126e-33,5.593987396158324e-33,1.508279648678304e-32
0,full,Full model,0.85,storm_time_share,Storm time share,50,0.8,0.4040610178208843,0.05714285714285715,0.6851671293069006,0.9148328706930995
0,full,Full model,0.85,mean_trust,Government trust,50,0.6005313823678583,0.037338269309156485,0.005280428685254819,0.5899199636405433,0.6111428010951733
0,full,Full model,0.9,mean_agenda_divergence,Agenda divergence,50,0.32857142857142846,0.30984135613650965,0.043818184803232414,0.24051548945489987,0.41662736768795705
0,full,Full model,0.9,system_stability,Agenda-divergence variance,50,1.0107280348144213e-32,1.6745907921427866e-32,2.3682290096734333e-33,5.34814597445338e-33,1.4866414721835046e-32
0,full,Full model,0.9,storm_time_share,Storm time share,50,0.78,0.41845195759648024,0.05917804336345136,0.6610772694750479,0.8989227305249522
0,full,Full model,0.9,mean_trust,Government trust,50,0.601483695639699,0.03860453680252419,0.005459505951526098,0.5905124076725524,0.6124549836068455
0,full,Full model,0.95,mean_agenda_divergence,Agenda divergence,50,0.3342857142857142,0.3143254679337222,0.04445233397511393,0.24495540469672647,0.4236160238747019
0,full,Full model,0.95,system_stability,Agenda-divergence variance,50,1.0846837446788912e-32,1.7638631133235244e-32,2.4944791370317597e-33,5.833993943474374e-33,1.585968095010345e-32
0,full,Full model,0.95,storm_time_share,Storm time share,50,0.78,0.41845195759648024,0.05917804336345136,0.6610772694750479,0.8989227305249522
0,full,Full model,0.95,mean_trust,Government trust,50,0.6006131211689265,0.0385762913915676,0.005455511447201138,0.589649860458756,0.611576381879097
0,full,Full model,1.0,mean_agenda_divergence,Agenda divergence,50,0.37999999999999984,0.2607297611126557,0.03687275642798149,0.30590142175763024,0.45409857824236943
0,full,Full model,1.0,system_stability,Agenda-divergence variance,50,1.6254848730628272e-32,1.9457476016553008e-32,2.751702647215849e-33,1.0725095230840327e-32,2.1784602230416216e-32
0,full,Full model,1.0,storm_time_share,Storm time share,50,0.9,0.30304576336566325,0.04285714285714286,0.8138753469801755,0.9861246530198245
0,full,Full model,1.0,mean_trust,Government trust,50,0.5976545800528863,0.03216411730747172,0.00454869309179857,0.5885136390543071,0.6067955210514655
1,no_emotion,No emotion advantage,0.0,mean_agenda_divergence,Agenda divergence,50,9.5238095238094e-05,0.0006734350297014649,9.523809523809398e-05,-9.615002258373579e-05,0.00028662621305992377
1,no_emotion,No emotion advantage,0.0,system_stability,Agenda-divergence variance,50,0.0,0.0,0.0,0.0,0.0
1,no_emotion,No emotion advantage,0.0,storm_time_share,Storm time share,50,0.02,0.1414213562373095,0.02,-0.020191504742584788,0.06019150474258479
1,no_emotion,No emotion advantage,0.0,mean_trust,Government trust,50,0.6414735295206768,0.00545931923490182,0.0007720643303322462,0.6399220081609703,0.6430250508803833
1,no_emotion,No emotion advantage,0.05,mean_agenda_divergence,Agenda divergence,50,0.00028571428571428,0.0014935032925237875,0.00021121326117360122,-0.00013873465369349962,0.0007101632251220596
1,no_emotion,No emotion advantage,0.05,system_stability,Agenda-divergence variance,50,0.0,0.0,0.0,0.0,0.0
1,no_emotion,No emotion advantage,0.05,storm_time_share,Storm time share,50,0.04,0.19794866372215741,0.027994168488950606,-0.01625638777941879,0.09625638777941879
1,no_emotion,No emotion advantage,0.05,mean_trust,Government trust,50,0.6416019582517885,0.00609038593629868,0.0008613106391199954,0.639871089719937,0.6433328267836399
1,no_emotion,No emotion advantage,0.1,mean_agenda_divergence,Agenda divergence,50,0.00038095238095237196,0.0018852253687824067,0.00026661112846618993,-0.0001548227407563657,0.0009167275026611096
1,no_emotion,No emotion advantage,0.1,system_stability,Agenda-divergence variance,50,0.0,0.0,0.0,0.0,0.0
1,no_emotion,No emotion advantage,0.1,storm_time_share,Storm time share,50,0.04,0.19794866372215741,0.027994168488950606,-0.01625638777941879,0.09625638777941879
1,no_emotion,No emotion advantage,0.1,mean_trust,Government trust,50,0.6415976870921658,0.006251591388344309,0.0008841085327811368,0.6398210044777541,0.6433743697065775
1,no_emotion,No emotion advantage,0.15,mean_agenda_divergence,Agenda divergence,50,0.00038095238095237196,0.0018852253687824067,0.00026661112846618993,-0.0001548227407563657,0.0009167275026611096
1,no_emotion,No emotion advantage,0.15,system_stability,Agenda-divergence variance,50,0.0,0.0,0.0,0.0,0.0
1,no_emotion,No emotion advantage,0.15,storm_time_share,Storm time share,50,0.04,0.19794866372215741,0.027994168488950606,-0.01625638777941879,0.09625638777941879
1,no_emotion,No emotion advantage,0.15,mean_trust,Government trust,50,0.641693097291353,0.006399197264761953,0.0009049831560127168,0.6398744655510108,0.6435117290316953
1,no_emotion,No emotion advantage,0.2,mean_agenda_divergence,Agenda divergence,50,0.0005714285714285579,0.002284742261734186,0.0003231113493071466,-7.788799497449961e-05,0.0012207451378316156
1,no_emotion,No emotion advantage,0.2,system_stability,Agenda-divergence variance,50,0.0,0.0,0.0,0.0,0.0
1,no_emotion,No emotion advantage,0.2,storm_time_share,Storm time share,50,0.06,0.23989793748209523,0.033926691677251195,-0.008178239472322657,0.12817823947232265
1,no_emotion,No emotion advantage,0.2,mean_trust,Government trust,50,0.6419078430655347,0.006950785818588487,0.0009829895573798414,0.6399324515926675,0.6438832345384019
1,no_emotion,No emotion advantage,0.25,mean_agenda_divergence,Agenda divergence,50,0.000761904761904752,0.0027816392245252597,0.0003933831916952601,-2.8628358828907395e-05,0.0015524378826384114
1,no_emotion,No emotion advantage,0.25,system_stability,Agenda-divergence variance,50,5.416677968589101e-37,3.830169723093126e-36,5.416677968589101e-37,-5.468543944591068e-37,1.630189988176927e-36
1,no_emotion,No emotion advantage,0.25,storm_time_share,Storm time share,50,0.08,0.27404751561786966,0.03875617133214439,0.0021165578049845146,0.1578834421950155
1,no_emotion,No emotion advantage,0.25,mean_trust,Government trust,50,0.6414101924140038,0.00626192587631284,0.0008855700500856646,0.6396305727706083,0.6431898120573992
1,no_emotion,No emotion advantage,0.3,mean_agenda_divergence,Agenda divergence,50,0.001619047619047612,0.006130757778526275,0.0008670200798016206,-0.00012329446341554176,0.0033613897015107655
1,no_emotion,No emotion advantage,0.3,system_stability,Agenda-divergence variance,50,2.0463005659114382e-36,8.542697746538631e-36,1.208119901240901e-36,-3.815072711052983e-37,4.474108402928175e-36
1,no_emotion,No emotion advantage,0.3,storm_time_share,Storm time share,50,0.1,0.30304576336566325,0.04285714285714286,0.013875346980175465,0.18612465301982456
1,no_emotion,No emotion advantage,0.3,mean_trust,Government trust,50,0.6419205019437766,0.006974786637068373,0.0009863837856800724,0.6399382895137681,0.6439027143737851
1,no_emotion,No emotion advantage,0.35,mean_agenda_divergence,Agenda divergence,50,0.0030476190476190356,0.009799696928092006,0.0013858864302853673,0.0002625759958441239,0.005832662099393947
1,no_emotion,No emotion advantage,0.35,system_stability,Agenda-divergence variance,50,2.8888949165808547e-36,1.1550665534837609e-35,1.6335107853802826e-36,-3.937679073028965e-37,6.171557740464605e-36
1,no_emotion,No emotion advantage,0.35,storm_time_share,Storm time share,50,0.12,0.3282607226593159,0.04642307659791976,0.026709334837466556,0.21329066516253342
1,no_emotion,No emotion advantage,0.35,mean_trust,Government trust,50,0.6416778703118469,0.008037731567106752,0.0011367068992916719,0.6393935722751564,0.6439621683485374
1,no_emotion,No emotion advantage,0.4,mean_agenda_divergence,Agenda divergence,50,0.004857142857142836,0.013243135143985046,0.0018728621328963422,0.0010934854923172962,0.008620800221968376
1,no_emotion,No emotion advantage,0.4,system_stability,Agenda-divergence variance,50,2.8888949165808547e-36,1.1550665534837609e-35,1.6335107853802826e-36,-3.937679073028965e-37,6.171557740464605e-36
1,no_emotion,No emotion advantage,0.4,storm_time_share,Storm time share,50,0.16,0.3703280399090205,0.05237229365663816,0.05475393555595921,0.2652460644440408
1,no_emotion,No emotion advantage,0.4,mean_trust,Government trust,50,0.6410640910393022,0.00870810800362284,0.0012315124441333119,0.6385892741273553,0.643538907951249
1,no_emotion,No emotion advantage,0.45,mean_agenda_divergence,Agenda divergence,50,0.007238095238095226,0.017797665769543204,0.0025169700309871385,0.0021800545912270585,0.012296135884963394
1,no_emotion,No emotion advantage,0.45,system_stability,Agenda-divergence variance,50,9.750020343460383e-36,3.043802867911066e-35,4.304587296989952e-36,1.0996283053682901e-36,1.8400412381552478e-35
1,no_emotion,No emotion advantage,0.45,storm_time_share,Storm time share,50,0.2,0.4040610178208843,0.05714285714285715,0.08516712930690061,0.3148328706930994
1,no_emotion,No emotion advantage,0.45,mean_trust,Government trust,50,0.6422836703189333,0.010363901204542685,0.001465676964255912,0.6393382821859339,0.6452290584519327
1,no_emotion,No emotion advantage,0.5,mean_agenda_divergence,Agenda divergence,50,0.01373352380952379,0.03488132095925623,0.004932963717406906,0.003820362077365873,0.023646685541681707
1,no_emotion,No emotion advantage,0.5,system_stability,Agenda-divergence variance,50,2.9440707482989523e-06,1.9428972875358183e-05,2.747671694331053e-06,-2.577582248389672e-06,8.465723744987577e-06
1,no_emotion,No emotion advantage,0.5,storm_time_share,Storm time share,50,0.20199999999999999,0.40329763152272136,0.057034898017237955,0.08738408129236705,0.31661591870763295
1,no_emotion,No emotion advantage,0.5,mean_trust,Government trust,50,0.6440107505567001,0.013731719149391598,0.0019419583455767937,0.6401082391538925,0.6479132619595077
1,no_emotion,No emotion advantage,0.55,mean_agenda_divergence,Agenda divergence,50,0.026169142857142832,0.06013942326144212,0.008504998800962744,0.009077707874914232,0.04326057783937143
1,no_emotion,No emotion advantage,0.55,system_stability,Agenda-divergence variance,50,1.1150222222222232e-06,7.884397745070276e-06,1.1150222222222232e-06,-1.1256988244043723e-06,3.3557432688488187e-06
1,no_emotion,No emotion advantage,0.55,storm_time_share,Storm time share,50,0.2396,0.43070876565996025,0.06091141778292909,0.11719392316499212,0.3620060768350079
1,no_emotion,No emotion advantage,0.55,mean_trust,Government trust,50,0.644501192151272,0.016623488411792692,0.0023509162765909205,0.6397768490172708,0.6492255352852732
1,no_emotion,No emotion advantage,0.6,mean_agenda_divergence,Agenda divergence,50,0.0410645714285714,0.10932867263001146,0.01546140915896104,0.009993706451600078,0.07213543640554272
1,no_emotion,No emotion advantage,0.6,system_stability,Agenda-divergence variance,50,2.4976535147390664e-05,0.00012035771535808733,1.7021151339564766e-05,-9.228749092027873e-06,5.9181819386809205e-05
1,no_emotion,No emotion advantage,0.6,storm_time_share,Storm time share,50,0.26,0.4430874976934521,0.06266203485560375,0.13407592644604946,0.38592407355395053
1,no_emotion,No emotion advantage,0.6,mean_trust,Government trust,50,0.6455803081566843,0.022171017227060417,0.003135455325411637,0.6392793747776121,0.6518812415357566
1,no_emotion,No emotion advantage,0.65,mean_agenda_divergence,Agenda divergence,50,0.031239809523809493,0.09135527193523871,0.012919586456509676,0.005276928506857351,0.05720269054076163
1,no_emotion,No emotion advantage,0.65,system_stability,Agenda-divergence variance,50,8.117328435373789e-05,0.00036964943349034773,5.2276324216558114e-05,-2.3879922279996873e-05,0.00018622649098747266
1,no_emotion,No emotion advantage,0.65,storm_time_share,Storm time share,50,0.233,0.4215629325764411,0.05961800166433776,0.11319314016821708,0.35280685983178295
1,no_emotion,No emotion advantage,0.65,mean_trust,Government trust,50,0.6482191105922142,0.020876627606126033,0.0029524009897195997,0.6422860386731978,0.6541521825112305
1,no_emotion,No emotion advantage,0.7,mean_agenda_divergence,Agenda divergence,50,0.058533333333333305,0.14664473098366632,0.02073869674076549,0.016857361912758113,0.10020930475390849
1,no_emotion,No emotion advantage,0.7,system_stability,Agenda-divergence variance,50,1.4822438334490264e-33,7.188856797341841e-33,1.0166578780758844e-33,-5.608066629646281e-34,3.525294329862681e-33
1,no_emotion,No emotion advantage,0.7,storm_time_share,Storm time share,50,0.24,0.4314191105869,0.061011875725893214,0.11739204537043846,0.3626079546295615
1,no_emotion,No emotion advantage,0.7,mean_trust,Government trust,50,0.6489921837623087,0.030002582647698593,0.004243005928659503,0.640465544117082,0.6575188234075354
1,no_emotion,No emotion advantage,0.75,mean_agenda_divergence,Agenda divergence,50,0.07066666666666664,0.16959389691248197,0.023984198910933657,0.0224686144528723,0.11886471888046099
1,no_emotion,No emotion advantage,0.75,system_stability,Agenda-divergence variance,50,2.5899544780254974e-33,9.940710108116803e-33,1.4058287054518099e-33,-2.351640760959148e-34,5.41507303214691e-33
1,no_emotion,No emotion advantage,0.75,storm_time_share,Storm time share,50,0.24,0.4314191105869,0.061011875725893214,0.11739204537043846,0.3626079546295615
1,no_emotion,No emotion advantage,0.75,mean_trust,Government trust,50,0.6472773827616759,0.028737223357766763,0.004064057101749865,0.6391103542477201,0.6554444112756317
1,no_emotion,No emotion advantage,0.8,mean_agenda_divergence,Agenda divergence,50,0.08980952380952376,0.16983998316240287,0.024019000762148822,0.04154153465732116,0.13807751296172635
1,no_emotion,No emotion advantage,0.8,system_stability,Agenda-divergence variance,50,2.881191196803305e-33,1.0009162134217742e-32,1.4155092838201962e-33,3.6618792111694525e-35,5.725763601494915e-33
1,no_emotion,No emotion advantage,0.8,storm_time_share,Storm time share,50,0.34,0.4785181206984064,0.06767268161329719,0.20400665479978683,0.4759933452002132
1,no_emotion,No emotion advantage,0.8,mean_trust,Government trust,50,0.6400186455635166,0.03028264137877273,0.004282612214234108,0.6314124141075645,0.6486248770194687
1,no_emotion,No emotion advantage,0.85,mean_agenda_divergence,Agenda divergence,50,0.09999999999999995,0.19198865022680378,0.02715129529724503,0.04543742931467277,0.15456257068532714
1,no_emotion,No emotion advantage,0.85,system_stability,Agenda-divergence variance,50,3.867267328329569e-33,1.1958366257542435e-32,1.6911683745241302e-33,4.6873724106977e-34,7.265797415589368e-33
1,no_emotion,No emotion advantage,0.85,storm_time_share,Storm time share,50,0.34,0.4785181206984064,0.06767268161329719,0.20400665479978683,0.4759933452002132
1,no_emotion,No emotion advantage,0.85,mean_trust,Government trust,50,0.6410175537088866,0.03302266705229473,0.004670110361108636,0.631632615572542,0.6504024918452311
1,no_emotion,No emotion advantage,0.9,mean_agenda_divergence,Agenda divergence,50,0.1028571428571428,0.19153254214938878,0.02708679187434621,0.04842419665318316,0.15729008906110242
1,no_emotion,No emotion advantage,0.9,system_stability,Agenda-divergence variance,50,3.8826747678846675e-33,1.1953777294476285e-32,1.6905193971435926e-33,4.854488494982538e-34,7.27990068627108e-33
1,no_emotion,No emotion advantage,0.9,storm_time_share,Storm time share,50,0.36,0.4848732213850611,0.06857142857142856,0.22220055516828074,0.49779944483171923
1,no_emotion,No emotion advantage,0.9,mean_trust,Government trust,50,0.6405429669393673,0.03317787990185685,0.004692060772799168,0.6311139177992446,0.64997201607949
1,no_emotion,No emotion advantage,0.95,mean_agenda_divergence,Agenda divergence,50,0.09714285714285709,0.19240038774518645,0.02720952377550849,0.04246327194951594,0.15182244233619824
1,no_emotion,No emotion advantage,0.95,system_stability,Agenda-divergence variance,50,3.851859888774472e-33,1.196293321160742e-32,1.691814239361874e-33,4.520318875302104e-34,7.251687890018734e-33
1,no_emotion,No emotion advantage,0.95,storm_time_share,Storm time share,50,0.32,0.4712120714991612,0.06663945022680344,0.18608301100830935,0.45391698899169064
1,no_emotion,No emotion advantage,0.95,mean_trust,Government trust,50,0.6415740552996411,0.03272533755216575,0.004628061619951035,0.6322736172722793,0.6508744933270029
1,no_emotion,No emotion advantage,1.0,mean_agenda_divergence,Agenda divergence,50,0.06857142857142852,0.11267080605585518,0.015934058200769905,0.036550739784185236,0.1005921173586718
1,no_emotion,No emotion advantage,1.0,system_stability,Agenda-divergence variance,50,9.706686919711669e-34,2.9192515852437856e-33,4.128445183830919e-34,1.4102657104395833e-34,1.8003108128983754e-33
1,no_emotion,No emotion advantage,1.0,storm_time_share,Storm time share,50,0.36,0.4848732213850611,0.06857142857142856,0.22220055516828074,0.49779944483171923
1,no_emotion,No emotion advantage,1.0,mean_trust,Government trust,50,0.6450548499177491,0.024127595824889957,0.0034121573243015837,0.6381978630536435,0.6519118367818547
2,no_drift,No preference drift,0.0,mean_agenda_divergence,Agenda divergence,50,9.5238095238094e-05,0.0006734350297014649,9.523809523809398e-05,-9.615002258373579e-05,0.00028662621305992377
2,no_drift,No preference drift,0.0,system_stability,Agenda-divergence variance,50,0.0,0.0,0.0,0.0,0.0
2,no_drift,No preference drift,0.0,storm_time_share,Storm time share,50,0.02,0.1414213562373095,0.02,-0.020191504742584788,0.06019150474258479
2,no_drift,No preference drift,0.0,mean_trust,Government trust,50,0.6403976715600334,0.005595610467492603,0.0007913388212884893,0.6388074166605929,0.6419879264594738
2,no_drift,No preference drift,0.05,mean_agenda_divergence,Agenda divergence,50,0.000229714285714282,0.001314476739966146,0.0001858950833084096,-0.00014385587040637488,0.0006032844418349388
2,no_drift,No preference drift,0.05,system_stability,Agenda-divergence variance,50,1.8292970521541278e-08,9.878705615850765e-08,1.3970599460627408e-08,-9.782000202386669e-09,4.636794124546923e-08
2,no_drift,No preference drift,0.05,storm_time_share,Storm time share,50,0.04,0.19794866372215741,0.027994168488950606,-0.01625638777941879,0.09625638777941879
2,no_drift,No preference drift,0.05,mean_trust,Government trust,50,0.6396321666207933,0.005995058316679014,0.0008478292778665078,0.6379283898986795,0.641335943342907
2,no_drift,No preference drift,0.1,mean_agenda_divergence,Agenda divergence,50,0.000611999999999992,0.0023591827397623625,0.0003336388226688449,-5.8472316180272236e-05,0.0012824723161802562
2,no_drift,No preference drift,0.1,system_stability,Agenda-divergence variance,50,5.7830385487528913e-08,2.2040002757035168e-07,3.116927081373954e-08,-4.8066092991371985e-09,1.2046738027419504e-07
2,no_drift,No preference drift,0.1,storm_time_share,Storm time share,50,0.07919999999999999,0.27135216969834614,0.03837499185667667,0.002082566639786343,0.15631743336021364
2,no_drift,No preference drift,0.1,mean_trust,Government trust,50,0.6395263561378771,0.00636390059518552,0.0008999914531305574,0.637717755600038,0.6413349566757163
2,no_drift,No preference drift,0.15,mean_agenda_divergence,Agenda divergence,50,0.001162666666666658,0.003838502434468839,0.0005428462202027974,7.177634497791013e-05,0.0022535569883554056
2,no_drift,No preference drift,0.15,system_stability,Agenda-divergence variance,50,2.5014784580499043e-07,8.695351570119725e-07,1.2297084120065501e-07,3.0286884392020944e-09,4.972670031707787e-07
2,no_drift,No preference drift,0.15,storm_time_share,Storm time share,50,0.0944,0.28830369475288253,0.04077229952017994,0.012464996523430028,0.17633500347656997
2,no_drift,No preference drift,0.15,mean_trust,Government trust,50,0.6387807361463177,0.006258128022358445,0.0008850329524286428,0.6370021958410738,0.6405592764515616
2,no_drift,No preference drift,0.2,mean_agenda_divergence,Agenda divergence,50,0.001968380952380941,0.006219554473293672,0.0008795778288050162,0.0002008031284864791,0.003735958776275403
2,no_drift,No preference drift,0.2,system_stability,Agenda-divergence variance,50,4.664344671201829e-07,1.7672290751785521e-06,2.4992393259375705e-07,-3.580647898618848e-08,9.686754132265542e-07
2,no_drift,No preference drift,0.2,storm_time_share,Storm time share,50,0.10060000000000001,0.30287338231393945,0.042832764495018466,0.01452433713302241,0.18667566286697762
2,no_drift,No preference drift,0.2,mean_trust,Government trust,50,0.6383921914281104,0.006597591324503921,0.0009330403130108516,0.6365171767198405,0.6402672061363803
2,no_drift,No preference drift,0.25,mean_agenda_divergence,Agenda divergence,50,0.00340552380952379,0.009824922121422934,0.0013894538113375754,0.0006133118371249567,0.006197735781922623
2,no_drift,No preference drift,0.25,system_stability,Agenda-divergence variance,50,1.3647111111111036e-06,3.781647915483715e-06,5.348057770197013e-07,2.8997866493865044e-07,2.439443557283557e-06
2,no_drift,No preference drift,0.25,storm_time_share,Storm time share,50,0.14340000000000003,0.33776945403874625,0.04776781428569507,0.04740698327967889,0.23939301672032115
2,no_drift,No preference drift,0.25,mean_trust,Government trust,50,0.637686803618548,0.006826429989711305,0.0009654029874040155,0.6357467536812104,0.6396268535558857
2,no_drift,No preference drift,0.3,mean_agenda_divergence,Agenda divergence,50,0.005567428571428544,0.013638347567579532,0.0019287536098429084,0.0016914530785646057,0.009443404064292484
2,no_drift,No preference drift,0.3,system_stability,Agenda-divergence variance,50,2.923024036281169e-06,9.822505702524161e-06,1.3891120780996735e-06,1.3149880253492717e-07,5.71454927002741e-06
2,no_drift,No preference drift,0.3,storm_time_share,Storm time share,50,0.21380000000000002,0.3960513778255935,0.056010122991750524,0.1012434438072151,0.3263565561927849
2,no_drift,No preference drift,0.3,mean_trust,Government trust,50,0.6373035727140922,0.007377217009210602,0.0010432960346995115,0.635206990837765,0.6394001545904194
2,no_drift,No preference drift,0.35,mean_agenda_divergence,Agenda divergence,50,0.009884952380952345,0.019782713770747237,0.0027976982115135735,0.004262767334133907,0.015507137427770783
2,no_drift,No preference drift,0.35,system_stability,Agenda-divergence variance,50,6.432536961450301e-06,1.9163033674372596e-05,2.710062211851005e-06,9.864630494348268e-07,1.1878610873465775e-05
2,no_drift,No preference drift,0.35,storm_time_share,Storm time share,50,0.2972,0.43731107874353775,0.061845125853511956,0.17291756654764107,0.421482433452359
2,no_drift,No preference drift,0.35,mean_trust,Government trust,50,0.6362648745280909,0.008157432680728813,0.00115363519312322,0.6339465578113097,0.6385831912448721
2,no_drift,No preference drift,0.4,mean_agenda_divergence,Agenda divergence,50,0.016417714285714237,0.026941214004249443,0.003810063023160552,0.008761105982469024,0.02407432258895945
2,no_drift,No preference drift,0.4,system_stability,Agenda-divergence variance,50,1.1374615873014105e-05,2.9849700238996716e-05,4.221385091076057e-06,2.8914249276011014e-06,1.9857806818427108e-05
2,no_drift,No preference drift,0.4,storm_time_share,Storm time share,50,0.43879999999999997,0.4789940138520757,0.06773998306851316,0.30267140746196197,0.574928592538038
2,no_drift,No preference drift,0.4,mean_trust,Government trust,50,0.6340640919623467,0.007893292802808097,0.0011162801733513152,0.6318208429682816,0.6363073409564118
2,no_drift,No preference drift,0.45,mean_agenda_divergence,Agenda divergence,50,0.02762228571428566,0.03748535763546389,0.005301230115847888,0.016969064947153972,0.038275506481417344
2,no_drift,No preference drift,0.45,system_stability,Agenda-divergence variance,50,2.2962058956914683e-05,4.410864030406687e-05,6.237903733584788e-06,1.0426522082306665e-05,3.54975958315227e-05
2,no_drift,No preference drift,0.45,storm_time_share,Storm time share,50,0.5232,0.46102565336565005,0.06519887315916197,0.3921779590106179,0.6542220409893821
2,no_drift,No preference drift,0.45,mean_trust,Government trust,50,0.6324326432320877,0.008849927908354371,0.001251568807401891,0.6299175215491695,0.6349477649150059
2,no_drift,No preference drift,0.5,mean_agenda_divergence,Agenda divergence,50,0.051809142857142776,0.05486008404273875,0.0077583874886168955,0.03621807947996496,0.0674002062343206
2,no_drift,No preference drift,0.5,system_stability,Agenda-divergence variance,50,3.6111074829928326e-05,3.565002144042191e-05,5.041674381993629e-06,2.597945083820507e-05,4.624269882165158e-05
2,no_drift,No preference drift,0.5,storm_time_share,Storm time share,50,0.6920000000000001,0.4264901845893061,0.06031482032652014,0.5707928306399259,0.8132071693600742
2,no_drift,No preference drift,0.5,mean_trust,Government trust,50,0.6292082121756581,0.009832680069922113,0.0013905509509359484,0.6264137954186908,0.6320026289326255
2,no_drift,No preference drift,0.55,mean_agenda_divergence,Agenda divergence,50,0.10049009523809517,0.08336198029804377,0.011789164312377224,0.07679888256949415,0.1241813079066962
2,no_drift,No preference drift,0.55,system_stability,Agenda-divergence variance,50,8.30578666666519e-05,6.814846063906793e-05,9.63764772906189e-06,6.369028844615427e-05,0.00010242544488714952
2,no_drift,No preference drift,0.55,storm_time_share,Storm time share,50,0.8762000000000001,0.32256554467618653,0.04561765680353275,0.7845278865117605,0.9678721134882396
2,no_drift,No preference drift,0.55,mean_trust,Government trust,50,0.6238570551362558,0.012551457846191836,0.001775044191363869,0.6202899702844809,0.6274241399880307
2,no_drift,No preference drift,0.6,mean_agenda_divergence,Agenda divergence,50,0.15223657142857133,0.10205298295466848,0.014432471257512246,0.12323343457889523,0.18123970827824742
2,no_drift,No preference drift,0.6,system_stability,Agenda-divergence variance,50,0.00014465316643988088,0.00012234703252895655,1.7302483271855258e-05,0.00010988252451591765,0.0001794238083638441
2,no_drift,No preference drift,0.6,storm_time_share,Storm time share,50,0.9072,0.27837751492591234,0.03936852570679439,0.8280859856173401,0.9863140143826599
2,no_drift,No preference drift,0.6,mean_trust,Government trust,50,0.6169985878947737,0.013581697000869593,0.0019207420098671768,0.6131387123148307,0.6208584634747166
2,no_drift,No preference drift,0.65,mean_agenda_divergence,Agenda divergence,50,0.1983462857142856,0.1283001032396849,0.018144374605543065,0.16188379981378964,0.23480877161478153
2,no_drift,No preference drift,0.65,system_stability,Agenda-divergence variance,50,0.00020556525351469798,0.0001647078157226507,2.329320268238211e-05,0.00015875581021075052,0.00025237469681864546
2,no_drift,No preference drift,0.65,storm_time_share,Storm time share,50,0.9086,0.2823806231428258,0.03993465069999501,0.8283483148498841,0.9888516851501158
2,no_drift,No preference drift,0.65,mean_trust,Government trust,50,0.6125001367800373,0.0165513217137655,0.0023407103642807464,0.607796303194687,0.6172039703653877
2,no_drift,No preference drift,0.7,mean_agenda_divergence,Agenda divergence,50,0.22777238095238087,0.1589286544282986,0.02247590585422067,0.1826053571156909,0.2729394047890708
2,no_drift,No preference drift,0.7,system_stability,Agenda-divergence variance,50,0.00010106726712015745,0.00012769676318378072,1.80590494365648e-05,6.477624856634408e-05,0.00013735828567397083
2,no_drift,No preference drift,0.7,storm_time_share,Storm time share,50,0.845,0.3590193559673122,0.05077300423634269,0.7429678279719878,0.9470321720280122
2,no_drift,No preference drift,0.7,mean_trust,Government trust,50,0.6111171325384542,0.020185043991733154,0.002854596297020658,0.6053806065079607,0.6168536585689478
2,no_drift,No preference drift,0.75,mean_agenda_divergence,Agenda divergence,50,0.27792057142857135,0.23670921369334755,0.03347573803438032,0.2106485572300552,0.3451925856270875
2,no_drift,No preference drift,0.75,system_stability,Agenda-divergence variance,50,2.8865765079362306e-05,9.299843389548812e-05,1.3151964649445704e-05,2.4359026002370845e-06,5.529562755848753e-05
2,no_drift,No preference drift,0.75,storm_time_share,Storm time share,50,0.8018000000000001,0.40061019783855334,0.05665483750082509,0.687947841494761,0.9156521585052392
2,no_drift,No preference drift,0.75,mean_trust,Government trust,50,0.6059982158100918,0.030148858594709785,0.004263692471470723,0.5974300050006899,0.6145664266194938
2,no_drift,No preference drift,0.8,mean_agenda_divergence,Agenda divergence,50,0.2971428571428571,0.2941042209739072,0.041592617805247326,0.21355936235405137,0.3807263519316628
2,no_drift,No preference drift,0.8,system_stability,Agenda-divergence variance,50,9.444760447275004e-33,1.6864227986309354e-32,2.3849619937190598e-33,4.651999883202802e-33,1.4237521011347207e-32
2,no_drift,No preference drift,0.8,storm_time_share,Storm time share,50,0.8,0.4040610178208843,0.05714285714285715,0.6851671293069006,0.9148328706930995
2,no_drift,No preference drift,0.8,mean_trust,Government trust,50,0.605730417648681,0.03707642037581314,0.005243397653972111,0.5951934155648371,0.6162674197325249
2,no_drift,No preference drift,0.85,mean_agenda_divergence,Agenda divergence,50,0.31999999999999995,0.3034715150276099,0.04291735323459564,0.2337543496966281,0.4062456503033718
2,no_drift,No preference drift,0.85,system_stability,Agenda-divergence variance,50,9.152019095728145e-33,1.5799154525272367e-32,2.2343378603668438e-33,4.661949060154608e-33,1.3642089131301682e-32
2,no_drift,No preference drift,0.85,storm_time_share,Storm time share,50,0.8,0.4040610178208843,0.05714285714285715,0.6851671293069006,0.9148328706930995
2,no_drift,No preference drift,0.85,mean_trust,Government trust,50,0.6018268192322631,0.036754374398392846,0.005197853475074563,0.5913813416025271,0.6122722968619991
2,no_drift,No preference drift,0.9,mean_agenda_divergence,Agenda divergence,50,0.3228571428571428,0.3105932038466367,0.0439245121260825,0.2345875309855844,0.4111267547287012
2,no_drift,No preference drift,0.9,system_stability,Agenda-divergence variance,50,9.876168754817746e-33,1.6794332681545685e-32,2.3750773049247618e-33,5.103272216573293e-33,1.4649065293062197e-32
2,no_drift,No preference drift,0.9,storm_time_share,Storm time share,50,0.78,0.41845195759648024,0.05917804336345136,0.6610772694750479,0.8989227305249522
2,no_drift,No preference drift,0.9,mean_trust,Government trust,50,0.6024185184275367,0.038812573358576685,0.005488926763429981,0.5913881071253319,0.6134489297297415
2,no_drift,No preference drift,0.95,mean_agenda_divergence,Agenda divergence,50,0.3342857142857142,0.3143254679337222,0.04445233397511393,0.24495540469672647,0.4236160238747019
2,no_drift,No preference drift,0.95,system_stability,Agenda-divergence variance,50,1.0846837446788912e-32,1.7638631133235244e-32,2.4944791370317597e-33,5.833993943474374e-33,1.585968095010345e-32
2,no_drift,No preference drift,0.95,storm_time_share,Storm time share,50,0.78,0.41845195759648024,0.05917804336345136,0.6610772694750479,0.8989227305249522
2,no_drift,No preference drift,0.95,mean_trust,Government trust,50,0.6006131211689266,0.0385762913915676,0.005455511447201138,0.5896498604587561,0.6115763818790971
2,no_drift,No preference drift,1.0,mean_agenda_divergence,Agenda divergence,50,0.37999999999999984,0.2607297611126557,0.03687275642798149,0.30590142175763024,0.45409857824236943
2,no_drift,No preference drift,1.0,system_stability,Agenda-divergence variance,50,1.6254848730628272e-32,1.9457476016553008e-32,2.751702647215849e-33,1.0725095230840327e-32,2.1784602230416216e-32
2,no_drift,No preference drift,1.0,storm_time_share,Storm time share,50,0.9,0.30304576336566325,0.04285714285714286,0.8138753469801755,0.9861246530198245
2,no_drift,No preference drift,1.0,mean_trust,Government trust,50,0.5976545800528863,0.03216411730747172,0.00454869309179857,0.5885136390543071,0.6067955210514655
3,no_response,No effective response,0.0,mean_agenda_divergence,Agenda divergence,50,9.5238095238094e-05,0.0006734350297014649,9.523809523809398e-05,-9.615002258373579e-05,0.00028662621305992377
3,no_response,No effective response,0.0,system_stability,Agenda-divergence variance,50,0.0,0.0,0.0,0.0,0.0
3,no_response,No effective response,0.0,storm_time_share,Storm time share,50,0.02,0.1414213562373095,0.02,-0.020191504742584788,0.06019150474258479
3,no_response,No effective response,0.0,mean_trust,Government trust,50,0.6220596267145526,0.0038824537187963537,0.0005490618704407662,0.620956245576063,0.6231630078530422
3,no_response,No effective response,0.05,mean_agenda_divergence,Agenda divergence,50,0.00028571428571428,0.0014935032925237875,0.00021121326117360122,-0.00013873465369349962,0.0007101632251220596
3,no_response,No effective response,0.05,system_stability,Agenda-divergence variance,50,0.0,0.0,0.0,0.0,0.0
3,no_response,No effective response,0.05,storm_time_share,Storm time share,50,0.04,0.19794866372215741,0.027994168488950606,-0.01625638777941879,0.09625638777941879
3,no_response,No effective response,0.05,mean_trust,Government trust,50,0.6215727671818951,0.004813837711111559,0.0006807794578117023,0.6202046896415304,0.6229408447222599
3,no_response,No effective response,0.1,mean_agenda_divergence,Agenda divergence,50,0.000571428571428566,0.00247902954534537,0.000350587720455103,-0.00013310383003959693,0.001275960972896729
3,no_response,No effective response,0.1,system_stability,Agenda-divergence variance,50,5.416677968589101e-37,3.830169723093126e-36,5.416677968589101e-37,-5.468543944591068e-37,1.630189988176927e-36
3,no_response,No effective response,0.1,storm_time_share,Storm time share,50,0.06,0.23989793748209523,0.033926691677251195,-0.008178239472322657,0.12817823947232265
3,no_response,No effective response,0.1,mean_trust,Government trust,50,0.621118987832391,0.005015301053499629,0.0007092706769243247,0.619693655043622,0.6225443206211599
3,no_response,No effective response,0.15,mean_agenda_divergence,Agenda divergence,50,0.001238095238095224,0.004594733276399494,0.000649793411497113,-6.771351089910433e-05,0.002543903987089552
3,no_response,No effective response,0.15,system_stability,Agenda-divergence variance,50,0.0,0.0,0.0,0.0,0.0
3,no_response,No effective response,0.15,storm_time_share,Storm time share,50,0.08,0.27404751561786966,0.03875617133214439,0.0021165578049845146,0.1578834421950155
3,no_response,No effective response,0.15,mean_trust,Government trust,50,0.6206081987144066,0.00524442517437636,0.0007416737208453932,0.6191177495709662,0.6220986478578471
3,no_response,No effective response,0.2,mean_agenda_divergence,Agenda divergence,50,0.002380952380952366,0.00788939694200214,0.0011157292154324247,0.00013881057827773088,0.004623094183627001
3,no_response,No effective response,0.2,system_stability,Agenda-divergence variance,50,5.416677968589101e-37,3.830169723093126e-36,5.416677968589101e-37,-5.468543944591068e-37,1.630189988176927e-36
3,no_response,No effective response,0.2,storm_time_share,Storm time share,50,0.12,0.3282607226593159,0.04642307659791976,0.026709334837466556,0.21329066516253342
3,no_response,No effective response,0.2,mean_trust,Government trust,50,0.6198990051791403,0.005477668098543421,0.0007746592515138548,0.618342269130085,0.6214557412281956
3,no_response,No effective response,0.25,mean_agenda_divergence,Agenda divergence,50,0.003999999999999986,0.011068175640496693,0.001565276410151794,0.0008544592868963904,0.007145540713103582
3,no_response,No effective response,0.25,system_stability,Agenda-divergence variance,50,2.4675977412461465e-36,1.0167541154319334e-35,1.4379074596424995e-36,-4.219854829348314e-37,5.3571809654271243e-36
3,no_response,No effective response,0.25,storm_time_share,Storm time share,50,0.14,0.3505098327538656,0.0495695759225642,0.040386207711017225,0.2396137922889828
3,no_response,No effective response,0.25,mean_trust,Government trust,50,0.6191758450070638,0.005748641282797691,0.0008129806467350361,0.6175420992311198,0.6208095907830078
3,no_response,No effective response,0.3,mean_agenda_divergence,Agenda divergence,50,0.0072380952380952214,0.016917862674336877,0.002392547084041277,0.0024300918643401026,0.01204609861185034
3,no_response,No effective response,0.3,system_stability,Agenda-divergence variance,50,5.898160454685912e-36,1.5198599824209833e-35,2.1494066000478883e-36,1.578766176707525e-36,1.0217554732664298e-35
3,no_response,No effective response,0.3,storm_time_share,Storm time share,50,0.2,0.4040610178208843,0.05714285714285715,0.08516712930690061,0.3148328706930994
3,no_response,No effective response,0.3,mean_trust,Government trust,50,0.6180210423956011,0.006129068919468291,0.0008667812390631468,0.6162791802815716,0.6197629045096306
3,no_response,No effective response,0.35,mean_agenda_divergence,Agenda divergence,50,0.01295238095238093,0.022807688644370168,0.0032254942607251123,0.006470507558525263,0.0194342543462366
3,no_response,No effective response,0.35,system_stability,Agenda-divergence variance,50,1.9921337862255477e-35,4.7350518031545134e-35,6.696374478560291e-36,6.464469531596494e-36,3.337820619291446e-35
3,no_response,No effective response,0.35,storm_time_share,Storm time share,50,0.34,0.47851812069840644,0.0676726816132972,0.2040066547997868,0.47599334520021325
3,no_response,No effective response,0.35,mean_trust,Government trust,50,0.6168298327791124,0.006672969186533952,0.0009437003524894075,0.6149333959194796,0.6187262696387452
3,no_response,No effective response,0.4,mean_agenda_divergence,Agenda divergence,50,0.020285714285714237,0.03243706907866641,0.0045872943014682995,0.011067201252059471,0.029504227319369004
3,no_response,No effective response,0.4,system_stability,Agenda-divergence variance,50,2.888894916580854e-35,6.304085538097572e-35,8.915323266337676e-36,1.0972936298774184e-35,4.6804962032842897e-35
3,no_response,No effective response,0.4,storm_time_share,Storm time share,50,0.4,0.4948716593053935,0.06998542122237651,0.25935903055145304,0.540640969448547
3,no_response,No effective response,0.4,mean_trust,Government trust,50,0.6156341160712802,0.00747264269912268,0.0010567912651867585,0.6135104145139464,0.6177578176286139
3,no_response,No effective response,0.45,mean_agenda_divergence,Agenda divergence,50,0.030285714285714246,0.04579358201970018,0.00647619047619047,0.017271322273829662,0.043300106297598825
3,no_response,No effective response,0.45,system_stability,Agenda-divergence variance,50,1.3108360683985625e-34,4.647339406042897e-34,6.572330416976789e-35,-9.923177220221926e-37,2.6315953140173467e-34
3,no_response,No effective response,0.45,storm_time_share,Storm time share,50,0.44,0.501426536422407,0.07091242083423346,0.29749615508663685,0.5825038449133632
3,no_response,No effective response,0.45,mean_trust,Government trust,50,0.6140948624811985,0.008618491359701625,0.0012188387368085374,0.6116455143376541,0.6165442106247428
3,no_response,No effective response,0.5,mean_agenda_divergence,Agenda divergence,50,0.059638095238095164,0.07782286522956021,0.01100581514703776,0.03752108165418618,0.08175510882200415
3,no_response,No effective response,0.5,system_stability,Agenda-divergence variance,50,7.538210172953165e-34,1.7865434191984077e-33,2.5265539331987896e-34,2.460909953525395e-34,1.2615510392380936e-33
3,no_response,No effective response,0.5,storm_time_share,Storm time share,50,0.6,0.4948716593053935,0.06998542122237651,0.459359030551453,0.740640969448547
3,no_response,No effective response,0.5,mean_trust,Government trust,50,0.611265923565798,0.012743423781766662,0.001802192274324225,0.6076442825987705,0.6148875645328256
3,no_response,No effective response,0.55,mean_agenda_divergence,Agenda divergence,50,0.1027466666666666,0.10752460808093628,0.015206275903691177,0.07218851116165376,0.13330482217167944
3,no_response,No effective response,0.55,system_stability,Agenda-divergence variance,50,9.752380952380997e-07,6.8959747041431234e-06,9.752380952380997e-07,-9.845762312574721e-07,2.9350524217336713e-06
3,no_response,No effective response,0.55,storm_time_share,Storm time share,50,0.7,0.46291004988627577,0.06546536707079771,0.5684424194449489,0.831557580555051
3,no_response,No effective response,0.55,mean_trust,Government trust,50,0.605717955749416,0.01633292053061671,0.002309823772756012,0.601076191093553,0.610359720405279
3,no_response,No effective response,0.6,mean_agenda_divergence,Agenda divergence,50,0.23342857142857135,0.19146006828862783,0.02707654252266564,0.17901622206794562,0.2878409207891971
3,no_response,No effective response,0.6,system_stability,Agenda-divergence variance,50,3.550692593720918e-33,5.7900015523974166e-33,8.188298721561701e-34,1.9051923592141777e-33,5.1961928282276584e-33
3,no_response,No effective response,0.6,storm_time_share,Storm time share,50,0.84,0.3703280399090206,0.05237229365663817,0.7347539355559591,0.9452460644440408
3,no_response,No effective response,0.6,mean_trust,Government trust,50,0.5917176017243382,0.02519771020995826,0.003563494351966998,0.5845564917169754,0.5988787117317009
3,no_response,No effective response,0.65,mean_agenda_divergence,Agenda divergence,50,0.3711619047619047,0.30692321811299256,0.04340549776625897,0.28393529129556216,0.4583885182282472
3,no_response,No effective response,0.65,system_stability,Agenda-divergence variance,50,7.203519659805122e-33,1.339548072534502e-32,1.894407051629031e-33,3.396566159808409e-33,1.1010473159801834e-32
3,no_response,No effective response,0.65,storm_time_share,Storm time share,50,0.84,0.3703280399090206,0.05237229365663817,0.7347539355559591,0.9452460644440408
3,no_response,No effective response,0.65,mean_trust,Government trust,50,0.5769881324271929,0.036398624114390044,0.005147542787429078,0.5666437579095123,0.5873325069448736
3,no_response,No effective response,0.7,mean_agenda_divergence,Agenda divergence,50,0.4595809523809523,0.3581318944081933,0.050647498219043616,0.357800994137415,0.5613609106244896
3,no_response,No effective response,0.7,system_stability,Agenda-divergence variance,50,1.0239025993402453e-32,2.0260412878803845e-32,2.865255067248292e-33,4.481080362201213e-33,1.5996971624603693e-32
3,no_response,No effective response,0.7,storm_time_share,Storm time share,50,0.88,0.3282607226593159,0.04642307659791976,0.7867093348374665,0.9732906651625335
3,no_response,No effective response,0.7,mean_trust,Government trust,50,0.5675444550252783,0.04211230642856095,0.005955579489408258,0.5555762699606086,0.579512640089948
3,no_response,No effective response,0.75,mean_agenda_divergence,Agenda divergence,50,0.4362857142857141,0.34040273899004625,0.04814021701486722,0.3395443262626093,0.5330271023088189
3,no_response,No effective response,0.75,system_stability,Agenda-divergence variance,50,1.6224033851518074e-32,2.211734637830638e-32,3.127865121190434e-33,9.938353558893531e-33,2.2509714144142615e-32
3,no_response,No effective response,0.75,storm_time_share,Storm time share,50,0.78,0.41845195759648024,0.05917804336345136,0.6610772694750479,0.8989227305249522
3,no_response,No effective response,0.75,mean_trust,Government trust,50,0.570271875591204,0.04057404037026609,0.005738035817190378,0.5587408609032175,0.5818028902791904
3,no_response,No effective response,0.8,mean_agenda_divergence,Agenda divergence,50,0.3649142857142856,0.3218721761990266,0.04551959969312059,0.27343922536695475,0.4563893460616164
3,no_response,No effective response,0.8,system_stability,Agenda-divergence variance,50,1.086224488634401e-32,1.7633418634688992e-32,2.4937419784179636e-33,5.850882758725593e-33,1.5873607013962427e-32
3,no_response,No effective response,0.8,storm_time_share,Storm time share,50,0.78,0.41845195759648024,0.05917804336345136,0.6610772694750479,0.8989227305249522
3,no_response,No effective response,0.8,mean_trust,Government trust,50,0.5779150025399882,0.038452750072569174,0.005438040066317034,0.5669868518842008,0.5888431531957755
3,no_response,No effective response,0.85,mean_agenda_divergence,Agenda divergence,50,0.3485714285714284,0.3097203532373939,0.043801072409130816,0.2605498780983344,0.43659297904452243
3,no_response,No effective response,0.85,system_stability,Agenda-divergence variance,50,1.1324468072996946e-32,1.7507272000677372e-32,2.475902150351269e-33,6.348956422096e-33,1.6299979723897892e-32
3,no_response,No effective response,0.85,storm_time_share,Storm time share,50,0.8,0.4040610178208843,0.05714285714285715,0.6851671293069006,0.9148328706930995
3,no_response,No effective response,0.85,mean_trust,Government trust,50,0.5800479709502786,0.037777151783513506,0.005342496040007175,0.5693118232038191,0.5907841186967381
3,no_response,No effective response,0.9,mean_agenda_divergence,Agenda divergence,50,0.32857142857142846,0.30984135613650965,0.043818184803232414,0.24051548945489987,0.41662736768795705
3,no_response,No effective response,0.9,system_stability,Agenda-divergence variance,50,1.0107280348144213e-32,1.6745907921427866e-32,2.3682290096734333e-33,5.34814597445338e-33,1.4866414721835046e-32
3,no_response,No effective response,0.9,storm_time_share,Storm time share,50,0.78,0.41845195759648024,0.05917804336345136,0.6610772694750479,0.8989227305249522
3,no_response,No effective response,0.9,mean_trust,Government trust,50,0.582429886378516,0.03788350207865364,0.005357536242982131,0.5716635142125966,0.5931962585444354
3,no_response,No effective response,0.95,mean_agenda_divergence,Agenda divergence,50,0.3342857142857142,0.3143254679337222,0.04445233397511393,0.24495540469672647,0.4236160238747019
3,no_response,No effective response,0.95,system_stability,Agenda-divergence variance,50,1.0846837446788912e-32,1.7638631133235244e-32,2.4944791370317597e-33,5.833993943474374e-33,1.585968095010345e-32
3,no_response,No effective response,0.95,storm_time_share,Storm time share,50,0.78,0.41845195759648024,0.05917804336345136,0.6610772694750479,0.8989227305249522
3,no_response,No effective response,0.95,mean_trust,Government trust,50,0.5818914617278003,0.038325030663509396,0.005419977814269972,0.5709996085264535,0.592783314929147
3,no_response,No effective response,1.0,mean_agenda_divergence,Agenda divergence,50,0.37999999999999984,0.2607297611126557,0.03687275642798149,0.30590142175763024,0.45409857824236943
3,no_response,No effective response,1.0,system_stability,Agenda-divergence variance,50,1.6254848730628272e-32,1.9457476016553008e-32,2.751702647215849e-33,1.0725095230840327e-32,2.1784602230416216e-32
3,no_response,No effective response,1.0,storm_time_share,Storm time share,50,0.9,0.30304576336566325,0.04285714285714286,0.8138753469801755,0.9861246530198245
3,no_response,No effective response,1.0,mean_trust,Government trust,50,0.5745324736847813,0.029363273679453242,0.004152593987315571,0.5661875236380202,0.5828774237315425
4,no_trust,No trust feedback,0.0,mean_agenda_divergence,Agenda divergence,50,9.5238095238094e-05,0.0006734350297014649,9.523809523809398e-05,-9.615002258373579e-05,0.00028662621305992377
4,no_trust,No trust feedback,0.0,system_stability,Agenda-divergence variance,50,0.0,0.0,0.0,0.0,0.0
4,no_trust,No trust feedback,0.0,storm_time_share,Storm time share,50,0.02,0.1414213562373095,0.02,-0.020191504742584788,0.06019150474258479
4,no_trust,No trust feedback,0.0,mean_trust,Government trust,50,0.6401812465502311,0.005501335751535216,0.0007780063630989086,0.6386177842286186,0.6417447088718436
4,no_trust,No trust feedback,0.05,mean_agenda_divergence,Agenda divergence,50,0.00028571428571428,0.0014935032925237875,0.00021121326117360122,-0.00013873465369349962,0.0007101632251220596
4,no_trust,No trust feedback,0.05,system_stability,Agenda-divergence variance,50,0.0,0.0,0.0,0.0,0.0
4,no_trust,No trust feedback,0.05,storm_time_share,Storm time share,50,0.04,0.19794866372215741,0.027994168488950606,-0.01625638777941879,0.09625638777941879
4,no_trust,No trust feedback,0.05,mean_trust,Government trust,50,0.6395459488267778,0.006123807191998613,0.0008660371184282339,0.6378055820791497,0.641286315574406
4,no_trust,No trust feedback,0.1,mean_agenda_divergence,Agenda divergence,50,0.00057142857142856,0.00207231921247993,0.0002930701935855448,-1.7518032341623307e-05,0.0011603751751987433
4,no_trust,No trust feedback,0.1,system_stability,Agenda-divergence variance,50,0.0,0.0,0.0,0.0,0.0
4,no_trust,No trust feedback,0.1,storm_time_share,Storm time share,50,0.08,0.27404751561786966,0.03875617133214439,0.0021165578049845146,0.1578834421950155
4,no_trust,No trust feedback,0.1,mean_trust,Government trust,50,0.6390810433522303,0.006289924146729068,0.0008895296034602265,0.6372934666884232,0.6408686200160373
4,no_trust,No trust feedback,0.15,mean_agenda_divergence,Agenda divergence,50,0.0015238095238095163,0.005307866449831579,0.000750645672061695,1.5330569376098384e-05,0.003032288478242934
4,no_trust,No trust feedback,0.15,system_stability,Agenda-divergence variance,50,5.416677968589101e-37,3.830169723093126e-36,5.416677968589101e-37,-5.468543944591068e-37,1.630189988176927e-36
4,no_trust,No trust feedback,0.15,storm_time_share,Storm time share,50,0.08,0.27404751561786966,0.03875617133214439,0.0021165578049845146,0.1578834421950155
4,no_trust,No trust feedback,0.15,mean_trust,Government trust,50,0.6385614778006949,0.006373975817721919,0.0009014163047660476,0.6367500139162926,0.6403729416850973
4,no_trust,No trust feedback,0.2,mean_agenda_divergence,Agenda divergence,50,0.002571428571428558,0.007588007714571914,0.0010731063421339274,0.0004149406394698802,0.004727916503387235
4,no_trust,No trust feedback,0.2,system_stability,Agenda-divergence variance,50,2.0463005659114382e-36,8.542697746538631e-36,1.208119901240901e-36,-3.815072711052983e-37,4.474108402928175e-36
4,no_trust,No trust feedback,0.2,storm_time_share,Storm time share,50,0.14,0.3505098327538656,0.0495695759225642,0.040386207711017225,0.2396137922889828
4,no_trust,No trust feedback,0.2,mean_trust,Government trust,50,0.6382325152984183,0.006893664158868532,0.0009749113347917192,0.6362733576216243,0.6401916729752123
4,no_trust,No trust feedback,0.25,mean_agenda_divergence,Agenda divergence,50,0.004992571428571409,0.013262004862547092,0.001875530714087203,0.0012235513490664461,0.008761591508076372
4,no_trust,No trust feedback,0.25,system_stability,Agenda-divergence variance,50,1.048344671201766e-08,7.412916260275504e-08,1.0483446712017663e-08,-1.058382820021698e-08,3.15507216242523e-08
4,no_trust,No trust feedback,0.25,storm_time_share,Storm time share,50,0.16,0.3703280399090205,0.05237229365663816,0.05475393555595921,0.2652460644440408
4,no_trust,No trust feedback,0.25,mean_trust,Government trust,50,0.637612204307078,0.007365664403223861,0.0010416622494927913,0.635518905645045,0.639705502969111
4,no_trust,No trust feedback,0.3,mean_agenda_divergence,Agenda divergence,50,0.007999999999999974,0.017381984074177015,0.002458183761865428,0.0030600947838420114,0.012939905216157937
4,no_trust,No trust feedback,0.3,system_stability,Agenda-divergence variance,50,5.476863279351203e-36,1.4266947547503913e-35,2.01765107153456e-36,1.4222416488280763e-36,9.531484909874329e-36
4,no_trust,No trust feedback,0.3,storm_time_share,Storm time share,50,0.28,0.4535573676110727,0.06414269805898185,0.15110042233801238,0.4088995776619877
4,no_trust,No trust feedback,0.3,mean_trust,Government trust,50,0.63619650163005,0.007156021864994476,0.0010120143174113597,0.63416278271816,0.6382302205419401
4,no_trust,No trust feedback,0.35,mean_agenda_divergence,Agenda divergence,50,0.01333333333333329,0.023209145726846188,0.0032822688657999444,0.006737367099021448,0.019929299567645133
4,no_trust,No trust feedback,0.35,system_stability,Agenda-divergence variance,50,1.3481509610710655e-35,4.0154317380306824e-35,5.67867802270636e-36,2.0697788766499216e-36,2.489324034477139e-35
4,no_trust,No trust feedback,0.35,storm_time_share,Storm time share,50,0.34,0.47851812069840644,0.0676726816132972,0.2040066547997868,0.47599334520021325
4,no_trust,No trust feedback,0.35,mean_trust,Government trust,50,0.6349397389594388,0.007342640072748168,0.0010384061174504627,0.6328529837397269,0.6370264941791507
4,no_trust,No trust feedback,0.4,mean_agenda_divergence,Agenda divergence,50,0.020857142857142824,0.033017944292258475,0.004669442461979125,0.011473546914349785,0.030240738799935864
4,no_trust,No trust feedback,0.4,system_stability,Agenda-divergence variance,50,5.392603844284261e-35,1.5704278397250847e-34,2.220920349667496e-35,9.294973059560496e-36,9.855710382612471e-35
4,no_trust,No trust feedback,0.4,storm_time_share,Storm time share,50,0.38,0.49031435147801467,0.06934092056863769,0.24065420310552016,0.5193457968944799
4,no_trust,No trust feedback,0.4,mean_trust,Government trust,50,0.6329879195341005,0.00795305413749732,0.0011247317023536168,0.6307276865566365,0.6352481525115645
4,no_trust,No trust feedback,0.45,mean_agenda_divergence,Agenda divergence,50,0.032666666666666615,0.04852405319279505,0.006862337412656424,0.01887628333336673,0.0464570499999665
4,no_trust,No trust feedback,0.45,system_stability,Agenda-divergence variance,50,1.6520867804196757e-34,4.8082577653980424e-34,6.799903343211663e-35,2.855950430806273e-35,3.018578517758724e-34
4,no_trust,No trust feedback,0.45,storm_time_share,Storm time share,50,0.46,0.5034574339058886,0.07119963311072637,0.31691898040799726,0.6030810195920028
4,no_trust,No trust feedback,0.45,mean_trust,Government trust,50,0.6312131470300282,0.00926019118307515,0.0013095887961272633,0.6285814298145089,0.6338448642455474
4,no_trust,No trust feedback,0.5,mean_agenda_divergence,Agenda divergence,50,0.060552380952380906,0.08173374466172667,0.011558897020415342,0.03732390773162729,0.08378085417313452
4,no_trust,No trust feedback,0.5,system_stability,Agenda-divergence variance,50,6.2496426695365805e-34,2.036505629997451e-33,2.880053881791559e-34,4.619577070903227e-35,1.203732763198284e-33
4,no_trust,No trust feedback,0.5,storm_time_share,Storm time share,50,0.52,0.5046720495044484,0.0713714056959817,0.37657379047425044,0.6634262095257496
4,no_trust,No trust feedback,0.5,mean_trust,Government trust,50,0.6309822910347085,0.014370932161367143,0.002032356716654911,0.6268981173039055,0.6350664647655114
4,no_trust,No trust feedback,0.55,mean_agenda_divergence,Agenda divergence,50,0.125447619047619,0.1269037847815541,0.01794690535545502,0.08938196246219447,0.16151327563304352
4,no_trust,No trust feedback,0.55,system_stability,Agenda-divergence variance,50,5.718189569160673e-06,3.755883627637519e-05,5.3116215649000386e-06,-4.955913596664102e-06,1.6392292734985447e-05
4,no_trust,No trust feedback,0.55,storm_time_share,Storm time share,50,0.72,0.4535573676110727,0.06414269805898185,0.5911004223380123,0.8488995776619876
4,no_trust,No trust feedback,0.55,mean_trust,Government trust,50,0.6225853508013597,0.01837057759626874,0.002597991998527058,0.6173644904148599,0.6278062111878595
4,no_trust,No trust feedback,0.6,mean_agenda_divergence,Agenda divergence,50,0.24419980952380949,0.18200316013822618,0.025739133746224174,0.19247508372223984,0.29592453532537916
4,no_trust,No trust feedback,0.6,system_stability,Agenda-divergence variance,50,1.1290722902492296e-05,3.914292639975956e-05,5.5356457385511835e-06,1.6642630477983902e-07,2.2415019500204753e-05
4,no_trust,No trust feedback,0.6,storm_time_share,Storm time share,50,0.82,0.38808793449160356,0.0548839220351387,0.7097066293616534,0.9302933706383465
4,no_trust,No trust feedback,0.6,mean_trust,Government trust,50,0.6088359977938427,0.025105504374843598,0.0035504544777120884,0.6017010923948778,0.6159709031928076
4,no_trust,No trust feedback,0.65,mean_agenda_divergence,Agenda divergence,50,0.3190283809523809,0.27903405119630326,0.03946137395657206,0.23972778102615702,0.3983289808786048
4,no_trust,No trust feedback,0.65,system_stability,Agenda-divergence variance,50,8.867748390021942e-05,0.00038332756475032776,5.4210704090136425e-05,-2.0263004626659508e-05,0.00019761797242709835
4,no_trust,No trust feedback,0.65,storm_time_share,Storm time share,50,0.82,0.38808793449160356,0.0548839220351387,0.7097066293616534,0.9302933706383465
4,no_trust,No trust feedback,0.65,mean_trust,Government trust,50,0.60069779069255,0.03399341951592519,0.004807395491085965,0.591036967758577,0.6103586136265231
4,no_trust,No trust feedback,0.7,mean_agenda_divergence,Agenda divergence,50,0.4069445714285713,0.3315666787008209,0.04689060938497033,0.31271436395463503,0.5011747789025076
4,no_trust,No trust feedback,0.7,system_stability,Agenda-divergence variance,50,5.100573786847717e-05,0.0002867452809929936,4.0551906532677564e-05,-3.0486369317971088e-05,0.00013249784505492542
4,no_trust,No trust feedback,0.7,storm_time_share,Storm time share,50,0.82,0.38808793449160356,0.0548839220351387,0.7097066293616534,0.9302933706383465
4,no_trust,No trust feedback,0.7,mean_trust,Government trust,50,0.5935560815482351,0.0397099282939613,0.005615831915418317,0.5822706447951305,0.6048415183013398
4,no_trust,No trust feedback,0.75,mean_agenda_divergence,Agenda divergence,50,0.40101428571428555,0.32052722837211445,0.04532939534737025,0.3099214553101689,0.4921071161184022
4,no_trust,No trust feedback,0.75,system_stability,Agenda-divergence variance,50,9.328208616779541e-06,6.524074614587691e-05,9.226434801883936e-06,-9.213006288073836e-06,2.786942352163292e-05
4,no_trust,No trust feedback,0.75,storm_time_share,Storm time share,50,0.82,0.38808793449160356,0.0548839220351387,0.7097066293616534,0.9302933706383465
4,no_trust,No trust feedback,0.75,mean_trust,Government trust,50,0.5935214554077708,0.038105970856868385,0.005388998079317718,0.5826918583146369,0.6043510525009047
4,no_trust,No trust feedback,0.8,mean_agenda_divergence,Agenda divergence,50,0.36422857142857124,0.29941570260948774,0.042343774741780686,0.27913557026091024,0.44932157259623223
4,no_trust,No trust feedback,0.8,system_stability,Agenda-divergence variance,50,1.1802098699204982e-32,1.7311215445057886e-32,2.4481755663563455e-33,6.88230570491042e-33,1.6721891693499544e-32
4,no_trust,No trust feedback,0.8,storm_time_share,Storm time share,50,0.84,0.3703280399090206,0.05237229365663817,0.7347539355559591,0.9452460644440408
4,no_trust,No trust feedback,0.8,mean_trust,Government trust,50,0.5974729672653996,0.03562576717756405,0.005038244311245734,0.5873482362589129,0.6075976982718863
4,no_trust,No trust feedback,0.85,mean_agenda_divergence,Agenda divergence,50,0.32857142857142846,0.3016682754917241,0.04266233665380993,0.24283825327386094,0.414304603868996
4,no_trust,No trust feedback,0.85,system_stability,Agenda-divergence variance,50,9.706686919711668e-33,1.6804649561592408e-32,2.3765363320931068e-33,4.930858356599411e-33,1.4482515482823926e-32
4,no_trust,No trust feedback,0.85,storm_time_share,Storm time share,50,0.86,0.3505098327538656,0.0495695759225642,0.7603862077110172,0.9596137922889828
4,no_trust,No trust feedback,0.85,mean_trust,Government trust,50,0.6015199154869149,0.035754080569878534,0.005056390565210258,0.5913587182178144,0.6116811127560153
4,no_trust,No trust feedback,0.9,mean_agenda_divergence,Agenda divergence,50,0.3314285714285713,0.31277133160274306,0.04423254590740919,0.2425399424978595,0.4203172003592831
4,no_trust,No trust feedback,0.9,system_stability,Agenda-divergence variance,50,1.0631133293017542e-32,1.7685371760851302e-32,2.5010892599806057e-33,5.6050062503106235e-33,1.5657260335724462e-32
4,no_trust,No trust feedback,0.9,storm_time_share,Storm time share,50,0.8,0.4040610178208843,0.05714285714285715,0.6851671293069006,0.9148328706930995
4,no_trust,No trust feedback,0.9,mean_trust,Government trust,50,0.6004595629779261,0.03742477696323017,0.005292662715018828,0.5898235590473471,0.6110955669085052
4,no_trust,No trust feedback,0.95,mean_agenda_divergence,Agenda divergence,50,0.3342857142857142,0.31032489591486706,0.04388656765448241,0.2460923546846693,0.4224790738867591
4,no_trust,No trust feedback,0.95,system_stability,Agenda-divergence variance,50,1.064654073257264e-32,1.7676254157403618e-32,2.4997998361354e-33,5.62300488409521e-33,1.567007658105007e-32
4,no_trust,No trust feedback,0.95,storm_time_share,Storm time share,50,0.82,0.38808793449160356,0.0548839220351387,0.7097066293616534,0.9302933706383465
4,no_trust,No trust feedback,0.95,mean_trust,Government trust,50,0.5999060564058725,0.03716881914004654,0.00525646481252465,0.5893427948837817,0.6104693179279632
4,no_trust,No trust feedback,1.0,mean_agenda_divergence,Agenda divergence,50,0.37999999999999984,0.2607297611126557,0.03687275642798149,0.30590142175763024,0.45409857824236943
4,no_trust,No trust feedback,1.0,system_stability,Agenda-divergence variance,50,1.6254848730628272e-32,1.9457476016553008e-32,2.751702647215849e-33,1.0725095230840327e-32,2.1784602230416216e-32
4,no_trust,No trust feedback,1.0,storm_time_share,Storm time share,50,0.9,0.30304576336566325,0.04285714285714286,0.8138753469801755,0.9861246530198245
4,no_trust,No trust feedback,1.0,mean_trust,Government trust,50,0.5974574121248745,0.03206920734137648,0.004535270795672944,0.5883434442402147,0.6065713800095343
