alpha,no_drift,no_emotion,no_response,no_trust
0.0,0.0,0.0,0.0,0.0
0.05,-5.599999999999798e-05,0.0,0.0,0.0
0.1,4.0571428571432034e-05,-0.0001904761904761,6.002143226879753e-18,0.0
0.15,-0.0001706666666666,-0.0009523809523809,-9.52380952381e-05,0.0001904761904761
0.2,-0.0006982857142857,-0.002095238095238,-0.0002857142857142,-9.523809523808592e-05
0.25,-0.0011139047619047,-0.0037575238095237,-0.0005194285714285,0.0004731428571428
0.3,-0.0017659047619047,-0.0057142857142857,-9.523809523809395e-05,0.0006666666666666
0.35,-0.0041150476190476,-0.0109523809523809,-0.001047619047619,-0.0006666666666666
0.4,-0.0052013333333333,-0.0167619047619047,-0.0013333333333333,-0.0007619047619047
0.45,-0.0055205714285714,-0.0259047619047618,-0.0028571428571428,-0.0004761904761904
0.5,-0.0113718095238095,-0.0494474285714285,-0.0035428571428571,-0.0026285714285714
0.55,-0.0363500952380952,-0.1106710476190475,-0.0340935238095238,-0.0113925714285714
0.6,-0.1116510476190476,-0.2228230476190476,-0.0304590476190476,-0.0196878095238095
0.65,-0.1489495238095238,-0.316056,0.0238660952380952,-0.0282674285714286
0.7,-0.1719419047619047,-0.3411809523809523,0.0598666666666666,0.0072302857142857
0.75,-0.1228222857142856,-0.3300761904761903,0.0355428571428571,0.0002714285714285
0.8,-0.0440571428571428,-0.2513904761904762,0.0237142857142857,0.0230285714285714
0.85,-0.0198666666666666,-0.2398666666666666,0.0087047619047619,-0.0112952380952381
0.9,-0.0057142857142857,-0.2257142857142857,0.0,0.0028571428571428
0.95,0.0,-0.2371428571428571,0.0,-9.992007221626408e-18
1.0,0.0,-0.3114285714285714,0.0,0.0
