alpha,contrast,n_pairs,mean_difference,ci_low,ci_high
0.0,survey-platform,8,-0.0021950910714028556,-0.035564876528060445,0.029315997004308394
0.0,fused-platform,8,-0.02492244893008106,-0.043045812080668495,-0.00639595833146174
0.0,oracle-platform,8,-0.08262924948578804,-0.10838280685138117,-0.05848112278728843
0.25,survey-platform,8,-0.025325189196420225,-0.06749200688258598,0.016366971795204358
0.25,fused-platform,8,-0.038980440264175215,-0.06035408272613361,-0.016909029930895124
0.25,oracle-platform,8,-0.10575934761080541,-0.13957280680656753,-0.07586029073315527
0.5,survey-platform,8,-0.1432822329298189,-0.20343600581783486,-0.08401844562208696
0.5,fused-platform,8,-0.10786226693926793,-0.13503619879105275,-0.0818112927041059
0.5,oracle-platform,8,-0.22371639134420412,-0.2786667321113007,-0.17300062089498852
0.75,survey-platform,8,-0.28413723770564236,-0.3712100657021359,-0.2061327631069166
0.75,fused-platform,8,-0.17815861809568911,-0.22235098849881252,-0.13642041462917257
0.75,oracle-platform,8,-0.36457139612002754,-0.4558757902884552,-0.2803085498826041
1.0,survey-platform,8,-0.251925301958803,-0.3162041518029822,-0.18280704978326517
1.0,fused-platform,8,-0.15834117660104557,-0.19046308088277122,-0.12301527692786796
1.0,oracle-platform,8,-0.3323594603731882,-0.3951595644637781,-0.26611316494502596
