path,bytes,sha256
02_experiment_code/formal_ablation_frozen/研究设计.docx,37998,62A2216DA8FA356926AEF16C57BE8F599C1DC53C6895E191830393F6BD139751
02_experiment_code/formal_ablation_frozen/原始版本/formal_ablation_n50_nonspatial/analyze_formal_ablation.py,19589,A183DB034E534337D79D2900887938F7F224F06C6F8560613E035C7489FBC8AD
02_experiment_code/formal_ablation_frozen/原始版本/formal_ablation_n50_nonspatial/PROTOCOL.md,3197,D499A221FC6AE373A50D6F054EC3F987C177B0BC55EFE080B2E50E162AE15132
02_experiment_code/formal_ablation_frozen/原始版本/formal_ablation_n50_nonspatial/qa_formal_ablation.py,10655,43343252F323C83AA2EB05C932DCB6459651D9E4274B63A0FB6980C56C1EDA37
02_experiment_code/formal_ablation_frozen/原始版本/formal_ablation_n50_nonspatial/run_formal_ablation.py,11762,623E4F37C93A2CAED89EE9A4E358012BB449B6FB1423A709BCBF2442B2037BBC
02_experiment_code/formal_ablation_frozen/原始版本/formal_ablation_n50_nonspatial/verify_unified_model.py,3578,35EE0CF57B73015FBCA8E94DE0C5A8CE17C05F16A3DA4D610466364C792BEF0F
02_experiment_code/formal_ablation_frozen/原始版本/src/src/reverse_black_box_abm/__init__.py,274,B63BBBE15F7600BDE63F750E4F17AB59940A08DAF9C4C7C3E308AD22283088AC
02_experiment_code/formal_ablation_frozen/原始版本/src/src/reverse_black_box_abm/experiments.py,6641,79C4CFDD2C28BAC1AA8B73FC009BC5D346A32FA1912DE8D6D94F8A0EEADEA703
02_experiment_code/formal_ablation_frozen/原始版本/src/src/reverse_black_box_abm/model.py,30348,AB78E6C64AFB6FD487E40A48FBBCD1B09A84EE3FBC9085530F8833DE3543D7EC
02_experiment_code/formal_ablation_frozen/model_validation_round3/src/analyze_five_conditions.py,5520,6FF9CF97EBB08DDAAD4020741F61F94526E8C3C461AE404D9CB6163AF523E497
02_experiment_code/formal_ablation_frozen/model_validation_round3/src/run_no_trust.py,6579,50D2AEC51A3A1F6781357C2BE63700A8B92A8649343B89499BE7F2455368B032
03_data/formal_ablation/processed/ablation_primary_alpha.csv,10083,8E60670B7D60DCE1605DB6790A8B524A0AB2E85A46E9324F3B8DF552B9D9680E
03_data/formal_ablation/processed/auc_effects_5conditions.csv,9895,EED643368D7938696398FE0F5BEFD57BD47FA83E29C0EF397BF49B60EC99A752
03_data/formal_ablation/processed/condition_summary_5conditions.csv,71957,2312A8751D88473F85332642CB00F4EC32A4D0D234549287D5CAF0274CC48F60
03_data/formal_ablation/processed/critical_bootstrap_5conditions.csv,607100,A7ACCE741098E571344C63C4D4D5B034389099F831B353CBDDFE7C56E9E079B6
03_data/formal_ablation/processed/critical_points_5conditions.json,1520,B2CFE41CFDF55091D176E0D90520F5482ABF405AAE1AB93C9C9E4EFE86B087C5
03_data/formal_ablation/processed/fig4_agenda_effect_chart_data.csv,1614,8EE87F4C64E9C4689B86D76242A8FE25B70D2687C26A457C76CADF40ECDF082F
03_data/formal_ablation/processed/five_condition_results.json,7557,62F6A683554BA30C0F5F42FAD8BE82EDC844CF6D7E67AB1CB5140A893C46AF08
03_data/formal_ablation/processed/paired_effects_5conditions.csv,162211,8A5798EC4AAEF8DD5979150470C655023B6448FEF809B5F867BF2743204FDCC0
03_data/formal_ablation/raw/formal_manifest.json,4669,95F614DC0760D2F90A1FD1B193E477F6E6ACC0F5CE9EECC5C1D519F71DD503FC
03_data/formal_ablation/raw/formal_replicates_4conditions.csv,1729219,644104CE8C82D90C4F024D872DA265B2B4580B263527BFEE2CAE3E124B0708C2
03_data/formal_ablation/raw/formal_replicates_5conditions.csv,1507766,FC95B5A40BFEFD62A19284F6070A7B80F83F81A0403F4CB4FE5760F694C1DB91
03_data/formal_ablation/raw/no_trust_manifest.json,3338,9912B9DD4029615364C4BFD976F2AF2D34692A8647B3F5C14DAEECC4422A3BBD
03_data/formal_ablation/raw/no_trust_replicates.csv,1688688,1A466A8FEA648AE0AB0BABFDF521A577C0BFC7560C0492849C2AF3CE28EA0BF5
06_reproducibility/FORMAL_ABLATION_PROVENANCE.md,6814,462706EC5A3DB853D85B1C4DA925BA753B6446BDF997B6D065812E9861EEA7F4
